"Date","vwretd","ewretd","RF","fomc","EqualExcess","EqualLogExcess","ValueExcess","ValueLogExcess"
1994-09-01,-0.00452,-0.000902,0.017,0,-0.017902,-0.107239259842667,-0.02152,-0.470023163816919
1994-09-02,-0.002601,0.003428,0.017,0,-0.013572,0.325215224962062,-0.019601,-0.277437402903257
1994-09-06,0.000327,-0.000356,0.017,0,-0.017356,-0.0526048934680813,-0.016673,0.0156960995514945
1994-09-07,8e-06,0.002477,0.017,0,-0.014523,0.230395174037175,-0.016992,-0.0161985583637287
1994-09-08,0.004577,0.003797,0.017,0,-0.013203,0.361982403943677,-0.012423,0.439657183563102
1994-09-09,-0.00863,-0.001145,0.017,0,-0.018145,-0.131564156494209,-0.02563,-0.883743964319844
1994-09-12,-0.004105,-0.001371,0.017,0,-0.018371,-0.154192623201763,-0.021105,-0.428343419317986
1994-09-13,0.003248,0.004362,0.017,0,-0.012638,0.418252850149211,-0.013752,0.307275109020796
1994-09-14,0.002531,0.002865,0.017,0,-0.014135,0.269091815791219,-0.014469,0.235781686211995
1994-09-15,0.011038,0.005473,0.017,0,-0.011527,0.528809200611999,-0.005962,1.08075403283126
1994-09-16,-0.004598,0.000853,0.017,0,-0.016147,0.0682650850613771,-0.021598,-0.477858886882366
1994-09-19,-0.00081,0.000604,0.017,0,-0.016396,0.0433832113778907,-0.01781,-0.0980313778892144
1994-09-20,-0.013782,-0.005405,0.017,0,-0.022405,-0.558964541236408,-0.030782,-1.4047839034425
1994-09-21,-0.005306,-0.004693,0.017,0,-0.021693,-0.487403225112827,-0.022306,-0.549011236303667
1994-09-22,-0.000808,0.000846,0.017,0,-0.016154,0.0675656792066478,-0.017808,-0.0978312159582122
1994-09-23,-0.003,-0.000352,0.017,0,-0.017352,-0.0522047518179366,-0.02,-0.317449457193618
1994-09-26,0.001808,-0.001699,0.017,0,-0.018699,-0.187043048900178,-0.015192,0.16363819837304
1994-09-27,0.001821,-0.000222,0.017,1,-0.017222,-0.0392010197285081,-0.015179,0.16493584379544
1994-09-28,0.005919,0.004807,0.017,0,-0.012193,0.46254977164029,-0.011081,0.573156598564217
1994-09-29,-0.003335,-0.000561,0.017,0,-0.017561,-0.0731142971015058,-0.020335,-0.351055905935296
1994-09-30,0.002191,0.007184,0.017,0,-0.009816,0.698833244667432,-0.014809,0.201861770806276
1994-10-03,-0.002481,-0.003653,0.018,0,-0.021653,-0.383967230013457,-0.020481,-0.266406658241824
1994-10-04,-0.014293,-0.009442,0.018,0,-0.027442,-0.966684207512279,-0.032293,-1.4576112585707
1994-10-05,-0.00385,-0.007073,0.018,0,-0.025073,-0.727811604345452,-0.02185,-0.403741412924842
1994-10-06,-0.001869,0.002496,0.018,0,-0.015504,0.231290636374564,-0.019869,-0.205073256173815
1994-10-07,0.005892,0.003915,0.018,0,-0.014085,0.372737252903728,-0.012108,0.569472624773927
1994-10-10,0.007458,0.004951,0.018,0,-0.013049,0.475880030156679,-0.010542,0.72503428229026
1994-10-11,0.012321,0.004932,0.018,0,-0.013068,0.473989372839754,-0.005679,1.20657304439407
1994-10-12,0.000321,0.001576,0.018,0,-0.016424,0.139477561332624,-0.017679,0.0140964688578996
1994-10-13,0.003491,0.002382,0.018,0,-0.015618,0.219918373311887,-0.014509,0.330493680222835
1994-10-14,0.001634,0.002222,0.018,0,-0.015778,0.203955120685456,-0.016366,0.145268267251246
1994-10-17,-0.000486,-0.000301,0.018,0,-0.018301,-0.0481029111536091,-0.018486,-0.0666101938221442
1994-10-18,-0.001997,-0.001094,0.018,0,-0.019094,-0.127458265674835,-0.019997,-0.217898046511081
1994-10-19,0.004693,0.003458,0.018,0,-0.014542,0.327205106372381,-0.013307,0.450203840600974
1994-10-20,-0.006178,-0.002597,0.018,0,-0.020597,-0.278036185624924,-0.024178,-0.637714660992999
1994-10-21,-0.003737,0.000701,0.018,0,-0.017299,0.0520770612319961,-0.021737,-0.392398383129196
1994-10-24,-0.007427,-0.004839,0.018,0,-0.022839,-0.503072966993345,-0.025427,-0.763470129024476
1994-10-25,-0.000448,-0.003542,0.018,0,-0.021542,-0.372827153576998,-0.018448,-0.0628084183925609
1994-10-26,0.002656,0.001492,0.018,0,-0.016508,0.131090427191473,-0.015344,0.247249526308053
1994-10-27,0.006009,0.004567,0.018,0,-0.013433,0.437661909724416,-0.011991,0.581103415765322
1994-10-28,0.014662,0.008647,0.018,0,-0.009353,0.842984501931325,-0.003338,1.43755683072458
1994-10-31,-0.001537,0.003114,0.018,0,-0.014886,0.292917774208859,-0.019537,-0.171816619816104
1994-11-01,-0.007543,-0.006536,0.018,0,-0.024536,-0.673743697968314,-0.025543,-0.775157609831521
1994-11-02,-0.002429,0.00064,0.018,0,-0.01736,0.0459811485395674,-0.020429,-0.261193860822983
1994-11-03,0.002398,0.002579,0.018,0,-0.015421,0.239569628436946,-0.015602,0.22151455842949
1994-11-04,-0.008857,-0.001893,0.018,0,-0.019893,-0.20747777908152,-0.026857,-0.907644017595334
1994-11-07,-0.000546,-0.004279,0.018,0,-0.022279,-0.446816492248079,-0.018546,-0.0726132914223078
1994-11-08,0.004834,0.001343,0.018,0,-0.016657,0.116211518017738,-0.013166,0.464236993699329
1994-11-09,-0.000907,-0.001242,0.018,0,-0.019242,-0.14227557231607,-0.018907,-0.108739537532726
1994-11-10,-0.002515,-0.00123,0.018,0,-0.01923,-0.141074087280552,-0.020515,-0.269815172711298
1994-11-11,-0.003899,-0.001375,0.018,0,-0.019375,-0.15559299818748,-0.021899,-0.408660471819517
1994-11-14,0.006481,0.000842,0.018,0,-0.017158,0.0661661914913252,-0.011519,0.628010482002114
1994-11-15,-0.000829,0.000926,0.018,1,-0.017074,0.0745587724546841,-0.018829,-0.100932761246949
1994-11-16,0.000412,0.000232,0.018,0,-0.017768,0.00519892902179276,-0.017588,0.0231931349360571
1994-11-17,-0.004403,-0.001735,0.018,0,-0.019735,-0.191649065762571,-0.022403,-0.45927055535204
1994-11-18,-0.004279,-0.001503,0.018,0,-0.019503,-0.168411443948456,-0.022279,-0.446816492248079
1994-11-21,-0.007224,-0.006752,0.018,0,-0.024752,-0.695488168314402,-0.025224,-0.743020323906339
1994-11-22,-0.017764,-0.012917,0.018,0,-0.030917,-1.31811336744823,-0.035764,-1.81036574376693
1994-11-23,-0.001167,-0.004343,0.018,0,-0.022343,-0.453244202107486,-0.019167,-0.134766527668268
1994-11-25,0.006537,0.007693,0.018,0,-0.010307,0.748357596629015,-0.011463,0.633574267324893
1994-11-28,0.003364,-0.002277,0.018,0,-0.020277,-0.245958010838567,-0.014636,0.317837060769059
1994-11-29,0.002467,0.001916,0.018,0,-0.016084,0.173418301127335,-0.015533,0.228397814910824
1994-11-30,-0.001609,0.004876,0.018,0,-0.013124,0.468416701219928,-0.019609,-0.179027963262465
1994-12-01,-0.009757,-0.008165,0.021,0,-0.029165,-0.840849412998791,-0.030757,-1.00148893801719
1994-12-02,0.00719,0.004695,0.021,0,-0.016305,0.447403491072835,-0.01381,0.695429723093162
1994-12-05,0.000911,-0.001365,0.021,0,-0.022365,-0.157591041422274,-0.020089,0.0700607338260763
1994-12-06,-0.001555,-0.003927,0.021,0,-0.024927,-0.414470886374792,-0.022555,-0.1766188220393
1994-12-07,-0.005231,-0.005726,0.021,0,-0.026726,-0.595243434067065,-0.026231,-0.545470753414214
1994-12-08,-0.013779,-0.011587,0.021,0,-0.032587,-1.18646303374531,-0.034779,-1.4084789516707
1994-12-09,0.001505,-0.003256,0.021,0,-0.024256,-0.347129025545845,-0.019495,0.129389066941999
1994-12-12,0.003751,-0.00208,0.021,0,-0.02308,-0.229214415741108,-0.017249,0.353400458926155
1994-12-13,0.002378,0.000701,0.021,0,-0.020299,0.0490776461177185,-0.018622,0.216519907937229
1994-12-14,0.010255,0.005626,0.021,0,-0.015374,0.540025521739331,-0.010745,0.999279628109457
1994-12-15,0.003645,0.006396,0.021,0,-0.014604,0.616565444025582,-0.017355,0.342839513293254
1994-12-16,0.004653,0.003263,0.021,0,-0.017737,0.304771001471753,-0.016347,0.443223030544732
1994-12-19,-0.001749,-0.002867,0.021,0,-0.023867,-0.308109566979896,-0.022749,-0.196050923932675
1994-12-20,-0.000479,0.001445,0.021,1,-0.019555,0.123397903905682,-0.021479,-0.0689092710233759
1994-12-21,0.006271,0.004789,0.021,0,-0.016211,0.456759126655757,-0.014729,0.60414411450006
1994-12-22,-0.000252,0.001664,0.021,0,-0.019336,0.145263913281365,-0.021252,-0.0462009710421858
1994-12-23,0.002419,0.004064,0.021,0,-0.016936,0.384578630474381,-0.018581,0.220610097617851
1994-12-27,0.004504,-0.000477,0.021,0,-0.021477,-0.0687091753776572,-0.016496,0.428390939247421
1994-12-28,-0.003638,-0.00367,0.021,0,-0.02467,-0.388672892552723,-0.024638,-0.385461156870264
1994-12-29,0.002686,0.003387,0.021,0,-0.017613,0.317129908122921,-0.018314,0.247242119539707
1994-12-30,-0.000819,0.011426,0.021,0,-0.009574,1.11512383211154,-0.021819,-0.102931351681682
1995-01-03,-0.00241,0.004019,0.02,0,-0.015981,0.381096539059767,-0.02241,-0.26128887269564
1995-01-04,0.003331,0.004864,0.02,0,-0.015136,0.465222896825311,-0.016669,0.312548450590888
1995-01-05,-0.000112,0.00306,0.02,0,-0.01694,0.285534772634,-0.020112,-0.0311986275134615
1995-01-06,0.001815,0.00457,0.02,0,-0.01543,0.435960925335046,-0.018185,0.161337487513081
1995-01-09,0.001042,0.002696,0.02,0,-0.017304,0.249239230803787,-0.018958,0.0841477492161287
1995-01-10,0.002056,0.001391,0.02,0,-0.018609,0.119005345303866,-0.017944,0.18539093218711
1995-01-11,-0.000454,0.00052,0.02,0,-0.01948,0.0319884844184795,-0.020454,-0.0654083091869113
1995-01-12,0.000185,0.003075,0.02,0,-0.016925,0.287030185455199,-0.019815,-0.00149971130560179
1995-01-13,0.008543,0.00769,0.02,0,-0.01231,0.746060266394475,-0.011457,0.830673508107254
1995-01-16,0.00783,0.004495,0.02,0,-0.015505,0.428494765700107,-0.01217,0.759952462971553
1995-01-17,0.002278,0.003545,0.02,0,-0.016455,0.333875129549739,-0.017722,0.207542928901013
1995-01-18,-0.001144,0.000922,0.02,0,-0.019078,0.0721595216412355,-0.021144,-0.134463487015952
1995-01-19,-0.005345,-0.002178,0.02,0,-0.022178,-0.23803552942163,-0.025345,-0.555931562056952
1995-01-20,-0.004909,-0.000352,0.02,0,-0.020352,-0.0552041969208175,-0.024909,-0.512106872174103
1995-01-23,-0.000378,-0.004954,0.02,0,-0.024954,-0.51662917390586,-0.020378,-0.0578051462674756
1995-01-24,0.001967,0.003531,0.02,0,-0.016469,0.332480065287077,-0.018033,0.176508798592984
1995-01-25,0.002191,0.000672,0.02,0,-0.019328,0.0471794306437595,-0.017809,0.198862325703395
1995-01-26,0.000549,0.000818,0.02,0,-0.019182,0.0617685617669685,-0.019451,0.0348869351967416
1995-01-27,0.003732,0.002577,0.02,0,-0.017423,0.237370522638894,-0.016268,0.352507336319506
1995-01-30,-0.004442,-0.004205,0.02,0,-0.024205,-0.441384587789868,-0.024442,-0.465187499791807
1995-01-31,0.003962,0.005332,0.02,0,-0.014668,0.511785521410725,-0.016038,0.375419194501695
1995-02-01,0.001851,0.001533,0.021,1,-0.019467,0.132184820192993,-0.019149,0.163931105744913
1995-02-02,0.004623,0.004336,0.021,0,-0.016664,0.411664868441218,-0.016377,0.440236880309301
1995-02-03,0.01228,0.007553,0.021,0,-0.013447,0.731464096105292,-0.00872,1.19952344852757
1995-02-06,0.006086,0.004546,0.021,0,-0.016454,0.432572019858269,-0.014914,0.585757714818376
1995-02-07,-0.000437,0.002004,0.021,0,-0.018996,0.179201671758653,-0.021437,-0.0647073465413452
1995-02-08,0.001453,0.002784,0.021,0,-0.018216,0.257015389653746,-0.019547,0.124196746382937
1995-02-09,-0.000534,0.003819,0.021,0,-0.017181,0.360174817979738,-0.021534,-0.0744120581864619
1995-02-10,0.002483,0.00446,0.021,0,-0.01654,0.424010572052485,-0.018517,0.226994449573382
1995-02-13,0.000329,0.001268,0.021,0,-0.019732,0.105721881384148,-0.020671,0.0118967938280987
1995-02-14,0.001084,0.002185,0.021,0,-0.018815,0.197263840595233,-0.019916,0.0873434943155497
1995-02-15,0.004785,0.004093,0.021,0,-0.016907,0.387466850867709,-0.016215,0.456361032333278
1995-02-16,-0.000453,-0.000529,0.021,0,-0.021529,-0.0739117922951396,-0.021453,-0.0663080588583604
1995-02-17,-0.005077,-0.000604,0.021,0,-0.021604,-0.0814160434569424,-0.026077,-0.529990970582748
1995-02-21,-0.000282,-0.001311,0.021,0,-0.022311,-0.152183806540687,-0.021282,-0.0492017722563351
1995-02-22,0.004093,0.001019,0.021,0,-0.019981,0.0808503218840777,-0.016907,0.387466850867709
1995-02-23,0.004651,0.003127,0.021,0,-0.017873,0.291214315063997,-0.016349,0.443023956636552
1995-02-24,0.001726,0.003224,0.021,0,-0.017776,0.300883610224771,-0.019274,0.151453422065955
1995-02-27,-0.007779,-0.008485,0.021,0,-0.029485,-0.873118049676806,-0.028779,-0.801939220456842
1995-02-28,0.008116,0.006332,0.021,0,-0.014668,0.610205916059402,-0.012884,0.787326444004755
1995-03-01,-0.002976,-0.000396,0.02,0,-0.020396,-0.0596058431372128,-0.022976,-0.31804170960462
1995-03-02,-0.000833,9.1e-05,0.02,0,-0.019909,-0.0108984142915094,-0.020833,-0.103332713995656
1995-03-03,0.001327,0.00298,0.02,0,-0.01702,0.277558859886258,-0.018673,0.112614031097693
1995-03-06,-0.000917,-0.002933,0.02,0,-0.022933,-0.313728967607723,-0.020917,-0.111740070437491
1995-03-07,-0.006949,-0.006461,0.02,0,-0.026461,-0.66819426048649,-0.026949,-0.717323674186923
1995-03-08,0.002114,0.00132,0.02,0,-0.01868,0.111914956323154,-0.017886,0.19117886435017
1995-03-09,0.00073,0.001596,0.02,0,-0.018404,0.139474774283264,-0.01927,0.0529753676935112
1995-03-10,0.011042,0.006641,0.02,0,-0.013359,0.64190657022145,-0.008958,1.07815021994867
1995-03-13,0.000984,0.001099,0.02,0,-0.018901,0.0898416538927124,-0.019016,0.0783536186687506
1995-03-14,0.005573,0.004497,0.02,0,-0.015503,0.428693870524816,-0.014427,0.535754828877148
1995-03-15,-0.001199,0.002314,0.02,0,-0.017686,0.211134682235743,-0.021199,-0.139969937824464
1995-03-16,0.005711,0.004541,0.02,0,-0.015459,0.433074076375281,-0.014289,0.549477406118011
1995-03-17,-0.000415,0.001736,0.02,0,-0.018264,0.153451489099171,-0.020415,-0.0615066138998143
1995-03-20,0.001327,0.000413,0.02,0,-0.019587,0.0212934736308128,-0.018673,0.112614031097693
1995-03-21,-0.002145,-0.001752,0.02,0,-0.021752,-0.195351654961537,-0.022145,-0.23472838102006
1995-03-22,0.000744,0.000421,0.02,0,-0.019579,0.0220931401698703,-0.019256,0.0543743366534106
1995-03-23,0.001076,0.003141,0.02,0,-0.016859,0.293609736213823,-0.018924,0.0875441524254569
1995-03-24,0.009268,0.00621,0.02,0,-0.01379,0.599081740506086,-0.010732,0.902533561521411
1995-03-27,0.004946,0.002552,0.02,0,-0.017448,0.234876917489171,-0.015054,0.473382872150889
1995-03-28,0.001582,0.001961,0.02,1,-0.018039,0.175909974683141,-0.018418,0.13807699535396
1995-03-29,-0.001371,0.000621,0.02,0,-0.019379,0.0420827256624259,-0.021371,-0.157192068304644
1995-03-30,-0.000274,0.004498,0.02,0,-0.015502,0.42879342278851,-0.020274,-0.0474017547524617
1995-03-31,-0.002444,0.003231,0.02,0,-0.016769,0.30258115328507,-0.022444,-0.264697144571812
1995-04-03,0.001327,0.000608,0.023,0,-0.022392,0.0377841688829457,-0.021673,0.109614675958823
1995-04-04,0.004471,0.000981,0.023,0,-0.022019,0.0750545579905727,-0.018529,0.423106121742896
1995-04-05,0.001443,0.002609,0.023,0,-0.020391,0.237562891360326,-0.021557,0.121198632192411
1995-04-06,0.00081,0.001994,0.023,0,-0.021006,0.176204106673771,-0.02219,0.0579698572984486
1995-04-07,-0.000406,0.001308,0.023,0,-0.021692,0.107717175915074,-0.023406,-0.0636055994369567
1995-04-10,0.002456,0.002389,0.023,0,-0.020611,0.215617732224714,-0.020544,0.222301540701174
1995-04-11,-0.001265,0.001525,0.023,0,-0.021475,0.129386481428726,-0.024265,-0.149577434195734
1995-04-12,0.003453,0.003234,0.023,0,-0.019766,0.299880831520817,-0.019547,0.321707852961576
1995-04-13,0.003486,0.005605,0.023,0,-0.017395,0.535937688341133,-0.019514,0.324996443198048
1995-04-17,-0.004416,0.000216,0.023,0,-0.022784,-0.00139968786962793,-0.027416,-0.465575288301931
1995-04-18,-0.002852,-0.001185,0.023,0,-0.024185,-0.141567622171727,-0.025852,-0.30860482552643
1995-04-19,-0.002796,-0.00183,0.023,0,-0.02483,-0.206165004969186,-0.025796,-0.302988966338611
1995-04-20,0.001745,0.003098,0.023,0,-0.019902,0.286323753209919,-0.021255,0.151350570231976
1995-04-21,0.005287,0.00438,0.023,0,-0.01862,0.414046216347996,-0.017713,0.504309932832549
1995-04-24,0.007374,0.005024,0.023,0,-0.017976,0.478144826886211,-0.015626,0.711697142899824
1995-04-25,-0.000673,0.001348,0.023,0,-0.021652,0.111711870960585,-0.023673,-0.0903200120213353
1995-04-26,0.001578,0.003482,0.023,0,-0.019518,0.324597831959602,-0.021422,0.134678271218104
1995-04-27,0.002068,0.003358,0.023,0,-0.019642,0.312240095402846,-0.020932,0.183589107739968
1995-04-28,0.0018,0.003543,0.023,0,-0.019457,0.330676480707753,-0.0212,0.156840838732441
1995-05-01,-0.000731,0.000588,0.024,0,-0.023412,0.0347855991128783,-0.024731,-0.0971238515384562
1995-05-02,0.001006,0.001771,0.024,0,-0.022229,0.152946242398266,-0.022994,0.0765523116506386
1995-05-03,0.009166,0.003985,0.024,0,-0.020015,0.373710971427997,-0.014834,0.888427596110996
1995-05-04,-0.000656,-0.003479,0.024,0,-0.027479,-0.37250369977898,-0.024656,-0.0896186466753631
1995-05-05,-0.000606,0.001353,0.024,0,-0.022647,0.111211431566061,-0.024606,-0.0846154896822575
1995-05-08,0.00638,0.003829,0.024,0,-0.020171,0.358171683394952,-0.01762,0.611976274797441
1995-05-09,0.000402,0.000781,0.024,0,-0.023219,0.0540723973593055,-0.023598,0.0161948015041238
1995-05-10,0.001645,0.002341,0.024,0,-0.021659,0.209829292384443,-0.022355,0.14036772648683
1995-05-11,0.002081,0.003258,0.024,0,-0.020742,0.301273301271531,-0.021919,0.1838866514178
1995-05-12,0.002328,0.003297,0.024,0,-0.020703,0.305160560778986,-0.021672,0.208532320166069
1995-05-15,0.004442,0.003924,0.024,0,-0.020076,0.367634998859642,-0.019558,0.419219223197871
1995-05-16,0.001814,0.002002,0.024,0,-0.021998,0.17600274640579,-0.022186,0.157238548440346
1995-05-17,-0.001481,0.001386,0.024,0,-0.022614,0.114506918397145,-0.025481,-0.172206896910052
1995-05-18,-0.012178,-0.003806,0.024,0,-0.027806,-0.405323245266936,-0.036178,-1.24927306133087
1995-05-19,-0.000678,2.1e-05,0.024,0,-0.023979,-0.0218971425104084,-0.024678,-0.0918201150548611
1995-05-22,0.007301,0.004185,0.024,0,-0.019815,0.393629603880554,-0.016699,0.703450551430224
1995-05-23,0.008524,0.003658,0.024,1,-0.020342,0.341135458461631,-0.015476,0.824790464374624
1995-05-24,1.9e-05,0.001982,0.024,0,-0.022018,0.174006722485373,-0.023981,-0.0220971385104884
1995-05-25,-4e-06,0.001285,0.024,0,-0.022715,0.10442038894866,-0.024004,-0.0243971212607192
1995-05-26,-0.007493,-0.000829,0.024,0,-0.024829,-0.106931501513292,-0.031493,-0.776118475354486
1995-05-30,-0.001714,-0.002317,0.024,0,-0.026317,-0.255965960258873,-0.025714,-0.195544178322858
1995-05-31,0.014017,0.005175,0.024,0,-0.018825,0.49216845009096,-0.009983,1.36796991098445
1995-06-01,0.001633,0.002103,0.021,0,-0.018897,0.189081383778074,-0.019367,0.142169015220571
1995-06-02,0.000428,0.004559,0.021,0,-0.016441,0.433866128429019,-0.020572,0.0217930481039351
1995-06-05,0.006195,0.006303,0.021,0,-0.014697,0.60732412179447,-0.014805,0.596591191863243
1995-06-06,-0.000158,0.002768,0.021,0,-0.018232,0.255419818957963,-0.021158,-0.036799043640144
1995-06-07,-0.002969,0.001251,0.021,0,-0.019749,0.104024019840721,-0.023969,-0.318339417693172
1995-06-08,-0.000491,0.003313,0.021,0,-0.017687,0.309754615350355,-0.021491,-0.0701098533057973
1995-06-09,-0.006979,-3.3e-05,0.021,0,-0.021033,-0.0242978497598493,-0.027979,-0.721344507741376
1995-06-12,0.004966,0.003509,0.021,0,-0.017491,0.3292879870817,-0.016034,0.474373213990545
1995-06-13,0.009127,0.005877,0.021,0,-0.015123,0.56498198477247,-0.011873,0.887562269301741
1995-06-14,0.001013,0.002342,0.021,0,-0.018658,0.212928383933491,-0.019987,0.0802509308653509
1995-06-15,0.002651,0.005252,0.021,0,-0.015748,0.502827839501778,-0.018349,0.24375143443256
1995-06-16,0.004222,0.003432,0.021,0,-0.017568,0.32161461750703,-0.016778,0.400313441186201
1995-06-19,0.009053,0.003597,0.021,0,-0.017403,0.338056831383534,-0.011947,0.880228929358509
1995-06-20,0.000439,0.001738,0.021,0,-0.019262,0.152651347259534,-0.020561,0.022892571460571
1995-06-21,-0.000271,0.00289,0.021,0,-0.01811,0.267585402537065,-0.021271,-0.0481014680222033
1995-06-22,0.011166,0.00576,0.021,0,-0.01524,0.553349667397921,-0.009834,1.08941424743681
1995-06-23,-0.002526,0.000396,0.021,0,-0.020604,0.0185943659607052,-0.023526,-0.273917367381457
1995-06-26,-0.009602,-0.005041,0.021,0,-0.026041,-0.526372665577333,-0.030602,-0.98583743930375
1995-06-27,-0.003244,0.001124,0.021,0,-0.019876,0.091339083185969,-0.024244,-0.345925112829502
1995-06-28,0.003184,0.001243,0.021,0,-0.019757,0.103225016198259,-0.017816,0.296896385292923
1995-06-29,-7.7e-05,0.002433,0.021,0,-0.018567,0.222006709437599,-0.021077,-0.02869809177387
1995-06-30,0.003213,0.009603,0.021,0,-0.011397,0.934720632116135,-0.017787,0.2997871392167
1995-07-03,0.003407,0.002638,0.023,0,-0.020362,0.240455303118281,-0.019593,0.317123577027225
1995-07-05,0.002158,0.002726,0.023,0,-0.020274,0.249231764654091,-0.020842,0.192570130844199
1995-07-06,0.011207,0.005623,0.023,1,-0.017377,0.537727639555066,-0.011793,1.09146933007952
1995-07-07,0.00648,0.009358,0.023,0,-0.013642,0.908451162773634,-0.01652,0.622912150668344
1995-07-10,0.002153,0.00433,0.023,0,-0.01867,0.409067896928038,-0.020847,0.192071206276104
1995-07-11,-0.002973,0.001964,0.023,0,-0.021036,0.17321003194743,-0.025973,-0.320740169731276
1995-07-12,0.011074,0.009441,0.023,0,-0.013559,0.916673873409687,-0.011926,1.07831586622442
1995-07-13,0.000714,0.003033,0.023,0,-0.019967,0.279843618061941,-0.022286,0.0483771669211545
1995-07-14,-0.001359,0.00315,0.023,0,-0.01985,0.29150755900179,-0.024359,-0.158989783204573
1995-07-17,0.004255,0.003729,0.023,0,-0.019271,0.349209096171164,-0.018745,0.401599953073547
1995-07-18,-0.007747,-0.004561,0.023,0,-0.027561,-0.480140665020969,-0.030747,-0.800713744599296
1995-07-19,-0.0162,-0.016478,0.023,0,-0.039478,-1.68452458672779,-0.0392,-1.65626281749526
1995-07-20,0.006041,0.008059,0.023,0,-0.014941,0.779672612823785,-0.016959,0.579285276020783
1995-07-21,0.000911,0.004577,0.023,0,-0.018423,0.433658383321351,-0.022089,0.068061173729231
1995-07-24,0.00706,0.00692,0.023,0,-0.01608,0.666619313378634,-0.01594,0.680522132694169
1995-07-25,0.007442,0.005819,0.023,0,-0.017181,0.557216145872459,-0.015558,0.7184471389318
1995-07-26,0.002274,0.004126,0.023,0,-0.018874,0.38875378492344,-0.020726,0.204144482094777
1995-07-27,0.006876,0.005792,0.023,0,-0.017208,0.554531730247209,-0.016124,0.66224945664965
1995-07-28,-0.002589,0.003507,0.023,0,-0.019493,0.327089126132245,-0.025589,-0.282233081043139
1995-07-31,-0.000732,0.002498,0.023,0,-0.020502,0.226491163007336,-0.023732,-0.0962241596867842
1995-08-01,-0.004613,-0.002444,0.02,0,-0.022444,-0.264697144571812,-0.024613,-0.482365272198427
1995-08-02,-0.001589,0.001081,0.02,0,-0.018919,0.0880436137564125,-0.021589,-0.179024380212859
1995-08-03,-0.000918,-3e-05,0.02,0,-0.02003,-0.0229980452675267,-0.020918,-0.111840162271749
1995-08-04,0.001673,0.00391,0.02,0,-0.01609,0.370239581457475,-0.018327,0.147162209174726
1995-08-07,0.002556,0.003405,0.02,0,-0.016595,0.319923611053804,-0.017444,0.235275898491691
1995-08-08,0.000761,0.001574,0.02,0,-0.018426,0.137278255765027,-0.019239,0.0560730583653633
1995-08-09,0.000135,0.002565,0.02,0,-0.017435,0.236173599927172,-0.019865,-0.00649891143462248
1995-08-10,-0.002697,0.001569,0.02,0,-0.018431,0.136779040282157,-0.022697,-0.290062345957624
1995-08-11,-0.003189,0.000273,0.02,0,-0.019727,0.00729827396144839,-0.023189,-0.339407569950164
1995-08-14,0.007163,0.003481,0.02,0,-0.016519,0.327497534040593,-0.012837,0.693748756620038
1995-08-15,-0.000966,0.001012,0.02,0,-0.018988,0.0811508270549637,-0.020966,-0.116644688136036
1995-08-16,0.004625,0.005419,0.02,0,-0.014581,0.520439004617178,-0.015375,0.441435754807918
1995-08-17,0.000397,0.004514,0.02,0,-0.015486,0.430386245529274,-0.019603,0.0196941213684449
1995-08-18,0.001003,0.004727,0.02,0,-0.015273,0.451588281601393,-0.018997,0.0802517328923265
1995-08-21,-0.002034,0.002055,0.02,0,-0.017945,0.185291137315469,-0.022034,-0.223605138994402
1995-08-22,0.001719,0.00015,0.02,1,-0.01985,-0.00499912515413933,-0.018281,0.151754420784644
1995-08-23,-0.002314,0.00234,0.02,0,-0.01766,0.213728646082019,-0.022314,-0.251666143802587
1995-08-24,-0.00038,0.000285,0.02,0,-0.019715,0.00849793925484593,-0.02038,-0.0580052220962148
1995-08-25,0.004073,0.004275,0.02,0,-0.015725,0.40659081443843,-0.015927,0.38647477870347
1995-08-28,-0.002742,-0.00119,0.02,0,-0.02119,-0.139068861488775,-0.022742,-0.294574617079704
1995-08-29,0.000263,-0.00361,0.02,0,-0.02361,-0.38165117772085,-0.019737,0.00629854188963531
1995-08-30,0.003292,0.005538,0.02,0,-0.014462,0.53227416570107,-0.016708,0.30866132281403
1995-08-31,0.00324,0.004926,0.02,0,-0.015074,0.471392695661972,-0.01676,0.303478250726305
1995-09-01,0.00295,0.004795,0.022,0,-0.017205,0.456356480121785,-0.01905,0.272568148502078
1995-09-05,0.009635,0.003705,0.022,0,-0.018295,0.347817758985852,-0.012365,0.936890359529828
1995-09-06,0.003777,0.004494,0.022,0,-0.017506,0.426395633050845,-0.018223,0.354990924177956
1995-09-07,0.00093,0.004638,0.022,0,-0.017362,0.440730181527159,-0.02107,0.0709592014383378
1995-09-08,0.005084,0.007393,0.022,0,-0.014607,0.714582992121857,-0.016916,0.485114430425434
1995-09-11,0.00269,0.001961,0.022,0,-0.020039,0.173910394594893,-0.01931,0.246641262175874
1995-09-12,0.002906,0.00418,0.022,0,-0.01782,0.395131226526173,-0.019094,0.268180994089493
1995-09-13,0.003782,0.003658,0.022,0,-0.018342,0.343134998567474,-0.018218,0.355489041543374
1995-09-14,0.005629,0.004294,0.022,0,-0.017706,0.406483128529626,-0.016371,0.539324057890569
1995-09-15,-0.001785,-0.00177,0.022,0,-0.02377,-0.199154410441699,-0.023785,-0.200657081439426
1995-09-18,-0.001251,-0.002554,0.022,0,-0.024554,-0.277724282538346,-0.023251,-0.147175895726709
1995-09-19,0.00306,0.002038,0.022,0,-0.019962,0.181595029171845,-0.01894,0.283535192545752
1995-09-20,0.004517,0.003971,0.022,0,-0.018029,0.37431605866732,-0.017483,0.428685316880451
1995-09-21,-0.005694,-0.002411,0.022,0,-0.024411,-0.263388694416343,-0.027694,-0.593024842180727
1995-09-22,-0.003089,-0.001202,0.022,0,-0.023202,-0.142269878495592,-0.025089,-0.33137566118652
1995-09-25,-0.001723,-0.002898,0.022,0,-0.024898,-0.312218313608129,-0.023723,-0.194446187529515
1995-09-26,-0.00092,-0.002182,0.022,1,-0.024182,-0.240435983414992,-0.02292,-0.114039926329064
1995-09-27,-0.003042,-0.009185,0.022,0,-0.031185,-0.94474180036903,-0.025042,-0.326661209032571
1995-09-28,0.009013,0.008326,0.022,0,-0.013674,0.807155425742721,-0.012987,0.875264952853211
1995-09-29,-0.000533,0.006444,0.022,0,-0.015556,0.620335039556961,-0.022533,-0.0753117898542079
1995-10-02,-0.005999,-0.00738,0.021,0,-0.02838,-0.761734488150869,-0.026999,-0.622704424293828
1995-10-03,-0.001508,-0.006408,0.021,0,-0.027408,-0.663859731821365,-0.022508,-0.171911612947709
1995-10-04,-0.004286,-0.006626,0.021,0,-0.027626,-0.685802734457013,-0.025286,-0.450518918005438
1995-10-05,0.003057,0.001273,0.021,0,-0.019727,0.10622124694021,-0.017943,0.284235892344206
1995-10-06,0.000402,0.002362,0.021,0,-0.018638,0.214923690971404,-0.020598,0.0191941266561895
1995-10-09,-0.010338,-0.012665,0.021,0,-0.033665,-1.29558627283981,-0.031338,-1.0601786243079
1995-10-10,-0.002383,-0.006924,0.021,0,-0.027924,-0.715806006851031,-0.023383,-0.259582181643575
1995-10-11,0.006184,0.007425,0.021,0,-0.013575,0.718759242734964,-0.014816,0.595497958431557
1995-10-12,0.007779,0.006831,0.021,0,-0.014169,0.659779647567415,-0.013221,0.753892162641957
1995-10-13,0.003675,0.006273,0.021,0,-0.014727,0.604342867918619,-0.017325,0.345828573333729
1995-10-16,-0.001723,-0.000939,0.021,0,-0.021939,-0.114941908975969,-0.022723,-0.193446402483292
1995-10-17,0.005781,0.001365,0.021,0,-0.019635,0.115409128131391,-0.015219,0.555437618874005
1995-10-18,0.002234,0.002176,0.021,0,-0.018824,0.196365798775415,-0.018766,0.202153037914732
1995-10-19,0.003052,0.000323,0.021,0,-0.020677,0.0112969893643521,-0.017948,0.283737414943425
1995-10-20,-0.005519,0.000506,0.021,0,-0.020494,0.0295894072081843,-0.026519,-0.574426390162961
1995-10-23,-0.004174,-0.006032,0.021,0,-0.027032,-0.626024395581412,-0.025174,-0.439271340741806
1995-10-24,0.001494,0.000321,0.021,0,-0.020679,0.0110970537436219,-0.019506,0.12829071392234
1995-10-25,-0.008046,-0.005665,0.021,0,-0.026665,-0.589108492505487,-0.029046,-0.828852169325927
1995-10-26,-0.009282,-0.009063,0.021,0,-0.030063,-0.93142967753744,-0.030282,-0.953532414985843
1995-10-27,0.004087,0.000552,0.021,0,-0.020448,0.0341869750955821,-0.016913,0.38686929487173
1995-10-30,0.006414,0.002429,0.021,0,-0.018571,0.221607679479427,-0.014586,0.618353988398919
1995-10-31,-0.001672,0.002263,0.021,0,-0.018737,0.205046531893722,-0.022672,-0.18833773051151
1995-11-01,0.004875,0.001438,0.02,0,-0.018562,0.123698706545252,-0.015125,0.466317566332158
1995-11-02,0.010436,0.007523,0.02,0,-0.012477,0.729486335958111,-0.009564,1.01819408704458
1995-11-03,0.003264,0.005387,0.02,0,-0.014613,0.517256201303213,-0.016736,0.305870471225356
1995-11-06,-0.002361,-0.000258,0.02,0,-0.020258,-0.0458013290391879,-0.022361,-0.256377155793986
1995-11-07,-0.004717,-0.002934,0.02,0,-0.022934,-0.313829261820797,-0.024717,-0.492814015595838
1995-11-08,0.007,0.002591,0.02,0,-0.017409,0.238766914362703,-0.013,0.677563373375898
1995-11-09,0.004575,0.003777,0.02,0,-0.016223,0.356990504266204,-0.015425,0.436458649491342
1995-11-10,-0.000903,0.00144,0.02,0,-0.01856,0.123898419158802,-0.020903,-0.110338795277072
1995-11-13,-0.001167,-0.002608,0.02,0,-0.022608,-0.281138675916935,-0.021167,-0.136766147740521
1995-11-14,-0.006277,-0.004516,0.02,0,-0.024516,-0.472620793517813,-0.026277,-0.649676319668843
1995-11-15,0.0052,0.000311,0.02,1,-0.019689,0.0110971646858139,-0.0148,0.498654668463379
1995-11-16,0.0059,0.003591,0.02,0,-0.016409,0.338458775103209,-0.0141,0.568268315548923
1995-11-17,0.004088,0.003485,0.02,0,-0.016515,0.327896145676267,-0.015912,0.387968682827719
1995-11-20,-0.005223,-0.002705,0.02,0,-0.022705,-0.290864512609755,-0.025223,-0.543666754800113
1995-11-21,0.002169,-0.003825,0.02,0,-0.023825,-0.403231402289121,-0.017831,0.19666711127077
1995-11-22,-0.001977,0.002134,0.02,0,-0.017866,0.193174625353864,-0.021977,-0.217893684671208
1995-11-24,0.003538,0.004109,0.02,0,-0.015891,0.390060111108985,-0.016462,0.333177599851163
1995-11-27,0.001778,-0.002048,0.02,0,-0.022048,-0.225008002238306,-0.018222,0.15764412264265
1995-11-28,0.007714,0.003538,0.02,0,-0.016462,0.333177599851163,-0.012286,0.748441922876365
1995-11-29,0.004225,0.004116,0.02,0,-0.015884,0.390757244149359,-0.015775,0.401611974507105
1995-11-30,-0.000103,0.006531,0.02,0,-0.013469,0.630978542203032,-0.020103,-0.0302985307530537
1995-12-01,0.001554,0.004807,0.024,0,-0.019193,0.455551206343319,-0.022446,0.131282258686317
1995-12-04,0.01038,0.004301,0.024,0,-0.019699,0.405180593046421,-0.01362,1.00865265126963
1995-12-05,0.004662,0.000797,0.024,0,-0.023203,0.0556711359545879,-0.019338,0.441119533075241
1995-12-06,0.002132,-0.001102,0.024,0,-0.025102,-0.134257885306726,-0.021868,0.188975930851773
1995-12-07,-0.006554,-0.002253,0.024,0,-0.026253,-0.249551302764303,-0.030554,-0.68155429684934
1995-12-08,0.002035,0.003262,0.024,0,-0.020738,0.301672001508758,-0.021965,0.179296098774332
1995-12-11,0.002498,-0.000842,0.024,0,-0.024842,-0.108232588571548,-0.021502,0.225491397952116
1995-12-12,-0.002472,-0.002891,0.024,0,-0.026891,-0.313515821682253,-0.026472,-0.271503164124711
1995-12-13,0.004343,0.003537,0.024,0,-0.020463,0.329078832160094,-0.019657,0.409362518764081
1995-12-14,-0.007732,-0.001808,0.024,0,-0.025808,-0.204960760931778,-0.031732,-0.800201809853881
1995-12-15,-0.002674,-0.00251,0.024,0,-0.02651,-0.275312653563362,-0.026674,-0.291755272869553
1995-12-18,-0.017154,-0.018264,0.024,0,-0.042264,-1.86728170798579,-0.041154,-1.75428055882372
1995-12-19,0.009824,0.005562,0.024,1,-0.018438,0.530661799025068,-0.014176,0.953608703822908
1995-12-20,-0.004647,0.006303,0.024,0,-0.017697,0.604324796642404,-0.028647,-0.489780207617339
1995-12-21,0.007078,0.006126,0.024,0,-0.017874,0.586734113894699,-0.016922,0.681309732754991
1995-12-22,0.003412,0.006339,0.024,0,-0.017661,0.607902183977444,-0.020588,0.316622113014601
1995-12-26,0.00318,0.000366,0.024,0,-0.023634,0.0125961833730977,-0.02082,0.293498328903654
1995-12-27,0.001562,0.002153,0.024,0,-0.021847,0.191071441220884,-0.022438,0.132081014225192
1995-12-28,-0.000305,-0.001209,0.024,0,-0.025209,-0.144970263469926,-0.024305,-0.0545017726566876
1995-12-29,0.004453,0.011308,0.024,0,-0.012692,1.10045713001976,-0.019547,0.420314352609823
1996-01-02,0.006606,0.010979,0.019,0,-0.008021,1.07291863569644,-0.012394,0.639429404971823
1996-01-03,-0.000155,0.005154,0.019,0,-0.013846,0.495078165049458,-0.019155,-0.0344993966027444
1996-01-04,-0.007674,-0.005707,0.019,0,-0.024707,-0.591332910191077,-0.026674,-0.789357860398522
1996-01-05,-0.001023,0.005605,0.019,0,-0.013395,0.539936848518029,-0.020023,-0.121350557392643
1996-01-08,0.002686,0.003672,0.019,0,-0.015328,0.347529271430216,-0.016314,0.249241719619758
1996-01-09,-0.015878,-0.009698,0.019,0,-0.028698,-0.993531381918218,-0.034878,-1.61953878276809
1996-01-10,-0.015552,-0.009776,0.019,0,-0.028776,-1.00140807730523,-0.034552,-1.58641829398891
1996-01-11,0.008433,0.007646,0.019,0,-0.011354,0.742693553888331,-0.010567,0.82076589529707
1996-01-12,-0.000991,0.001175,0.019,0,-0.017825,0.09843282754827,-0.019991,-0.118147331744141
1996-01-15,-0.005273,-0.004784,0.019,0,-0.023784,-0.498546190832638,-0.024273,-0.547693328197167
1996-01-16,0.009982,0.000365,0.019,0,-0.018635,0.0174951451418598,-0.009018,0.974252695989401
1996-01-17,-0.00053,0.000592,0.019,0,-0.018408,0.040184288484153,-0.01953,-0.0720122451931409
1996-01-18,0.003797,0.004854,0.019,0,-0.014146,0.465227537367613,-0.015203,0.359982763878822
1996-01-19,0.005719,0.003974,0.019,0,-0.015026,0.377614256759089,-0.013281,0.551272665136543
1996-01-22,0.004291,0.00598,0.019,0,-0.01302,0.577220881193164,-0.014709,0.409183795901859
1996-01-23,-4e-06,0.001981,0.019,0,-0.017019,0.178905845475631,-0.019004,-0.0193981960286029
1996-01-24,0.010247,0.005771,0.019,0,-0.013229,0.556442961783464,-0.008753,1.00048734577612
1996-01-25,-0.003688,0.001772,0.019,0,-0.017228,0.158044990793649,-0.022688,-0.388479939125758
1996-01-26,0.006238,0.003949,0.019,0,-0.015051,0.375124121430066,-0.012762,0.602864226140262
1996-01-29,0.004041,0.003282,0.019,0,-0.015718,0.308664404083077,-0.014959,0.384287513684447
1996-01-30,0.009156,0.00482,0.019,0,-0.01418,0.461843904001879,-0.009844,0.892435599181031
1996-01-31,0.007995,0.006586,0.019,1,-0.012414,0.637442510527512,-0.011005,0.777322736712813
1996-02-01,0.004625,0.005479,0.02,0,-0.014521,0.526406487803078,-0.015375,0.441435754807918
1996-02-02,-0.002224,0.003317,0.02,0,-0.016683,0.311153088773547,-0.022224,-0.242645676355847
1996-02-05,0.007056,0.00294,0.02,0,-0.01706,0.27357066494276,-0.012944,0.683124291246546
1996-02-06,0.006829,0.003768,0.02,0,-0.016232,0.356093886755756,-0.013171,0.66058079934295
1996-02-07,0.00353,-9.8e-05,0.02,0,-0.020098,-0.029798480498002,-0.01647,0.33238041709502
1996-02-08,0.007736,0.004508,0.02,0,-0.015492,0.429788939974629,-0.012264,0.750625058156414
1996-02-09,0.000908,0.002865,0.02,0,-0.017135,0.266092370688338,-0.019092,0.0707608014701692
1996-02-12,0.005465,0.000707,0.02,0,-0.019293,0.0506770190569054,-0.014535,0.525014106911295
1996-02-13,-0.001932,-0.002163,0.02,0,-0.022163,-0.236532266589625,-0.021932,-0.213384872196464
1996-02-14,-0.004077,0.00265,0.02,0,-0.01735,0.244651493823927,-0.024077,-0.428531362566596
1996-02-15,-0.002696,0.002117,0.02,0,-0.017883,0.191478231039938,-0.022696,-0.289962075578546
1996-02-16,-0.003411,0.002945,0.02,0,-0.017055,0.274069198009213,-0.023411,-0.36168107260069
1996-02-20,-0.010383,-0.006934,0.02,0,-0.026934,-0.715813189155046,-0.030383,-1.0637259396033
1996-02-21,0.010269,0.00782,0.02,0,-0.01218,0.758960227216329,-0.009731,1.00166520228603
1996-02-22,0.015227,0.009082,0.02,0,-0.010918,0.884102664944847,-0.004773,1.49122528063949
1996-02-23,0.00066,0.001987,0.02,0,-0.018013,0.178504852394684,-0.01934,0.0459802293118321
1996-02-26,-0.009785,-0.001442,0.02,0,-0.021442,-0.164302068522942,-0.029785,-1.00331677173597
1996-02-27,-0.004139,-0.001027,0.02,0,-0.021027,-0.12275077285135,-0.024139,-0.434756937229313
1996-02-28,-0.001597,0.003456,0.02,0,-0.016544,0.325006175318193,-0.021597,-0.179825656646222
1996-02-29,-0.00546,-0.000221,0.02,0,-0.020221,-0.0421004426764817,-0.02546,-0.567494028293607
1996-03-01,0.002595,0.002093,0.019,0,-0.016907,0.190083077465728,-0.016405,0.240165684883233
1996-03-04,0.008815,0.003033,0.019,0,-0.015967,0.283842778238837,-0.010185,0.85863927572091
1996-03-05,0.006696,0.002147,0.019,0,-0.016853,0.195471653685448,-0.012304,0.648369941469572
1996-03-06,-0.003446,0.000873,0.019,0,-0.018127,0.0682637204848422,-0.022446,-0.364193308595706
1996-03-07,0.001881,0.001188,0.019,0,-0.017812,0.0997312934108716,-0.017119,0.1689251182516
1996-03-08,-0.028423,-0.020177,0.019,0,-0.039177,-2.05733178270591,-0.047423,-2.90247363797235
1996-03-11,0.009471,0.007851,0.019,0,-0.011149,0.76303593104959,-0.009529,0.923644931321819
1996-03-12,-0.004628,-0.001679,0.019,0,-0.020679,-0.187039305249871,-0.023628,-0.482872430082611
1996-03-13,0.004563,0.005669,0.019,0,-0.013331,0.546300973945156,-0.014437,0.436263912392378
1996-03-14,0.004255,0.00621,0.019,0,-0.01279,0.600081545544112,-0.014745,0.405599113250443
1996-03-15,0.001546,0.003758,0.019,0,-0.015242,0.35609744068669,-0.017454,0.135482421999404
1996-03-18,0.014236,0.007087,0.019,0,-0.011913,0.687202328565244,-0.004764,1.39456377539339
1996-03-19,-0.001154,0.001704,0.019,0,-0.017296,0.1512567886863,-0.020154,-0.134464832299654
1996-03-20,-0.002589,0.000542,0.019,0,-0.018458,0.035187121876579,-0.021589,-0.278233920866243
1996-03-21,-0.000676,0.003227,0.019,0,-0.015773,0.303182245765942,-0.019676,-0.0866210543310168
1996-03-22,0.002254,0.003684,0.019,0,-0.015316,0.348724874003964,-0.016746,0.206148160043372
1996-03-25,-0.002546,-0.002342,0.019,0,-0.021342,-0.25347287237499,-0.021546,-0.273922852196768
1996-03-26,0.003078,-0.000338,0.019,0,-0.019338,-0.0528039087160762,-0.015922,0.288329070373972
1996-03-27,-0.00312,0.001524,0.019,0,-0.017476,0.133285793823565,-0.02212,-0.331485929981093
1996-03-28,0.000335,0.000606,0.019,0,-0.018394,0.0415834503861965,-0.018665,0.0144961947742636
1996-03-29,-0.001664,0.008469,0.019,0,-0.010531,0.824335726652666,-0.020664,-0.185536793801957
1996-04-01,0.010206,0.002314,0.022,0,-0.019686,0.209135102147495,-0.011794,0.993429464856517
1996-04-02,0.002373,0.002516,0.022,0,-0.019484,0.229286436742804,-0.019627,0.215021307826191
1996-04-03,0.001396,0.00415,0.022,0,-0.01785,0.39214366970013,-0.020604,0.117505069435189
1996-04-04,0.000545,0.002272,0.022,0,-0.019728,0.204944710714437,-0.021455,0.0324875737888748
1996-04-08,-0.015994,-0.011613,0.022,0,-0.033613,-1.19009333275364,-0.037994,-1.63432601910468
1996-04-09,-0.000829,0.003381,0.022,0,-0.018619,0.315532146628995,-0.022829,-0.10493196140745
1996-04-10,-0.010693,-0.000315,0.022,0,-0.022315,-0.0535025426469835,-0.032693,-1.09705567714436
1996-04-11,-0.005032,-0.002527,0.022,0,-0.024527,-0.275017405717618,-0.027032,-0.526467894828288
1996-04-12,0.008021,0.006166,0.022,0,-0.015834,0.592709220171382,-0.013979,0.776902696195058
1996-04-15,0.008047,0.006308,0.022,0,-0.015692,0.606821203753347,-0.013953,0.779481974275108
1996-04-16,0.005015,0.00443,0.022,0,-0.01757,0.420024062994272,-0.016985,0.478249096924238
1996-04-17,-0.0045,0.000593,0.022,0,-0.021407,0.0372848441429638,-0.0265,-0.473013128143482
1996-04-18,0.00479,0.006817,0.022,0,-0.015183,0.65738935136927,-0.01721,0.45585886494253
1996-04-19,0.002396,0.004296,0.022,0,-0.017704,0.406682273203253,-0.019604,0.217315836522615
1996-04-22,0.00595,0.006027,0.022,0,-0.015973,0.578893448004289,-0.01605,0.571239284955945
1996-04-23,0.006042,0.005937,0.022,0,-0.016063,0.569946965854506,-0.015958,0.580384450549458
1996-04-24,0.000204,0.003865,0.022,0,-0.018135,0.363757427374876,-0.021796,-0.00159966087192927
1996-04-25,0.004664,0.007275,0.022,0,-0.014725,0.702868903236251,-0.017336,0.443318144909613
1996-04-26,0.001817,0.006483,0.022,0,-0.015517,0.624209993790759,-0.020183,0.159537544883209
1996-04-29,0.00104,0.003306,0.022,0,-0.018694,0.308057139312466,-0.02096,0.0819483771113697
1996-04-30,0.00046,0.004025,0.022,0,-0.017975,0.379694555438531,-0.02154,0.0239918428885396
1996-05-01,0.002329,0.006463,0.019,0,-0.012537,0.625222241656454,-0.016671,0.213631013089117
1996-05-02,-0.015375,-0.005723,0.019,0,-0.024723,-0.592942106749442,-0.034375,-1.56844029109347
1996-05-03,-0.000711,0.004976,0.019,0,-0.014024,0.477367867659214,-0.019711,-0.0901234832658409
1996-05-06,-0.001348,0.002116,0.019,0,-0.016884,0.192378247280952,-0.020348,-0.153889132159776
1996-05-07,-0.003479,-0.00138,0.019,0,-0.02038,-0.157093502921769,-0.022479,-0.367504774546863
1996-05-08,0.00575,-0.000819,0.019,0,-0.019819,-0.100931751601631,-0.01325,0.554354989547454
1996-05-09,0.002651,0.006562,0.019,0,-0.012438,0.635058185082871,-0.016349,0.245751034512611
1996-05-10,0.010629,0.00846,0.019,0,-0.01054,0.823443280760911,-0.008371,1.03829273359307
1996-05-13,0.012823,0.006811,0.019,0,-0.012189,0.659792797225727,-0.006177,1.25514995183311
1996-05-14,0.007136,0.00673,0.019,0,-0.01227,0.651747269467048,-0.011864,0.692067728276166
1996-05-15,-2.1e-05,0.003384,0.019,0,-0.015616,0.31883052042609,-0.019021,-0.0210982172789095
1996-05-16,0.000458,0.003129,0.019,0,-0.015871,0.293413291494822,-0.018542,0.0267913197726967
1996-05-17,0.005479,0.006682,0.019,0,-0.012318,0.646979243845953,-0.013521,0.527406292841104
1996-05-20,0.005924,0.005679,0.019,0,-0.013321,0.547295331957801,-0.013076,0.571654015178239
1996-05-21,-0.000341,0.001823,0.019,1,-0.017177,0.163135839993314,-0.019341,-0.0531040106006662
1996-05-22,0.006079,0.005226,0.019,0,-0.013774,0.50224098999109,-0.012921,0.58706154690723
1996-05-23,-0.002412,0.001558,0.019,0,-0.017442,0.136680562485384,-0.021412,-0.260489551023008
1996-05-24,0.002491,0.005933,0.019,0,-0.013067,0.572548710974218,-0.016509,0.229792064989297
1996-05-28,-0.008475,-0.004443,0.019,0,-0.023443,-0.464288140986169,-0.027475,-0.870109897071331
1996-05-29,-0.00637,-0.003029,0.019,0,-0.022029,-0.322357865741269,-0.02537,-0.658035697430036
1996-05-30,0.005152,0.004816,0.019,0,-0.014184,0.461445821961151,-0.013848,0.494879190366002
1996-05-31,-0.001355,0.00589,0.019,0,-0.01311,0.568273981039572,-0.020355,-0.154590079490096
1996-06-03,-0.002304,-0.00191,0.02,0,-0.02191,-0.211180637862218,-0.022304,-0.250663829458758
1996-06-04,0.006593,0.003629,0.02,0,-0.016371,0.34224510644751,-0.013407,0.637138123035569
1996-06-05,0.006874,0.00481,0.02,0,-0.01519,0.459848890890717,-0.013126,0.665050177399942
1996-06-06,-0.007386,-0.004247,0.02,0,-0.024247,-0.445602412316942,-0.027386,-0.761339155857318
1996-06-07,-0.002097,-0.004947,0.02,0,-0.024947,-0.515925691315293,-0.022097,-0.229918178579758
1996-06-10,-0.000847,0.000564,0.02,0,-0.019436,0.0363861009110496,-0.020847,-0.10473389098435
1996-06-11,-0.001095,0.00011,0.02,0,-0.01989,-0.00899860522226367,-0.021095,-0.129557995317012
1996-06-12,-0.000606,0.001549,0.02,0,-0.018451,0.134782153428695,-0.020606,-0.080616369488167
1996-06-13,-0.002772,-0.002693,0.02,0,-0.022693,-0.289661265044562,-0.022772,-0.29758291094612
1996-06-14,-0.004141,-0.00227,0.02,0,-0.02227,-0.247256035834411,-0.024141,-0.434957768671484
1996-06-17,-0.00187,-0.002679,0.02,0,-0.022679,-0.288257494516902,-0.02187,-0.207173063546226
1996-06-18,-0.007164,-0.009437,0.02,0,-0.029437,-0.968179062857894,-0.027164,-0.738976467204855
1996-06-19,-0.001008,-0.0042,0.02,0,-0.0242,-0.440882477672097,-0.021008,-0.120848837632208
1996-06-20,-0.003086,-0.00729,0.02,0,-0.02729,-0.75166819030461,-0.023086,-0.329075151979617
1996-06-21,0.005643,0.003169,0.02,0,-0.016831,0.296400929997616,-0.014357,0.542715791799904
1996-06-24,0.003633,0.002033,0.02,0,-0.017967,0.183095624942671,-0.016367,0.342643659302096
1996-06-25,-0.00213,-0.004747,0.02,0,-0.024747,-0.495828279090924,-0.02213,-0.233225167901992
1996-06-26,-0.007863,-0.009749,0.02,0,-0.029749,-0.99968126372887,-0.027863,-0.809405639681615
1996-06-27,0.005843,0.001019,0.02,0,-0.018981,0.0818501169261024,-0.014157,0.562601587739729
1996-06-28,0.007407,0.013954,0.02,0,-0.006046,1.36575592457886,-0.012593,0.717972288310981
1996-07-01,0.007609,0.003798,0.02,0,-0.016202,0.359082580527441,-0.012391,0.738021756967971
1996-07-02,-0.002411,-0.000652,0.02,0,-0.020652,-0.0852192647100738,-0.022411,-0.261389114328095
1996-07-03,-0.003111,-0.001768,0.02,1,-0.021768,-0.19695447592647,-0.023111,-0.331582922306105
1996-07-05,-0.019582,-0.010211,0.02,0,-0.030211,-1.0463469885005,-0.039582,-1.99762476462647
1996-07-08,-0.008261,-0.009267,0.02,0,-0.029267,-0.951018577961424,-0.028261,-0.849529115679055
1996-07-09,0.003554,0.000784,0.02,0,-0.019216,0.0583712829869443,-0.016446,0.334771946298694
1996-07-10,-0.001906,-0.008431,0.02,0,-0.028431,-0.86667219183428,-0.021906,-0.210779873203249
1996-07-11,-0.017939,-0.021126,0.02,0,-0.041126,-2.15523274951198,-0.037939,-1.83018344333154
1996-07-12,6.3e-05,-0.000831,0.02,0,-0.020831,-0.103132547457096,-0.019937,-0.0136981987082922
1996-07-15,-0.026169,-0.025244,0.02,0,-0.045244,-2.57680757165733,-0.046169,-2.67174816907287
1996-07-16,-0.005379,-0.013434,0.02,0,-0.033434,-1.37250325669451,-0.025379,-0.559349891137814
1996-07-17,0.014059,0.022831,0.02,0,0.002831,2.23742929287287,-0.005941,1.37611088779594
1996-07-18,0.015964,0.014436,0.02,0,-0.005564,1.41328130274305,-0.004036,1.56379354549917
1996-07-19,-0.007259,-0.000972,0.02,0,-0.020972,-0.117245270099961,-0.027259,-0.748545474105367
1996-07-22,-0.009244,-0.010267,0.02,0,-0.030267,-1.05200492006327,-0.029244,-0.948697091442848
1996-07-23,-0.014118,-0.015921,0.02,0,-0.035921,-1.62490806023366,-0.034118,-1.44185870002362
1996-07-24,-0.002817,-0.016077,0.02,0,-0.036077,-1.64076170269202,-0.022817,-0.3020955214369
1996-07-25,0.009209,0.010803,0.02,0,-0.009197,1.05450844710127,-0.010791,0.896687569715033
1996-07-26,0.009107,0.009236,0.02,0,-0.010764,0.899362896513793,-0.010893,0.886580133606234
1996-07-29,-0.007401,-0.003718,0.02,0,-0.023718,-0.392490894453533,-0.027401,-0.762850328713862
1996-07-30,0.004731,-0.000127,0.02,0,-0.020127,-0.0326988067849126,-0.015269,0.451986398904667
1996-07-31,0.007394,0.007411,0.02,0,-0.012589,0.718369346506809,-0.012606,0.71668183828637
1996-08-01,0.015414,0.00745,0.019,0,-0.01155,0.723240386335212,-0.003586,1.51064291537056
1996-08-02,0.018206,0.013607,0.019,0,-0.005393,1.33252741260075,-0.000794,1.78522732683655
1996-08-05,-0.002568,-0.000305,0.019,0,-0.019305,-0.0495028474245713,-0.021568,-0.27612849201788
1996-08-06,0.002969,0.002336,0.019,0,-0.016664,0.214329384138647,-0.016031,0.27746192717072
1996-08-07,0.004062,0.005227,0.019,0,-0.013773,0.502340470058517,-0.014938,0.386379039866198
1996-08-08,-0.001242,0.001627,0.019,0,-0.017373,0.143569591709074,-0.020242,-0.143275387350297
1996-08-09,-0.00237,0.001608,0.019,0,-0.017392,0.141672659996063,-0.02137,-0.256279484753938
1996-08-12,0.005302,0.000253,0.019,0,-0.018747,0.00629860486110607,-0.013698,0.50980119308562
1996-08-13,-0.007495,-0.004188,0.019,0,-0.023188,-0.438677618637595,-0.026495,-0.771321060239185
1996-08-14,0.003878,0.004276,0.019,0,-0.014724,0.407690193746663,-0.015122,0.368051798961089
1996-08-15,0.001143,0.00198,0.019,0,-0.01702,0.178806043134168,-0.017857,0.0952365320544749
1996-08-16,0.004323,0.004971,0.019,0,-0.014029,0.476870342102569,-0.014677,0.412370072608355
1996-08-19,0.001181,0.000183,0.019,0,-0.018817,-0.000699869474345892,-0.017819,0.0990321215799026
1996-08-20,-0.001032,0.000682,0.019,1,-0.018318,0.0491785591398126,-0.020032,-0.122251483093807
1996-08-21,-0.000572,0.00071,0.019,0,-0.01829,0.0519766116954166,-0.019572,-0.0762145606695865
1996-08-22,0.008468,0.006383,0.019,0,-0.012617,0.617273297719151,-0.010532,0.824236566391339
1996-08-23,-0.003311,0.002157,0.019,0,-0.016843,0.196469506306616,-0.022311,-0.350647544210087
1996-08-26,-0.003433,-0.001028,0.019,0,-0.020028,-0.121851070669009,-0.022433,-0.3628888218134
1996-08-27,0.004133,0.004507,0.019,0,-0.014493,0.430689193740016,-0.014867,0.393450066338188
1996-08-28,0.00035,0.004003,0.019,0,-0.014997,0.3805027360596,-0.01865,0.0159956812001909
1996-08-29,-0.008978,-0.001839,0.019,0,-0.020839,-0.203067498876714,-0.027978,-0.920852705266329
1996-08-30,-0.005871,0.002127,0.019,0,-0.016873,0.193475918571321,-0.024871,-0.607828402634016
1996-09-03,0.001608,-0.003744,0.022,0,-0.025744,-0.39710021147041,-0.020392,0.138673274869789
1996-09-04,0.001737,0.00221,0.022,0,-0.01979,0.198758573845184,-0.020263,0.151551735661943
1996-09-05,-0.009316,-0.003963,0.022,0,-0.025963,-0.4190849296702,-0.031316,-0.957964113394759
1996-09-06,0.009639,0.00674,0.022,0,-0.01526,0.64974119439755,-0.012361,0.937286541523951
1996-09-09,0.009556,0.003838,0.022,0,-0.018162,0.361067786526441,-0.012444,0.92906544350749
1996-09-10,0.000703,-1e-04,0.022,0,-0.0221,-0.0319980803882106,-0.021297,0.0482777207699868
1996-09-11,0.004259,0.001972,0.022,0,-0.020028,0.17500823569039,-0.017741,0.402998032542262
1996-09-12,0.006305,0.004639,0.022,0,-0.017361,0.440829719818794,-0.015695,0.606523083846539
1996-09-13,0.012654,0.007018,0.022,0,-0.014982,0.677351264899172,-0.009346,1.2354631394596
1996-09-16,0.004973,0.002123,0.022,0,-0.019877,0.190077381642626,-0.017027,0.474069967495992
1996-09-17,-0.001055,-0.00043,0.022,0,-0.02243,-0.0650068280059631,-0.023055,-0.127553270777251
1996-09-18,-0.001504,0.001311,0.022,0,-0.020689,0.10901655862946,-0.023504,-0.172510794685349
1996-09-19,0.002012,0.001424,0.022,0,-0.020576,0.120301126994213,-0.019988,0.179000283531621
1996-09-20,0.005055,0.003542,0.022,0,-0.018458,0.331576608757874,-0.016945,0.482229057821648
1996-09-23,-0.001752,-0.00184,0.022,0,-0.02384,-0.206167068291988,-0.023752,-0.197351235049785
1996-09-24,7.5e-05,0.000975,0.022,1,-0.021025,0.0754549192678631,-0.021925,-0.0144978615908131
1996-09-25,0.001838,0.002359,0.022,0,-0.019641,0.213624612407529,-0.020162,0.16163371413398
1996-09-26,0.002205,0.00372,0.022,0,-0.01828,0.349312210833396,-0.019795,0.198259675164021
1996-09-27,0.000805,0.003255,0.022,0,-0.018745,0.302973815156262,-0.021195,0.0584700357733044
1996-09-30,0.002126,0.002867,0.022,0,-0.019133,0.264292219038187,-0.019874,0.190376745643806
1996-10-01,0.000531,-0.001911,0.018,0,-0.019911,-0.209281209205665,-0.017469,0.0350875267443492
1996-10-02,0.007394,0.004802,0.018,0,-0.013198,0.461052337373238,-0.010606,0.718681458358623
1996-10-03,-0.001473,-0.000516,0.018,0,-0.018516,-0.06961169757575,-0.019473,-0.1654069732959
1996-10-04,0.011026,0.00462,0.018,0,-0.01338,0.442937675495575,-0.006974,1.07856730174819
1996-10-07,0.001947,-0.000973,0.018,0,-0.018973,-0.115345747372376,-0.016053,0.176512325020433
1996-10-08,-0.004117,-0.001713,0.018,0,-0.019713,-0.189445266412402,-0.022117,-0.43054819791273
1996-10-09,-0.004652,-0.001913,0.018,0,-0.019913,-0.209481592338215,-0.022652,-0.484283802960412
1996-10-10,-0.002058,0.000923,0.018,0,-0.017077,0.0742590495485106,-0.020058,-0.224010439389541
1996-10-11,0.006826,0.003215,0.018,0,-0.014785,0.302985913590318,-0.011174,0.662282453775607
1996-10-14,0.004418,0.001618,0.018,0,-0.016382,0.143670864627877,-0.013582,0.422828548572073
1996-10-15,-0.001422,-0.002671,0.018,0,-0.020671,-0.285455728704791,-0.019422,-0.160299580343492
1996-10-16,0.000895,-0.001441,0.018,0,-0.019441,-0.162202304092597,-0.017105,0.0714615924368425
1996-10-17,0.002518,0.000844,0.018,0,-0.017156,0.0663660230333354,-0.015482,0.233485134767181
1996-10-18,0.003693,0.00188,0.018,0,-0.01612,0.169825120982862,-0.014307,0.350621381587728
1996-10-21,-0.00243,-0.003401,0.018,0,-0.021401,-0.358678034887946,-0.02043,-0.261294104364668
1996-10-22,-0.006109,-0.006997,0.018,0,-0.024997,-0.72015775954356,-0.024109,-0.630772008806519
1996-10-23,0.000264,-0.001467,0.018,0,-0.019467,-0.164806089997449,-0.017736,0.00839813561882963
1996-10-24,-0.004381,0.001514,0.018,0,-0.016486,0.133287125553923,-0.022381,-0.457060850327483
1996-10-25,-0.001838,0.00013,0.018,0,-0.01787,-0.00499922512114757,-0.019838,-0.201967499653856
1996-10-28,-0.00561,-0.005333,0.018,0,-0.023333,-0.552725500795173,-0.02361,-0.580577895351056
1996-10-29,0.002459,-0.005919,0.018,0,-0.023919,-0.611657051394793,-0.015541,0.227599780469648
1996-10-30,-5e-06,-0.000311,0.018,0,-0.018311,-0.0491032172472821,-0.018005,-0.0184983814443779
1996-10-31,0.006197,0.004866,0.018,0,-0.013134,0.467421548608291,-0.011803,0.599789375408323
1996-11-01,-0.001558,-0.000894,0.02,0,-0.020894,-0.10943798589984,-0.021558,-0.175919494675217
1996-11-04,0.002856,-0.002901,0.02,0,-0.022901,-0.310519605899345,-0.017144,0.265194937795123
1996-11-05,0.008581,0.000767,0.02,0,-0.019233,0.0566726003153153,-0.011419,0.83444124871264
1996-11-06,0.013692,0.005528,0.02,0,-0.014472,0.531279668255428,-0.006308,1.33991314911824
1996-11-07,0.004104,0.003061,0.02,0,-0.016939,0.285634467517809,-0.015896,0.389562155961796
1996-11-08,0.003755,0.002514,0.02,0,-0.017486,0.23108651856918,-0.016245,0.354798758381119
1996-11-11,0.002012,0.002015,0.02,0,-0.017985,0.18129926078368,-0.017988,0.180999863619869
1996-11-12,-0.001739,-0.000288,0.02,0,-0.020288,-0.0488021482630611,-0.021739,-0.194049381843792
1996-11-13,0.001893,0.001728,0.02,1,-0.018272,0.152652872303457,-0.018107,0.169123053078463
1996-11-14,0.005906,0.002956,0.02,0,-0.017044,0.275165962007049,-0.014094,0.568864794533479
1996-11-15,0.000949,0.00099,0.02,0,-0.01901,0.0789530270526774,-0.019051,0.0748569981521233
1996-11-18,-0.001414,-0.002073,0.02,0,-0.022073,-0.227513164124503,-0.021414,-0.161498064404878
1996-11-19,0.005419,0.000118,0.02,0,-0.019882,-0.00819869641186379,-0.014581,0.520439004617178
1996-11-20,0.002527,0.00135,0.02,0,-0.01865,0.114910956662925,-0.017473,0.232383250157231
1996-11-21,-0.001853,-6e-06,0.02,0,-0.020006,-0.0205980020666339,-0.021853,-0.205469893094389
1996-11-22,0.007379,0.007056,0.02,0,-0.012944,0.683124291246546,-0.012621,0.715192836795852
1996-11-25,0.009615,0.005449,0.02,0,-0.014551,0.523422790723697,-0.010385,0.936909006103092
1996-11-26,-0.001629,-0.002287,0.02,0,-0.022287,-0.248959918130263,-0.021629,-0.183030826585608
1996-11-27,0.000395,0.003937,0.02,0,-0.016063,0.372929029408601,-0.019605,0.0194942005370941
1996-11-29,0.002945,0.007463,0.02,0,-0.012537,0.723530959591453,-0.017055,0.274069198009213
1996-12-02,0.000523,-0.001685,0.022,0,-0.023685,-0.190639701276481,-0.021477,0.0302887479617778
1996-12-03,-0.006779,0.003386,0.022,0,-0.018614,0.31603046058373,-0.028779,-0.702205759751249
1996-12-04,-0.003173,-0.000221,0.022,0,-0.022221,-0.0441000227647298,-0.025173,-0.339802044196695
1996-12-05,-0.000593,0.00423,0.022,0,-0.01777,0.400110289567119,-0.022593,-0.0813151697588962
1996-12-06,-0.007233,-0.008961,0.022,0,-0.030961,-0.922136704236434,-0.029233,-0.74792607708534
1996-12-09,0.013901,0.009254,0.022,0,-0.012746,0.899146827862359,-0.008099,1.35852914629231
1996-12-10,-0.002452,0.001864,0.022,0,-0.020136,0.16422891042579,-0.024452,-0.267498687865993
1996-12-11,-0.009267,-0.008223,0.022,0,-0.030223,-0.847697115885452,-0.031267,-0.953018158049672
1996-12-12,-0.012178,-0.001601,0.022,0,-0.023601,-0.182225877358829,-0.034178,-1.24727352122502
1996-12-13,-0.002678,-0.002239,0.022,0,-0.024239,-0.246148611180217,-0.024678,-0.290156806035787
1996-12-16,-0.010525,-0.006447,0.022,0,-0.028447,-0.668784746280138,-0.032525,-1.08007553477358
1996-12-17,0.004565,-0.002289,0.022,1,-0.024289,-0.251159956867901,-0.017435,0.433463618613196
1996-12-18,0.0083,0.005742,0.022,0,-0.016258,0.550560174958866,-0.0137,0.804576861348387
1996-12-19,0.015757,0.005427,0.022,0,-0.016573,0.519235109529177,-0.006243,1.5414171517917
1996-12-20,0.003098,0.00171,0.022,0,-0.02029,0.148856381105358,-0.018902,0.287323528260541
1996-12-23,-0.003179,-0.003998,0.022,0,-0.025998,-0.422598917097515,-0.025179,-0.340403955868165
1996-12-24,0.004716,0.002248,0.022,0,-0.019752,0.202550122483723,-0.017284,0.448493870756551
1996-12-26,0.005695,0.001811,0.022,0,-0.020189,0.158938631312424,-0.016305,0.545886899086089
1996-12-27,0.001962,0.001966,0.022,0,-0.020034,0.174409414768782,-0.020038,0.174010198828888
1996-12-30,-0.001949,-0.001632,0.022,0,-0.023632,-0.185330896622718,-0.023949,-0.217087757548617
1996-12-31,-0.009417,0.010812,0.022,0,-0.011188,1.05339924426093,-0.031417,-0.968159609517946
1997-01-02,-0.007358,0.001329,0.02,0,-0.018671,0.112813765849942,-0.027358,-0.758518360957129
1997-01-03,0.013492,0.012477,0.02,0,-0.007523,1.21998236884948,-0.006508,1.32018134375189
1997-01-06,0.000703,0.005098,0.02,0,-0.014902,0.488506919215504,-0.019297,0.0502773008582349
1997-01-07,0.007351,0.007338,0.02,0,-0.012662,0.711122786262139,-0.012649,0.712413308025069
1997-01-08,-0.003752,0.004376,0.02,0,-0.015624,0.416647315053531,-0.023752,-0.395903641062448
1997-01-09,0.007499,0.006216,0.02,0,-0.013784,0.5996780357239,-0.012501,0.727104227971088
1997-01-10,0.005146,0.003864,0.02,0,-0.016136,0.365657392425437,-0.014854,0.493282458902141
1997-01-13,-0.000108,0.002617,0.02,0,-0.017383,0.24136016154718,-0.020108,-0.0307985835086205
1997-01-14,0.011041,0.004805,0.02,0,-0.015195,0.459351283139977,-0.008959,1.07805131204034
1997-01-15,-0.00153,0.00033,0.02,0,-0.01967,0.0129965559309769,-0.02153,-0.17311516478969
1997-01-16,0.002916,0.003338,0.02,0,-0.016662,0.313246124198248,-0.017084,0.271177671627074
1997-01-17,0.007129,0.005518,0.02,0,-0.014482,0.530285160919437,-0.012871,0.690372880629543
1997-01-20,0.002394,0.004055,0.02,0,-0.015945,0.384682064294779,-0.017606,0.219115894466399
1997-01-21,0.005429,0.002205,0.02,0,-0.017795,0.200259255252269,-0.014571,0.52143360987825
1997-01-22,0.003967,0.001402,0.02,0,-0.018598,0.120103811296118,-0.016033,0.375917220079294
1997-01-23,-0.008096,0.001722,0.02,0,-0.018278,0.152053905521155,-0.028096,-0.832893057640331
1997-01-24,-0.009256,-0.004664,0.02,0,-0.024664,-0.487489038790882,-0.029256,-0.949908295076473
1997-01-27,-0.006596,-0.003447,0.02,0,-0.023447,-0.365293459475676,-0.026596,-0.68178297442622
1997-01-28,0.000519,0.002926,0.02,0,-0.017074,0.272174759134473,-0.019481,0.0318885363415055
1997-01-29,0.006677,0.002299,0.02,0,-0.017701,0.209638134024165,-0.013323,0.645482756398083
1997-01-30,0.011775,0.004466,0.02,0,-0.015534,0.425607701192433,-0.008225,1.15062341273706
1997-01-31,0.003341,0.005083,0.02,0,-0.014917,0.487014516292555,-0.016659,0.31354512568279
1997-02-03,0.000265,0.001608,0.02,0,-0.018392,0.140672854958037,-0.019735,0.00649848910357089
1997-02-04,0.001369,-0.000287,0.02,0,-0.020287,-0.0487021195047931,-0.018631,0.116808377119871
1997-02-05,-0.012224,-0.004356,0.02,1,-0.024356,-0.45654950123079,-0.032224,-1.24993075897202
1997-02-06,0.002128,0.000918,0.02,0,-0.019082,0.0717598893029862,-0.017872,0.19257590123496
1997-02-07,0.009367,0.003585,0.02,0,-0.016415,0.337860920206577,-0.010633,0.912342169821512
1997-02-10,-0.00629,-0.004757,0.02,0,-0.024757,-0.496833053780256,-0.02629,-0.650984539870498
1997-02-11,0.003572,-0.001876,0.02,0,-0.021876,-0.207774189455055,-0.016428,0.336565555668558
1997-02-12,0.014928,0.006792,0.02,0,-0.013208,0.656905827736659,-0.005072,1.4617694014419
1997-02-13,0.010211,0.004665,0.02,0,-0.015335,0.445417260713515,-0.009789,0.995923992274946
1997-02-14,-0.001746,0.002184,0.02,0,-0.017816,0.198163853611094,-0.021746,-0.194750603722919
1997-02-18,0.006931,0.002545,0.02,0,-0.017455,0.234178696904329,-0.013069,0.670711102863452
1997-02-19,-0.00286,0.000242,0.02,0,-0.019758,0.00419907200570387,-0.02286,-0.306407761731643
1997-02-20,-0.010985,-0.004977,0.02,0,-0.024977,-0.518940651548196,-0.030985,-1.12457606419194
1997-02-21,-0.002204,7e-06,0.02,0,-0.019993,-0.0192980027166152,-0.022204,-0.240641238530435
1997-02-24,0.008246,0.00139,0.02,0,-0.01861,0.118905484160785,-0.011754,0.801220749078225
1997-02-25,0.002709,0.002396,0.02,0,-0.017604,0.219315416610863,-0.017291,0.250535727022773
1997-02-26,-0.007353,-0.005031,0.02,0,-0.025031,-0.524367809045638,-0.027353,-0.758014655954984
1997-02-27,-0.011942,-0.003553,0.02,0,-0.023553,-0.375930689791778,-0.031942,-1.22138585065332
1997-02-28,-0.004613,-0.00229,0.02,0,-0.02229,-0.249260606255037,-0.024613,-0.482365272198427
1997-03-03,0.003758,-0.001438,0.021,0,-0.022438,-0.16490128673433,-0.017242,0.354097840606639
1997-03-04,-0.002236,0.001979,0.021,0,-0.019021,0.17670664061305,-0.023236,-0.244848153378704
1997-03-05,0.01155,0.005113,0.021,0,-0.015887,0.488999504824095,-0.00945,1.12738299881992
1997-03-06,-0.002506,0.000112,0.021,0,-0.020888,-0.00979842246182439,-0.023506,-0.271912322688944
1997-03-07,0.006814,0.003272,0.021,0,-0.017728,0.305668070299365,-0.014186,0.658091167224514
1997-03-10,0.00857,0.003124,0.021,0,-0.017876,0.290915249792503,-0.01243,0.832350806515285
1997-03-11,-0.001959,-0.000616,0.021,0,-0.021616,-0.0826167759037494,-0.022959,-0.217089930327994
1997-03-12,-0.00772,-0.00416,0.021,0,-0.02516,-0.437865482530617,-0.02872,-0.795993141314793
1997-03-13,-0.015964,-0.008478,0.021,0,-0.029478,-0.872412061840974,-0.036964,-1.63027751863447
1997-03-14,0.003526,0.002227,0.021,0,-0.018773,0.201454595789888,-0.017474,0.330982028291784
1997-03-17,-0.001184,-0.007434,0.021,0,-0.028434,-0.767174784426716,-0.022184,-0.139467943484411
1997-03-18,-0.007267,-0.005539,0.021,0,-0.026539,-0.576437509642631,-0.028267,-0.750351122057079
1997-03-19,-0.006177,-0.008729,0.021,0,-0.029729,-0.89772988385676,-0.027177,-0.640613454517405
1997-03-20,-0.001847,0.000975,0.021,0,-0.020025,0.0764547043140865,-0.022847,-0.205868576079105
1997-03-21,0.00116,0.000822,0.021,0,-0.020178,0.061168438993684,-0.01984,0.0949349766759913
1997-03-24,0.00484,-0.005222,0.021,0,-0.026222,-0.544566024850368,-0.01616,0.46183469035542
1997-03-25,-0.000335,0.000418,0.021,1,-0.020582,0.0207934709250734,-0.021335,-0.0545034078121455
1997-03-26,0.002518,0.003238,0.021,0,-0.017762,0.30227910139283,-0.018482,0.230485719652904
1997-03-27,-0.018549,-0.007486,0.021,0,-0.028486,-0.772413867991298,-0.039549,-1.8933168051279
1997-03-31,-0.021989,-0.01276,0.021,0,-0.03376,-1.30520859663843,-0.042989,-2.24443395198955
1997-04-01,0.001827,-0.005864,0.02,0,-0.025864,-0.608124076180512,-0.018173,0.162535306285112
1997-04-02,-0.011309,-0.007738,0.02,0,-0.027738,-0.796807366837764,-0.031309,-1.15734129854918
1997-04-03,-0.000273,-0.00274,0.02,0,-0.02274,-0.294374067372957,-0.020273,-0.0473017273949795
1997-04-04,0.011111,0.007053,0.02,0,-0.012947,0.682826392771339,-0.008889,1.08497462938028
1997-04-07,0.007864,0.007041,0.02,0,-0.012959,0.681634789996082,-0.012136,0.763325990898234
1997-04-08,0.004192,0.001691,0.02,0,-0.018309,0.148959186658646,-0.015808,0.398325804353898
1997-04-09,-0.005362,0.002199,0.02,0,-0.017801,0.199660573549377,-0.025362,-0.557640711991166
1997-04-10,-0.004026,-0.000768,0.02,0,-0.020768,-0.0968275065748237,-0.024026,-0.423410615860201
1997-04-11,-0.024128,-0.012616,0.02,0,-0.032616,-1.28962374639043,-0.044128,-2.46238287132852
1997-04-14,0.005169,-0.002668,0.02,0,-0.022668,-0.287154545783452,-0.014831,0.495570657517881
1997-04-15,0.011999,0.003961,0.02,0,-0.016039,0.375319589088539,-0.008001,1.17276027198268
1997-04-16,0.008122,-0.000331,0.02,0,-0.020331,-0.0531034795257499,-0.011878,0.788921406879151
1997-04-17,-0.000863,0.000351,0.02,0,-0.019649,0.0150958411244457,-0.020863,-0.106335260155025
1997-04-18,0.004313,0.002286,0.02,0,-0.017714,0.208341107457551,-0.015687,0.41037456700536
1997-04-21,-0.009271,-0.008516,0.02,0,-0.028516,-0.875244832106835,-0.029271,-0.951422320248685
1997-04-22,0.013684,-0.000371,0.02,0,-0.020371,-0.0571048840192608,-0.006316,1.33912395165314
1997-04-23,-1.2e-05,-0.000579,0.02,0,-0.020579,-0.0779147687895889,-0.020012,-0.0211980074666843
1997-04-24,-0.002017,0.000941,0.02,0,-0.019059,0.0740577534383735,-0.022017,-0.2219016886557
1997-04-25,-0.009074,-0.001945,0.02,0,-0.021945,-0.214687397141087,-0.029074,-0.931539949134746
1997-04-28,0.007791,-0.001496,0.02,0,-0.021496,-0.169710012794392,-0.012209,0.756082687849656
1997-04-29,0.023649,0.008398,0.02,0,-0.011602,0.816295298705015,0.003649,2.3173714416907
1997-04-30,0.009343,0.005168,0.02,0,-0.014832,0.495471171710277,-0.010657,0.909964413729638
1997-05-01,-0.000316,0.005012,0.023,0,-0.017988,0.476950818420677,-0.023316,-0.0546023492575626
1997-05-02,0.019173,0.015188,0.023,0,-0.007812,1.4843843463156,-0.003827,1.87615405650274
1997-05-05,0.021008,0.013508,0.023,0,-0.009492,1.31876067632889,-0.001992,2.05604010532124
1997-05-06,-0.002737,0.002555,0.023,0,-0.020445,0.232176798251428,-0.025737,-0.297072598705834
1997-05-07,-0.0111,-0.000347,0.023,0,-0.023347,-0.05770337724859,-0.0341,-1.13920382602469
1997-05-08,0.00445,0.002584,0.023,0,-0.020416,0.235069365799316,-0.01855,0.421015447196633
1997-05-09,0.005414,0.006894,0.023,0,-0.016106,0.664037148392052,-0.017586,0.516942343138098
1997-05-12,0.01276,0.005105,0.023,0,-0.017895,0.486204011151882,-0.01024,1.24493036030185
1997-05-13,-0.004298,0.001095,0.023,0,-0.021905,0.0864427370730057,-0.027298,-0.453723650703101
1997-05-14,0.003512,0.004017,0.023,0,-0.018983,0.377897984304954,-0.019488,0.327587377519004
1997-05-15,0.005937,0.003071,0.023,0,-0.019929,0.283632055750569,-0.017063,0.568947190803884
1997-05-16,-0.010439,0.000702,0.023,0,-0.022298,0.0471780159200489,-0.033439,-1.07238420970736
1997-05-19,0.002846,0.001997,0.023,0,-0.021003,0.176503509215998,-0.020154,0.261198425551152
1997-05-20,0.008911,0.003919,0.023,1,-0.019081,0.368136717005815,-0.014089,0.864155778232846
1997-05-21,-0.000619,0.003638,0.023,0,-0.019362,0.340142492997719,-0.023619,-0.0849165213650575
1997-05-22,-0.002138,0.00253,0.023,0,-0.02047,0.229683138381517,-0.025138,-0.237026233891822
1997-05-23,0.01257,0.009008,0.023,0,-0.013992,0.873769642820544,-0.01043,1.22616798572019
1997-05-27,0.002988,0.002459,0.023,0,-0.020541,0.222600805258525,-0.020012,0.275357124649604
1997-05-28,-0.000999,0.003207,0.023,0,-0.019793,0.297189498957175,-0.023999,-0.12294728871385
1997-05-29,-0.002346,0.00332,0.023,0,-0.01968,0.308452741377482,-0.025346,-0.257872972354784
1997-05-30,0.005416,0.004858,0.023,0,-0.018142,0.46162644417743,-0.017584,0.517141265970958
1997-06-02,9e-05,0.00456,0.018,0,-0.01344,0.436965089662764,-0.01791,-0.0089987851700754
1997-06-03,-0.001244,0.001951,0.018,0,-0.016049,0.176911546936918,-0.019244,-0.142475821225465
1997-06-04,-0.004105,0.001817,0.018,0,-0.016183,0.16353674504371,-0.022105,-0.429343244348614
1997-06-05,0.004372,0.005524,0.018,0,-0.012476,0.532881486580138,-0.013628,0.41824867710636
1997-06-06,0.013499,0.00663,0.018,0,-0.01137,0.642813441230103,-0.004501,1.32287164276648
1997-06-09,0.004614,0.002452,0.018,0,-0.015548,0.226901495109347,-0.013386,0.44234043296434
1997-06-10,0.001526,-0.00022,0.018,0,-0.01822,-0.0400008005493657,-0.016474,0.134485304322209
1997-06-11,0.003956,0.002208,0.018,0,-0.015792,0.202558214831899,-0.014044,0.376821180606822
1997-06-12,0.01272,0.003843,0.018,0,-0.014157,0.365565073783449,-0.00528,1.2459796544492
1997-06-13,0.00985,0.003613,0.018,0,-0.014387,0.342650499216794,-0.00815,0.962182117031661
1997-06-16,0.000735,0.00174,0.018,0,-0.01626,0.155850415177586,-0.017265,0.055474621783847
1997-06-17,0.001477,0.000779,0.018,0,-0.017221,0.0598712935040635,-0.016523,0.129592650640734
1997-06-18,-0.003685,-0.000173,0.018,0,-0.018173,-0.0352998768169867,-0.021685,-0.38717901404936
1997-06-19,0.009394,0.006127,0.018,0,-0.011873,0.592832245241587,-0.008606,0.917016697919193
1997-06-20,-0.000193,0.00179,0.018,0,-0.01621,0.160841605727303,-0.018193,-0.0373002428840437
1997-06-23,-0.017584,-0.004049,0.018,0,-0.022049,-0.423720319683278,-0.035584,-1.79204188788776
1997-06-24,0.015658,0.005429,0.018,0,-0.012571,0.523433229950503,-0.002342,1.53566945138502
1997-06-25,-0.006574,-0.000947,0.018,0,-0.018947,-0.112743248973766,-0.024574,-0.677568771324628
1997-06-26,-0.004565,-0.00015,0.018,0,-0.01815,-0.0329995053068864,-0.022565,-0.475543523376411
1997-06-27,0.004278,0.005382,0.018,0,-0.012618,0.518758499206682,-0.013722,0.408889157023855
1997-06-30,-0.000478,0.006321,0.018,0,-0.011679,0.612112246573393,-0.018478,-0.0658098080361911
1997-07-01,0.005729,0.000771,0.019,0,-0.018229,0.0580720979897044,-0.013271,0.552266973714252
1997-07-02,0.011721,0.003554,0.019,1,-0.015446,0.33577175133672,-0.007279,1.14628592034403
1997-07-03,0.0119,0.005455,0.019,0,-0.013545,0.5250193422996,-0.0071,1.16397698012912
1997-07-07,-0.003372,-0.001896,0.019,0,-0.020896,-0.20877816354453,-0.022372,-0.356767995700647
1997-07-08,0.007022,0.003297,0.019,0,-0.015703,0.310159486011102,-0.011978,0.680747861600192
1997-07-09,-0.008635,-0.000825,0.019,0,-0.019825,-0.101532245207377,-0.027635,-0.886247958219176
1997-07-10,0.006042,0.005035,0.019,0,-0.013965,0.483238482299328,-0.012958,0.583383835675732
1997-07-11,0.00466,0.007033,0.019,0,-0.011967,0.681840185295435,-0.01434,0.445919386182531
1997-07-14,0.002446,0.003191,0.019,0,-0.015809,0.299593761212488,-0.016554,0.225303145885349
1997-07-15,0.007385,0.004563,0.019,0,-0.014437,0.436263912392378,-0.011615,0.716788245090639
1997-07-16,0.011512,0.005876,0.019,0,-0.013124,0.56688216906937,-0.007488,1.12562591719625
1997-07-17,-0.005121,-0.000941,0.019,0,-0.019941,-0.113142497072805,-0.024121,-0.532413921088854
1997-07-18,-0.01353,-0.002572,0.019,0,-0.021572,-0.276529522666648,-0.03253,-1.38123464764843
1997-07-21,-0.004248,-0.002705,0.019,0,-0.021705,-0.289864707571729,-0.023248,-0.444703033840737
1997-07-22,0.019322,0.006418,0.019,0,-0.012582,0.62075103844002,0.000321999999999999,1.89477184466404
1997-07-23,0.00326,0.003119,0.019,0,-0.015881,0.292416405765831,-0.01574,0.306471576820963
1997-07-24,0.003158,0.002835,0.019,0,-0.016165,0.264100701427891,-0.015842,0.296304203911841
1997-07-25,-0.00093,0.002544,0.019,0,-0.016456,0.23507875574655,-0.01993,-0.112041467059216
1997-07-28,-0.001984,0.001826,0.019,0,-0.017174,0.163435293640136,-0.020984,-0.2175952687343
1997-07-29,0.005182,0.001556,0.019,0,-0.017444,0.136480873401288,-0.013818,0.497863769048174
1997-07-30,0.010846,0.00655,0.019,0,-0.01245,0.633866001041433,-0.008154,1.05976220522477
1997-07-31,0.002239,0.003845,0.019,0,-0.015155,0.364764492893173,-0.016761,0.204651522240169
1997-08-01,-0.005229,0.000575,0.02,0,-0.019425,0.0374854748176209,-0.025229,-0.544269906872847
1997-08-04,0.003258,0.003045,0.02,0,-0.016955,0.284039337449872,-0.016742,0.305272421465621
1997-08-05,0.003583,0.005616,0.02,0,-0.014384,0.540030906362313,-0.016417,0.33766163444674
1997-08-06,0.007357,0.006749,0.02,0,-0.013251,0.65263474510099,-0.012643,0.713008927836974
1997-08-07,-0.007024,0.001198,0.02,0,-0.018802,0.0997302967944071,-0.027024,-0.72487644160002
1997-08-08,-0.017513,-0.007118,0.02,0,-0.027118,-0.734343382345048,-0.037513,-1.78681468810876
1997-08-11,0.001308,-0.000705,0.02,0,-0.020705,-0.0905228632028935,-0.018692,0.110716531053944
1997-08-12,-0.008812,-0.000282,0.02,0,-0.020282,-0.0482019772143104,-0.028812,-0.905103528068561
1997-08-13,-0.002384,0.001493,0.02,0,-0.018507,0.129190658091644,-0.022384,-0.258682625521015
1997-08-14,0.002545,0.002197,0.02,0,-0.017803,0.199461012185255,-0.017455,0.234178696904329
1997-08-15,-0.019864,-0.004925,0.02,0,-0.024925,-0.513714778248304,-0.039864,-2.0263921438412
1997-08-18,0.007854,-0.000157,0.02,0,-0.020157,-0.0356992328456383,-0.012146,0.762333788615963
1997-08-19,0.013942,0.008118,0.02,1,-0.011882,0.78852462871782,-0.006058,1.36457243193425
1997-08-20,0.013519,0.008791,0.02,0,-0.011209,0.855260413522949,-0.006481,1.32284536481557
1997-08-21,-0.01183,-0.001583,0.02,0,-0.021583,-0.178423427101222,-0.03183,-1.21005112610535
1997-08-22,-0.002579,-0.002315,0.02,0,-0.022315,-0.25176637578952,-0.022579,-0.278231135209907
1997-08-25,-0.000652,0.004938,0.02,0,-0.015062,0.472586806308279,-0.020652,-0.0852192647100738
1997-08-26,-0.005629,0.002063,0.02,0,-0.017937,0.186089493500089,-0.025629,-0.584488252812123
1997-08-27,0.001911,0.004573,0.02,0,-0.015427,0.436259560126099,-0.018089,0.170919635977837
1997-08-28,-0.007694,0.001675,0.02,0,-0.018325,0.147361874934244,-0.027694,-0.79237315243874
1997-08-29,-0.002003,0.003515,0.02,0,-0.016485,0.330885682298313,-0.022003,-0.220498868988146
1997-09-02,0.024141,0.010152,0.021,0,-0.010848,0.98908366263426,0.003141,2.36442344976001
1997-09-03,0.001896,0.003267,0.021,0,-0.017733,0.305169699721967,-0.019104,0.168422690761141
1997-09-04,0.002892,0.004079,0.021,0,-0.016921,0.386072547989247,-0.018108,0.267784826003823
1997-09-05,0.000611,0.006182,0.021,0,-0.014818,0.595299187432643,-0.020389,0.0400835462411705
1997-09-08,0.003201,0.005512,0.021,0,-0.015488,0.528688656728367,-0.017799,0.29859097531432
1997-09-09,0.00293,0.0056,0.021,0,-0.0154,0.53744003408141,-0.01807,0.271573796311711
1997-09-10,-0.011471,0.000354,0.021,0,-0.020646,0.0143959403696849,-0.032471,-1.1747277375016
1997-09-11,-0.00609,1.9e-05,0.021,0,-0.020981,-0.0190978133584228,-0.02709,-0.631859763749524
1997-09-12,0.011759,0.008266,0.021,0,-0.012734,0.80220457724307,-0.009241,1.14804222593188
1997-09-15,-0.002483,0.001281,0.021,0,-0.019719,0.107020226643133,-0.023483,-0.269606570991232
1997-09-16,0.021915,0.007228,0.021,0,-0.013772,0.699202524964919,0.000914999999999999,2.14683401151857
1997-09-17,-0.00047,0.002165,0.021,0,-0.018835,0.19526818115445,-0.02147,-0.0680088437706384
1997-09-18,0.003861,0.003924,0.021,0,-0.017076,0.370634324011708,-0.017139,0.364358751674961
1997-09-19,0.003052,0.004594,0.021,0,-0.016406,0.437350183650651,-0.017948,0.283737414943425
1997-09-22,0.005281,0.00499,0.021,0,-0.01601,0.476761325969229,-0.015719,0.505712646665054
1997-09-23,-0.00247,0.001109,0.021,0,-0.019891,0.0898407560681679,-0.02347,-0.268303343548452
1997-09-24,-0.005758,0.002019,0.021,0,-0.018981,0.180698660565696,-0.026758,-0.59846191458246
1997-09-25,-0.005499,0.00237,0.021,0,-0.01863,0.215721802639202,-0.026499,-0.572415311128493
1997-09-26,0.006215,0.005245,0.021,0,-0.015755,0.502131494269725,-0.014785,0.598578858392495
1997-09-29,0.007381,0.003568,0.021,0,-0.017432,0.335167183546708,-0.013619,0.714391576566907
1997-09-30,-0.003269,0.004946,0.021,1,-0.016054,0.472383077108864,-0.024269,-0.348433280678233
1997-10-01,0.006434,0.003545,0.018,0,-0.014455,0.335874749621992,-0.011566,0.62334063752199
1997-10-02,0.005408,0.004583,0.018,0,-0.013417,0.439254623060935,-0.012592,0.521344547476412
1997-10-03,0.005141,0.005268,0.018,0,-0.012732,0.507418882652617,-0.012859,0.494784637564286
1997-10-06,0.0071,0.004714,0.018,0,-0.013286,0.452294009491673,-0.0109,0.689492987001814
1997-10-07,0.008874,0.004194,0.018,0,-0.013806,0.400524589327718,-0.009126,0.865487365689164
1997-10-08,-0.005795,0.000276,0.018,0,-0.017724,0.0095978117063004,-0.023795,-0.599183996697354
1997-10-09,-0.001887,0.003297,0.018,0,-0.014703,0.311159301045329,-0.019887,-0.2068766429342
1997-10-10,-0.002733,0.00344,0.018,0,-0.01456,0.325411293233847,-0.020733,-0.291672526494415
1997-10-13,0.001182,0.004618,0.018,0,-0.013382,0.442738595048162,-0.016818,0.100131818603559
1997-10-14,0.000483,-0.001387,0.018,0,-0.019387,-0.156794657679252,-0.017517,0.0302899591102191
1997-10-15,-0.003303,-0.000331,0.018,0,-0.018331,-0.051103859453497,-0.021303,-0.348845074797827
1997-10-16,-0.010226,-0.006019,0.018,0,-0.024019,-0.621717099832351,-0.028226,-1.0458628544219
1997-10-17,-0.012782,-0.011994,0.018,0,-0.029994,-1.22464921801589,-0.030782,-1.30443764118254
1997-10-20,0.011091,0.00648,0.018,0,-0.01152,0.627911125879467,-0.006909,1.08499620769403
1997-10-21,0.015927,0.00912,0.018,0,-0.00888,0.88986801312603,-0.002073,1.56215123792824
1997-10-22,-0.00262,0.000349,0.018,0,-0.017651,0.0168955311722071,-0.02062,-0.280342200865781
1997-10-23,-0.018019,-0.015983,0.018,0,-0.033983,-1.62920894582988,-0.036019,-1.83633028856342
1997-10-24,-0.007926,-0.002015,0.018,0,-0.020015,-0.219701664568954,-0.025926,-0.813756150721545
1997-10-27,-0.06525,-0.053333,0.018,0,-0.071333,-5.49878681843247,-0.08325,-6.76561489268577
1997-10-28,0.040183,0.016064,0.018,0,-0.001936,1.575635549641,0.022183,3.92166754103834
1997-10-29,0.001265,0.011365,0.018,0,-0.006635,1.11209197656874,-0.016735,0.108421675967827
1997-10-30,-0.015518,-0.010951,0.018,0,-0.028951,-1.1191387393737,-0.033518,-1.58196482646289
1997-10-31,0.011766,0.010958,0.018,0,-0.007042,1.0718412346749,-0.006234,1.1517335030197
1997-11-03,0.023026,0.012466,0.021,0,-0.008534,1.21789612347279,0.002026,2.25549241382063
1997-11-04,0.002357,-0.000174,0.021,0,-0.021174,-0.0383993092842751,-0.018643,0.214424867944335
1997-11-05,0.003803,0.004465,0.021,0,-0.016535,0.424508350715204,-0.017197,0.358580892429974
1997-11-06,-0.004868,-0.001748,0.021,0,-0.022748,-0.195950748776414,-0.025868,-0.508986525904747
1997-11-07,-0.012737,-0.01315,0.021,0,-0.03415,-1.3447204735107,-0.033737,-1.30287889645555
1997-11-10,-0.004944,-0.001192,0.021,0,-0.022192,-0.140268895014834,-0.025944,-0.516623995333459
1997-11-11,0.000502,-0.001559,0.021,0,-0.022559,-0.177019445810513,-0.020498,0.0291896087066285
1997-11-12,-0.019461,-0.01749,0.021,1,-0.03849,-1.78547351265556,-0.040461,-1.98628364651705
1997-11-13,0.008105,-0.000667,0.021,0,-0.021667,-0.0877200496549676,-0.012895,0.786235293778653
1997-11-14,0.012087,0.0056,0.021,0,-0.0154,0.53744003408141,-0.008913,1.18045575965646
1997-11-17,0.018269,0.00929,0.021,0,-0.01171,0.903713540357656,-0.002731,1.78941488839807
1997-11-18,-0.007714,-0.005191,0.021,0,-0.026191,-0.541449800226614,-0.028714,-0.795388475105655
1997-11-19,0.004138,-0.001764,0.021,0,-0.022764,-0.197553563318785,-0.016862,0.3919484070241
1997-11-20,0.0135,0.004899,0.021,0,-0.016101,0.467706099530139,-0.0075,1.31997089568312
1997-11-21,0.002719,0.001651,0.021,0,-0.019349,0.143966064465759,-0.018281,0.250533225326616
1997-11-24,-0.01628,-0.013077,0.021,0,-0.034077,-1.33732347294039,-0.03728,-1.66239532213413
1997-11-25,0.003213,-0.00253,0.021,0,-0.02353,-0.27431838114425,-0.017787,0.2997871392167
1997-11-26,0.001533,0.001513,0.021,0,-0.019487,0.130187861560923,-0.019467,0.132184820192993
1997-11-28,0.003752,0.004424,0.021,0,-0.016576,0.420426492533324,-0.017248,0.353500085178271
1997-12-01,0.017384,0.001838,0.022,0,-0.020162,0.16163371413398,-0.004616,1.70146511180052
1997-12-02,-0.002696,-0.004062,0.022,0,-0.026062,-0.429024813462066,-0.024696,-0.291961655666794
1997-12-03,0.005364,-0.000385,0.022,0,-0.022385,-0.060504993507645,-0.016636,0.512968918759414
1997-12-04,-0.001628,0.000602,0.022,0,-0.021398,0.0381843067140836,-0.023628,-0.184930243558222
1997-12-05,0.009801,0.004791,0.022,0,-0.017209,0.455958388176478,-0.012199,0.953330593374712
1997-12-08,0.000963,0.00247,0.022,0,-0.01953,0.224697876023869,-0.021037,0.0742560809421863
1997-12-09,-0.007219,-0.006598,0.022,0,-0.028598,-0.683983882676352,-0.029219,-0.746515887052137
1997-12-10,-0.007872,-0.009755,0.022,0,-0.031755,-1.00228675263996,-0.029872,-0.812312356669427
1997-12-11,-0.015729,-0.015442,0.022,0,-0.037442,-1.5782445287932,-0.037729,-1.60739891467769
1997-12-12,-0.002876,-0.003435,0.022,0,-0.025435,-0.366088896106272,-0.024876,-0.310011943818457
1997-12-15,0.006388,-0.00475,0.022,0,-0.02675,-0.498129290525922,-0.015612,0.614770740100826
1997-12-16,0.006073,0.002417,0.022,1,-0.019583,0.219410795005104,-0.015927,0.583465785364064
1997-12-17,-0.000969,0.003851,0.022,0,-0.018149,0.362362807817107,-0.022969,-0.118944558755373
1997-12-18,-0.010296,-0.007945,0.022,0,-0.029945,-0.819670548936263,-0.032296,-1.05693462624313
1997-12-19,-0.006801,-0.004143,0.022,0,-0.026143,-0.437158180605236,-0.028801,-0.704420799873771
1997-12-22,0.005839,-0.001812,0.022,0,-0.023812,-0.203361946138752,-0.016161,0.560204330483817
1997-12-23,-0.011394,-0.002506,0.022,0,-0.024506,-0.272912107735167,-0.033394,-1.16793847424926
1997-12-24,-0.005278,0.001085,0.022,0,-0.020915,0.086443600936813,-0.027278,-0.551195365062693
1997-12-26,0.003287,0.001829,0.022,0,-0.020171,0.160735361263961,-0.018713,0.306163382083115
1997-12-29,0.016176,0.002153,0.022,0,-0.019847,0.193070981326726,-0.005824,1.58265866969006
1997-12-30,0.017562,0.01069,0.022,0,-0.01131,1.04132901132046,-0.004438,1.71895943356178
1997-12-31,0.002605,0.016466,0.022,0,-0.005534,1.61119296170682,-0.019395,0.238163706499437
1998-01-02,0.002498,0.010453,0.021,0,-0.010547,1.01887671988459,-0.018502,0.228490723104182
1998-01-05,0.002276,0.005575,0.021,0,-0.015425,0.534953925214575,-0.018724,0.206343588224398
1998-01-06,-0.010232,-0.003519,0.021,0,-0.024519,-0.373518419771412,-0.031232,-1.04946847036446
1998-01-07,-0.003519,-0.003507,0.021,0,-0.024507,-0.372314189309786,-0.024519,-0.373518419771412
1998-01-08,-0.008325,-0.00299,0.021,0,-0.02399,-0.320445693341544,-0.029325,-0.856982429756663
1998-01-09,-0.029333,-0.020594,0.021,0,-0.041594,-2.10189914860575,-0.050333,-2.99817928802222
1998-01-12,0.006963,-0.007685,0.021,0,-0.028685,-0.792465973302818,-0.014037,0.672889230790828
1998-01-13,0.015255,0.013825,0.021,0,-0.007175,1.35203284951727,-0.005745,1.49298345144023
1998-01-14,0.006376,0.006824,0.021,0,-0.014176,0.659084394408356,-0.014624,0.614578134981075
1998-01-15,-0.005708,-0.000348,0.021,0,-0.021348,-0.0558038519138245,-0.026708,-0.593433084297382
1998-01-16,0.011205,0.010468,0.021,0,-0.010532,1.02036119156856,-0.009795,1.0932711065398
1998-01-20,0.016299,0.009423,0.021,0,-0.011577,0.916890252470021,-0.004701,1.59576192465844
1998-01-21,-0.006191,-0.002208,0.021,0,-0.023208,-0.242041917923338,-0.027191,-0.642022165989169
1998-01-22,-0.008412,-0.004163,0.021,0,-0.025163,-0.438166736197753,-0.029412,-0.865755850130643
1998-01-23,-0.004857,-0.000209,0.021,0,-0.021209,-0.0418999796630101,-0.025857,-0.507881151019356
1998-01-26,-0.002026,-0.004518,0.021,0,-0.025518,-0.473821496059012,-0.023026,-0.223803306732997
1998-01-27,0.009813,0.002264,0.021,0,-0.018736,0.205146306054908,-0.011187,0.955518724312789
1998-01-28,0.010036,0.007496,0.021,0,-0.013504,0.725806665440806,-0.010964,0.977599582922126
1998-01-29,0.007384,0.004728,0.021,0,-0.016272,0.450688016033778,-0.013616,0.714689378047477
1998-01-30,-0.003795,0.003733,0.021,0,-0.017267,0.351607169415456,-0.024795,-0.401219723616065
1998-02-02,0.018917,0.007653,0.021,0,-0.013347,0.74138863980773,-0.002083,1.85303205657561
1998-02-03,0.005193,0.002493,0.021,0,-0.018507,0.227991967748172,-0.015807,0.496958492166542
1998-02-04,0.002684,0.005778,0.021,1,-0.015222,0.555139342760801,-0.018316,0.247042655101723
1998-02-05,-0.000798,0.004726,0.021,0,-0.016274,0.450488956985897,-0.021798,-0.100829652457782
1998-02-06,0.007615,0.005648,0.021,0,-0.015352,0.542213189854255,-0.013385,0.737617429228839
1998-02-09,-0.000656,0.003229,0.021,0,-0.017771,0.301382002163183,-0.021656,-0.0866193215232974
1998-02-10,0.00805,0.006568,0.021,0,-0.014432,0.633654671693697,-0.01295,0.780779364049675
1998-02-11,0.001574,0.002117,0.021,0,-0.018883,0.190478435997913,-0.019426,0.136278460723002
1998-02-12,0.003473,0.001435,0.021,0,-0.019565,0.122399341835056,-0.017527,0.325700510960453
1998-02-13,-0.002179,0.003493,0.021,0,-0.017507,0.327693569138883,-0.023179,-0.239135542789278
1998-02-17,0.001661,-0.000141,0.021,0,-0.021141,-0.035098789452102,-0.019339,0.144964411203569
1998-02-18,0.007974,0.001904,0.021,0,-0.019096,0.169221173643669,-0.013026,0.773239771263478
1998-02-19,-0.001956,0.001636,0.021,0,-0.019364,0.14246852567074,-0.022956,-0.216789341926197
1998-02-20,0.003766,0.001723,0.021,0,-0.019277,0.15115393852532,-0.017234,0.354894842286324
1998-02-23,0.004394,0.003213,0.021,0,-0.017787,0.2997871392167,-0.016606,0.417439661471253
1998-02-24,-0.006709,-0.001822,0.021,0,-0.022822,-0.203363981400036,-0.027709,-0.694158446169686
1998-02-25,0.011481,0.00657,0.021,0,-0.01443,0.633853366467726,-0.009519,1.12056155119734
1998-02-26,0.005983,0.006062,0.021,0,-0.014938,0.583372204408492,-0.015017,0.575519497332796
1998-02-27,0.000767,0.00476,0.021,0,-0.01624,0.453872906911724,-0.020233,0.0556728052732906
1998-03-02,-0.001234,0.001563,0.018,0,-0.016437,0.138179598485295,-0.019234,-0.141474580688431
1998-03-03,0.003597,-0.000182,0.018,0,-0.018182,-0.0362000365953535,-0.014403,0.341056246497812
1998-03-04,-0.003851,0.000958,0.018,0,-0.017042,0.0777557608918488,-0.021851,-0.403841799463208
1998-03-05,-0.010026,-0.007676,0.018,0,-0.025676,-0.788559592236539,-0.028026,-1.02565826265766
1998-03-06,0.018263,0.012261,0.018,0,-0.005739,1.20064589498569,0.000263000000000003,1.79182506651534
1998-03-09,-0.002918,-0.002388,0.018,0,-0.020388,-0.257083962131408,-0.020918,-0.310224946409949
1998-03-10,0.010609,0.005567,0.018,0,-0.012433,0.53715777243757,-0.007391,1.03731356347061
1998-03-11,0.004919,0.004798,0.018,0,-0.013202,0.460654248201263,-0.013081,0.472695744605603
1998-03-12,0.001652,0.003768,0.018,0,-0.014232,0.358093506828009,-0.016348,0.147065314702332
1998-03-13,-0.00051,0.00395,0.018,0,-0.01405,0.376223543068011,-0.01851,-0.0690113896177657
1998-03-16,0.008695,0.004431,0.018,0,-0.013569,0.424122822059048,-0.009305,0.847743238923769
1998-03-17,0.000984,-0.000486,0.018,0,-0.018486,-0.0666101938221442,-0.017016,0.0803532387410035
1998-03-18,0.004672,0.002996,0.018,0,-0.015004,0.281153713401018,-0.013328,0.448113628021302
1998-03-19,0.004084,0.003967,0.018,0,-0.014033,0.377916840151547,-0.013916,0.389569930648989
1998-03-20,0.005978,0.003344,0.018,0,-0.014656,0.31584374634557,-0.012022,0.578021884920197
1998-03-23,-0.002713,0.000659,0.018,0,-0.017341,0.0478799152906197,-0.020713,-0.289667065624399
1998-03-24,0.008425,0.004875,0.018,0,-0.013125,0.468317186404411,-0.009575,0.820972397167946
1998-03-25,-0.001829,0.000728,0.018,0,-0.017272,0.0547751334595533,-0.019829,-0.201065846472743
1998-03-26,-0.000184,0.002983,0.018,0,-0.015017,0.279857588167386,-0.018184,-0.0364000732020526
1998-03-27,-0.003694,0.002311,0.018,0,-0.015689,0.212834994457401,-0.021694,-0.388082346895904
1998-03-30,-0.002189,-0.001021,0.018,0,-0.019021,-0.120150537749305,-0.020189,-0.237138316455305
1998-03-31,0.007673,0.006591,0.018,1,-0.011409,0.638939052873844,-0.010327,0.746372845472088
1998-04-01,0.00615,0.003882,0.02,0,-0.016118,0.367450447921549,-0.01385,0.593118592757395
1998-04-02,0.008177,0.003227,0.02,0,-0.016773,0.302182440727916,-0.011823,0.794376946956654
1998-04-03,0.001943,0.002077,0.02,0,-0.017923,0.18748660148658,-0.018057,0.174113481437907
1998-04-06,-0.002448,-0.002702,0.02,0,-0.022702,-0.290563699361137,-0.022448,-0.265098125370847
1998-04-07,-0.010432,-0.009936,0.02,0,-0.029936,-1.01856714810139,-0.030432,-1.06867747268485
1998-04-08,-0.004353,0.003284,0.02,0,-0.016716,0.307863944593615,-0.024353,-0.45624818916741
1998-04-09,0.007809,0.007493,0.02,0,-0.012507,0.726508692107916,-0.012191,0.757868756514121
1998-04-13,-0.000311,3e-06,0.02,0,-0.019997,-0.0196980007166258,-0.020311,-0.051102837319535
1998-04-14,0.007068,0.006369,0.02,0,-0.013631,0.614882362526966,-0.012932,0.684315876273102
1998-04-15,0.004031,0.00511,0.02,0,-0.01489,0.489700825517751,-0.015969,0.382291728422596
1998-04-16,-0.008238,-0.001323,0.02,0,-0.021323,-0.152385593982808,-0.028238,-0.847209984002183
1998-04-17,0.010681,0.005852,0.02,0,-0.014148,0.563496355584761,-0.009319,1.04243810668323
1998-04-20,0.001873,0.004309,0.02,0,-0.015691,0.409976284003382,-0.018127,0.167126812000347
1998-04-21,0.002598,0.007288,0.02,0,-0.012712,0.706159085802573,-0.017402,0.239465102912513
1998-04-22,0.002798,0.002936,0.02,0,-0.017064,0.273171836700136,-0.017202,0.259411288170994
1998-04-23,-0.01075,-0.00629,0.02,0,-0.02629,-0.650984539870498,-0.03075,-1.10081787192696
1998-04-24,-0.009536,-0.003394,0.02,0,-0.023394,-0.359975268602545,-0.029536,-0.978173878686493
1998-04-27,-0.021239,-0.019594,0.02,0,-0.039594,-1.99884873985322,-0.041239,-2.16677729179137
1998-04-28,0.002042,0.007348,0.02,0,-0.012652,0.71211549678875,-0.017958,0.183993794921345
1998-04-29,0.009058,0.006774,0.02,0,-0.013226,0.655117954878209,-0.010942,0.881724237283621
1998-04-30,0.014625,0.010241,0.02,0,-0.009759,0.998893624812834,-0.005375,1.43191060965365
1998-05-01,0.006414,0.002561,0.02,0,-0.017439,0.235774622506301,-0.013586,0.619353783440944
1998-05-04,0.001749,0.003932,0.02,0,-0.016068,0.372430988948789,-0.018251,0.154749227789521
1998-05-05,-0.005628,-0.003127,0.02,0,-0.023127,-0.333187928319896,-0.025628,-0.58438768677619
1998-05-06,-0.007841,-0.002237,0.02,0,-0.022237,-0.243948582487994,-0.027841,-0.807188228569473
1998-05-07,-0.008103,-0.003143,0.02,0,-0.023143,-0.334792960094544,-0.028103,-0.833598773586641
1998-05-08,0.01066,0.005458,0.02,0,-0.014542,0.524317909195119,-0.00934,1.04036027815249
1998-05-11,-0.002003,-0.00293,0.02,0,-0.02293,-0.313428085572035,-0.022003,-0.220498868988146
1998-05-12,0.005204,-0.001474,0.02,0,-0.021474,-0.167506740935593,-0.014796,0.499052598431685
1998-05-13,0.002481,0.001163,0.02,0,-0.018837,0.0962344236722713,-0.017519,0.227794739786392
1998-05-14,-0.001594,-0.00113,0.02,0,-0.02113,-0.133061893403992,-0.021594,-0.179525177231315
1998-05-15,-0.007218,-0.003006,0.02,0,-0.023006,-0.321050709523604,-0.027218,-0.744415579865328
1998-05-18,-0.004329,-0.008772,0.02,0,-0.028772,-0.901068048128384,-0.024329,-0.453837725343836
1998-05-19,0.004016,0.002214,0.02,1,-0.017786,0.20115727108629,-0.015984,0.38079773948705
1998-05-20,0.004906,-0.00238,0.02,0,-0.02238,-0.258281670446026,-0.015094,0.469402479564243
1998-05-21,-0.003107,-0.001683,0.02,0,-0.021683,-0.188439783820105,-0.023107,-0.331181674827694
1998-05-22,-0.004931,-0.003594,0.02,0,-0.023594,-0.380045393686725,-0.024931,-0.514317749691579
1998-05-26,-0.014828,-0.013609,0.02,0,-0.033609,-1.39024312638848,-0.034828,-1.51390137675478
1998-05-27,-0.003928,-0.013509,0.02,0,-0.033509,-1.3801056726446,-0.023928,-0.413571485631375
1998-05-28,0.005968,0.007385,0.02,0,-0.012615,0.715788440052613,-0.014032,0.575028202383039
1998-05-29,-0.003673,0.002674,0.02,0,-0.017326,0.247045121985874,-0.023673,-0.387974203019574
1998-06-01,-0.003557,-0.011021,0.019,0,-0.030021,-1.12721631064082,-0.022557,-0.375332311826998
1998-06-02,0.002243,-0.001983,0.019,0,-0.020983,-0.21749506999009,-0.016757,0.20505062784451
1998-06-03,-0.007366,-0.002182,0.019,0,-0.021182,-0.237436598288718,-0.026366,-0.75832448919992
1998-06-04,0.009505,0.00248,0.019,0,-0.01652,0.228694792260653,-0.009495,0.927012975320679
1998-06-05,0.013883,0.004866,0.019,0,-0.014134,0.466421733574064,-0.005117,1.3597531944004
1998-06-08,0.0028,0.000505,0.019,0,-0.018495,0.0314890578126948,-0.0162,0.260610534971527
1998-06-09,0.002433,-0.000348,0.019,0,-0.019348,-0.0538042518337739,-0.016567,0.22400630951765
1998-06-10,-0.00717,-0.008557,0.019,0,-0.027557,-0.878380328066359,-0.02617,-0.738580993408843
1998-06-11,-0.014528,-0.01209,0.019,0,-0.03109,-1.23536604531942,-0.033528,-1.48245467188934
1998-06-12,0.00082,-0.006332,0.019,0,-0.025332,-0.654211409376143,-0.01818,0.0629682031390369
1998-06-15,-0.019643,-0.017514,0.019,0,-0.036514,-1.78591666563976,-0.038643,-2.00284698914509
1998-06-16,0.01002,0.006332,0.019,0,-0.012668,0.612205516139453,-0.00898,0.978015068502347
1998-06-17,0.016311,0.010079,0.019,0,-0.008921,0.983856366380993,-0.002689,1.59894227264391
1998-06-18,-0.001685,-0.003546,0.019,0,-0.022546,-0.374228391253068,-0.020685,-0.187640316150207
1998-06-19,-0.00394,-0.0011,0.019,0,-0.0201,-0.129058739631902,-0.02294,-0.41377642003834
1998-06-22,0.003479,-0.000295,0.019,0,-0.019295,-0.048502547334536,-0.015521,0.328298032664939
1998-06-23,0.013154,0.004856,0.019,0,-0.014144,0.465426571059041,-0.005846,1.28782554518338
1998-06-24,0.011201,0.005245,0.019,0,-0.013755,0.504131094349776,-0.007799,1.09487513817316
1998-06-25,-0.002646,-0.000174,0.019,0,-0.019174,-0.0363997092042245,-0.021646,-0.283948879772732
1998-06-26,0.003007,0.001881,0.019,0,-0.017119,0.1689251182516,-0.015993,0.281250606597049
1998-06-29,0.00564,0.003321,0.019,0,-0.015679,0.312551570603301,-0.01336,0.543417279793536
1998-06-30,-0.001381,0.005277,0.019,0,-0.013723,0.507314347256504,-0.020381,-0.157193641162611
1998-07-01,0.010824,0.004293,0.018,1,-0.013707,0.410382756204594,-0.007176,1.05858560175342
1998-07-02,-0.00167,-0.000597,0.018,0,-0.018597,-0.0777162077400901,-0.01967,-0.18513798063785
1998-07-06,0.00852,0.001749,0.018,0,-0.016251,0.156748847861774,-0.00948,0.830392584636643
1998-07-07,-0.001401,-0.000681,0.018,0,-0.018681,-0.0861215787771283,-0.019401,-0.158196612003603
1998-07-08,0.008746,0.002922,0.018,0,-0.015078,0.273775545396786,-0.009254,0.852799148862237
1998-07-09,-0.004986,0.00082,0.018,0,-0.01718,0.063968018173264,-0.022986,-0.51784553727157
1998-07-10,0.003026,0.000212,0.018,0,-0.017788,0.00319937292318002,-0.014974,0.284144707517956
1998-07-13,0.000947,-0.001357,0.018,0,-0.019357,-0.153790536024116,-0.017053,0.0766568076448056
1998-07-14,0.008412,0.002841,0.018,0,-0.015159,0.26569881848099,-0.009588,0.819683249854586
1998-07-15,-0.000678,0.002557,0.018,0,-0.015443,0.237375263565847,-0.018678,-0.0858213747885178
1998-07-16,0.006445,0.003699,0.018,0,-0.014301,0.351219172153798,-0.011555,0.624433599394026
1998-07-17,0.001777,0.002313,0.018,0,-0.015687,0.213034533124003,-0.016223,0.159543920149513
1998-07-20,-0.001093,0.000428,0.018,0,-0.017572,0.0247924632182127,-0.019093,-0.12735815620513
1998-07-21,-0.01512,-0.008065,0.018,0,-0.026065,-0.827768183956013,-0.03312,-1.54154564447212
1998-07-22,-0.003009,-0.005939,0.018,0,-0.023939,-0.613668980120274,-0.021009,-0.319351994423053
1998-07-23,-0.01997,-0.014034,0.018,0,-0.032034,-1.431339153461,-0.03797,-2.03520793431104
1998-07-24,-0.00175,-0.003114,0.018,0,-0.021114,-0.329884238899223,-0.01975,-0.193151684075008
1998-07-27,0.001435,-0.009906,0.018,0,-0.027906,-1.01353746679137,-0.016565,0.125398756949333
1998-07-28,-0.014392,-0.010263,0.018,0,-0.028263,-1.04960115140579,-0.032392,-1.46765531546503
1998-07-29,-0.004694,-0.002701,0.018,0,-0.020701,-0.288463808407097,-0.022694,-0.488503521706737
1998-07-30,0.014275,0.005252,0.018,0,-0.012748,0.505827254616056,-0.003725,1.39940877539381
1998-07-31,-0.018214,-0.010296,0.018,0,-0.028296,-1.05293542608263,-0.036214,-1.85619007851211
1998-08-03,-0.008598,-0.012928,0.02,0,-0.032928,-1.32122738836542,-0.028598,-0.88351560511615
1998-08-04,-0.034757,-0.025919,0.02,0,-0.045919,-2.64607965823946,-0.054757,-3.55753758740055
1998-08-05,0.004459,-0.008199,0.02,0,-0.028199,-0.84327766624822,-0.015541,0.424910811064625
1998-08-06,0.010227,0.009741,0.02,0,-0.010259,0.949388232169573,-0.009773,0.99750780726955
1998-08-07,0.00421,0.013576,0.02,0,-0.006424,1.32846917623191,-0.01579,0.400118274188172
1998-08-10,-0.005857,-0.005382,0.02,0,-0.025382,-0.559651514019731,-0.025857,-0.60741994964696
1998-08-11,-0.016917,-0.022921,0.02,0,-0.042921,-2.33877504361751,-0.036917,-1.72617070002735
1998-08-12,0.015636,0.012088,0.02,0,-0.007912,1.18155436038475,-0.004364,1.53150372438774
1998-08-13,-0.008869,-0.006856,0.02,0,-0.026856,-0.707959034756458,-0.028869,-0.910854368373851
1998-08-14,-0.009413,-0.002044,0.02,0,-0.022044,-0.224607182160426,-0.029413,-0.965756227635808
1998-08-17,0.014931,-0.002219,0.02,0,-0.022219,-0.242144563132821,-0.005069,1.46206498847529
1998-08-18,0.016335,0.007178,0.02,1,-0.012822,0.69523807744509,-0.003665,1.60030392159257
1998-08-19,-0.004254,-0.003874,0.02,0,-0.023874,-0.408150337732097,-0.024254,-0.446305400367654
1998-08-20,-0.00648,-0.006842,0.02,0,-0.026842,-0.706549380031221,-0.02648,-0.67010663450262
1998-08-21,-0.011825,-0.014519,0.02,0,-0.034519,-1.48254121314075,-0.031825,-1.2095451415733
1998-08-24,0.003383,-0.005474,0.02,0,-0.025474,-0.56890172416697,-0.016617,0.317731052597117
1998-08-25,0.002485,-0.005698,0.02,0,-0.025698,-0.59142755354459,-0.017515,0.2281937490464
1998-08-26,-0.010921,-0.020449,0.02,0,-0.040449,-2.08609555743499,-0.030921,-1.11810518869034
1998-08-27,-0.039433,-0.03744,0.02,0,-0.05744,-3.83588571034377,-0.059433,-4.04315238732197
1998-08-28,-0.016001,-0.014324,0.02,0,-0.034324,-1.46275587887909,-0.036001,-1.63303781932289
1998-08-31,-0.065905,-0.054321,0.02,0,-0.074321,-5.60520709833898,-0.085905,-6.8377112866285
1998-09-01,0.034987,0.017535,0.022,0,-0.004465,1.71630599738635,0.012987,3.41688904484279
1998-09-02,0.000744,0.012281,0.022,0,-0.009719,1.19862245032946,-0.021256,0.0523747565651625
1998-09-03,-0.010336,-0.011738,0.022,0,-0.033738,-1.20274100061643,-0.032336,-1.06097632036019
1998-09-04,-0.006699,0.0021,0.022,0,-0.0199,0.187782227859738,-0.028699,-0.69415148196895
1998-09-08,0.04835,0.027976,0.022,0,0.005976,2.73718446533935,0.02635,4.69975238055619
1998-09-09,-0.017532,-0.012021,0.022,0,-0.034021,-1.23138123244387,-0.039532,-1.79074815472373
1998-09-10,-0.024597,-0.018786,0.022,0,-0.040786,-1.91846742601742,-0.046597,-2.51245358531962
1998-09-11,0.02608,0.015614,0.022,0,-0.006386,1.52733799045325,0.00408,2.5525740614867
1998-09-14,0.020014,0.011323,0.022,0,-0.010677,1.10393988678749,-0.001986,1.95963768886334
1998-09-15,0.006943,0.00241,0.022,0,-0.01959,0.218712480387431,-0.015057,0.669903255723754
1998-09-16,0.008548,0.008757,0.022,0,-0.013243,0.849890405568478,-0.013452,0.829169691472416
1998-09-17,-0.023568,-0.011875,0.022,0,-0.033875,-1.21660468219493,-0.045568,-2.4070143350416
1998-09-18,0.004216,0.009965,0.022,0,-0.012035,0.96957009838276,-0.017784,0.398716176904869
1998-09-21,0.00205,-0.003714,0.022,0,-0.025714,-0.394088982597717,-0.01995,0.182792581375156
1998-09-22,0.007646,0.009,0.022,0,-0.013,0.873976556792316,-0.014354,0.739694168762057
1998-09-23,0.032437,0.01918,0.022,0,-0.00282,1.8778406605766,0.010437,3.17020512387397
1998-09-24,-0.019815,-0.006513,0.022,0,-0.028513,-0.675427793226779,-0.041815,-2.02339254267186
1998-09-25,0.000726,0.000165,0.022,0,-0.021835,-0.0054989414551558,-0.021274,0.0505760785934232
1998-09-28,0.003589,0.001453,0.022,0,-0.020547,0.123196961336714,-0.018411,0.336259910446562
1998-09-29,-0.001598,-0.003653,0.022,1,-0.025653,-0.387966430173958,-0.023598,-0.181925396740079
1998-09-30,-0.025481,-0.005814,0.022,0,-0.027814,-0.605094289796877,-0.047481,-2.60312388500978
1998-10-01,-0.032744,-0.028105,0.015,0,-0.043105,-2.86574937992681,-0.047744,-3.34420710186095
1998-10-02,0.013262,0.002235,0.015,0,-0.012765,0.208251735159082,-0.001738,1.30248407842279
1998-10-05,-0.019592,-0.028181,0.015,0,-0.043181,-2.87356946045704,-0.034592,-1.9936456177876
1998-10-06,-0.00499,-0.009736,0.015,0,-0.024736,-0.993369348719548,-0.01999,-0.515248037391631
1998-10-07,-0.016961,-0.026526,0.015,0,-0.041526,-2.70341510331873,-0.031961,-1.72564739071855
1998-10-08,-0.017343,-0.037639,0.015,0,-0.052639,-3.85156275846728,-0.032343,-1.76451403182774
1998-10-09,0.026219,0.023122,0.015,0,0.008122,2.27087481948025,0.011219,2.57311855125781
1998-10-12,0.016781,0.019356,0.015,0,0.004356,1.90210665964527,0.001781,1.6491765893438
1998-10-13,-0.006285,-0.007987,0.015,0,-0.022987,-0.81690556955471,-0.021285,-0.645482251074963
1998-10-14,0.013511,0.00771,0.015,0,-0.00729,0.75304410922259,-0.001489,1.32705515779406
1998-10-15,0.040646,0.025737,0.015,0,0.010737,2.52613898552978,0.025646,3.96916854121098
1998-10-16,0.010577,0.016506,0.015,0,0.001506,1.62212679247038,-0.004423,1.03714661083879
1998-10-19,0.008334,0.01802,0.015,0,0.00302,1.77095755496412,-0.006666,0.814947522037645
1998-10-20,0.003375,0.016523,0.015,0,0.001523,1.62379917392686,-0.011625,0.3219328718479
1998-10-21,0.005547,0.009028,0.015,0,-0.005972,0.88375024830861,-0.009453,0.5381683301002
1998-10-22,0.008724,0.014072,0.015,0,-0.000928,1.38239198142255,-0.006276,0.853617704537107
1998-10-23,-0.005939,0.008595,0.015,0,-0.006405,0.840828453042838,-0.020939,-0.610669475038388
1998-10-26,0.004563,0.012486,0.015,0,-0.002514,1.22587039913424,-0.010437,0.440263232508491
1998-10-27,-0.004126,0.004877,0.015,0,-0.010123,0.4715157210183,-0.019126,-0.428452417532207
1998-10-28,0.002622,0.0038,0.015,0,-0.0112,0.364280948757136,-0.012378,0.246857980373247
1998-10-29,0.015511,0.012352,0.015,0,-0.002648,1.21263477236354,0.000511000000000001,1.52419453309233
1998-10-30,0.012714,0.014811,0.015,0,-0.000189,1.45523995074175,-0.002286,1.24838669391631
1998-11-02,0.014396,0.018732,0.015,0,0.003732,1.84087279540606,-0.000603999999999999,1.41433727242594
1998-11-03,-0.00087,0.004849,0.015,0,-0.010151,0.468729271522019,-0.01587,-0.10203674207692
1998-11-04,0.009087,0.013189,0.015,0,-0.001811,1.2952793643654,-0.005913,0.889597288741569
1998-11-05,0.012169,0.008808,0.015,0,-0.006192,0.861944710011967,-0.002831,1.1945564219292
1998-11-06,0.00663,0.010636,0.015,0,-0.004364,1.04298468926167,-0.00837,0.64581294631199
1998-11-09,-0.008214,-0.00104,0.015,0,-0.01604,-0.119052992637225,-0.023214,-0.839790952699953
1998-11-10,-0.001764,-0.002224,0.015,0,-0.017224,-0.237646551201708,-0.016764,-0.191554643122621
1998-11-11,-0.006358,-0.000756,0.015,0,-0.015756,-0.0906274663233658,-0.021358,-0.652828691602038
1998-11-12,-0.00269,0.000695,0.015,0,-0.014305,0.0544769848217622,-0.01769,-0.284361330261306
1998-11-13,0.005268,0.003099,0.015,0,-0.011901,0.294421924610033,-0.009732,0.510418387734504
1998-11-16,0.007449,0.002173,0.015,0,-0.012827,0.202065369906122,-0.007551,0.727140445892856
1998-11-17,0.00312,-0.001663,0.015,1,-0.016663,-0.18143730705866,-0.01188,0.296515414902047
1998-11-18,0.005065,0.003209,0.015,0,-0.011791,0.305387339701855,-0.009935,0.490222728538741
1998-11-19,0.00729,0.005304,0.015,0,-0.009696,0.513999458196426,-0.00771,0.711356763705725
1998-11-20,0.008438,0.005409,0.015,0,-0.009591,0.52444351461775,-0.006562,0.825261032944399
1998-11-23,0.019846,0.005599,0.015,0,-0.009401,0.543339511109593,0.004846,1.95016467542112
1998-11-24,-0.004701,-0.003271,0.015,0,-0.018271,-0.342635016627665,-0.019701,-0.486207320394311
1998-11-25,0.003951,0.007879,0.015,0,-0.007121,0.7698134010173,-0.011049,0.379322654654402
1998-11-27,0.005685,0.011344,0.015,0,-0.003656,1.11301505839837,-0.009315,0.551891262135546
1998-11-30,-0.022479,-0.007806,0.015,0,-0.022806,-0.79866150525073,-0.037479,-2.28854927285464
1998-12-01,0.008103,-0.000938,0.017,0,-0.017938,-0.110842574892903,-0.008897,0.790036141694186
1998-12-02,-0.00247,-0.000911,0.017,0,-0.017911,-0.108140076432912,-0.01947,-0.264304103403546
1998-12-03,-0.015497,-0.006618,0.017,0,-0.023618,-0.680998161397543,-0.032497,-1.57883192271396
1998-12-04,0.019707,0.006361,0.017,0,-0.010639,0.617086867424251,0.002707,1.93453455769894
1998-12-07,0.008839,0.002415,0.017,0,-0.014585,0.224210302231635,-0.008161,0.863017916347916
1998-12-08,-0.004006,-0.003366,0.017,0,-0.020366,-0.354166327402673,-0.021006,-0.418403106370676
1998-12-09,0.001339,0.001406,0.017,0,-0.015594,0.123502695586381,-0.015661,0.116811878730017
1998-12-10,-0.015147,-0.006028,0.017,0,-0.023028,-0.621622728803911,-0.032147,-1.54328730775506
1998-12-11,-0.000605,-0.002458,0.017,0,-0.019458,-0.263101139299981,-0.017605,-0.0775168637986009
1998-12-14,-0.020549,-0.014881,0.017,0,-0.031881,-1.51628184761485,-0.037549,-2.09330539237234
1998-12-15,0.016239,0.002611,0.017,0,-0.014389,0.24376117096095,-0.000761000000000001,1.59385721614237
1998-12-16,-0.000463,0.000243,0.017,0,-0.016757,0.00729849286446396,-0.017463,-0.0633092769233233
1998-12-17,0.014666,0.005124,0.017,0,-0.011876,0.4940931432912,-0.002334,1.4389508749253
1998-12-18,0.006689,0.004822,0.017,0,-0.012178,0.46404258449284,-0.010311,0.649674235140167
1998-12-21,0.013469,0.000857,0.017,0,-0.016143,0.0686647433535378,-0.003531,1.32091138159918
1998-12-22,2.9e-05,-0.002715,0.017,1,-0.019715,-0.288867784870939,-0.016971,-0.0140985972129328
1998-12-23,0.019196,0.007464,0.017,0,-0.009536,0.72662966387345,0.002196,1.88440956296412
1998-12-24,-0.000177,0.007123,0.017,0,-0.009877,0.692776571080075,-0.017177,-0.0347001217986114
1998-12-28,0.0017,-0.000702,0.017,0,-0.017702,-0.0872232069014342,-0.0153,0.152857108394402
1998-12-29,0.011206,0.008236,0.017,0,-0.008764,0.803228367822123,-0.005794,1.09736923855189
1998-12-30,-0.004896,0.005512,0.017,0,-0.011488,0.532687896873273,-0.021896,-0.507801022422413
1998-12-31,0.005046,0.025986,0.017,0,0.008986,2.54841158796719,-0.011954,0.486332605621336
1999-01-04,-0.000831,0.011409,0.019,0,-0.007591,1.11544262283241,-0.019831,-0.10213274241907
1999-01-05,0.011888,0.009512,0.019,0,-0.009488,0.927706382062676,-0.007112,1.16279108516382
1999-01-06,0.021143,0.014866,0.019,0,-0.004134,1.45666021216629,0.002143,2.0732606188845
1999-01-07,-0.000799,0.00356,0.019,0,-0.01544,0.336369624701165,-0.019799,-0.0989301322915428
1999-01-08,0.004604,0.00941,0.019,0,-0.00959,0.917601979803769,-0.014396,0.440345205784683
1999-01-11,-0.004982,0.006378,0.019,0,-0.012622,0.616776467742814,-0.023982,-0.518443348719924
1999-01-12,-0.018197,-0.006131,0.019,0,-0.025131,-0.633985370747908,-0.037197,-1.85545837029984
1999-01-13,-0.00576,-0.006715,0.019,0,-0.025715,-0.692762900502859,-0.02476,-0.596663472974048
1999-01-14,-0.015793,-0.001111,0.019,0,-0.020111,-0.130159957027744,-0.034793,-1.61090201523046
1999-01-15,0.023001,0.014609,0.019,0,-0.004391,1.43133346496578,0.004001,2.25504825338322
1999-01-19,0.0076,0.007704,0.019,0,-0.011296,0.748449377940333,-0.0114,0.738128354403207
1999-01-20,0.002364,0.001375,0.019,0,-0.017625,0.118407360085782,-0.016636,0.217122819565576
1999-01-21,-0.017356,-0.005434,0.019,0,-0.024434,-0.563879983491438,-0.036356,-1.76983630450941
1999-01-22,-0.006415,-0.001283,0.019,0,-0.020283,-0.14738057014415,-0.025415,-0.662564648752132
1999-01-25,0.006536,0.001815,0.019,0,-0.017185,0.162337292551107,-0.012464,0.632475101695829
1999-01-26,0.013889,0.005311,0.019,0,-0.013689,0.510696442444901,-0.005111,1.36034497690849
1999-01-27,-0.007022,-0.00568,0.019,0,-0.02468,-0.5886174497167,-0.026022,-0.72367522202772
1999-01-28,0.015965,0.00325,0.019,0,-0.01575,0.305474821260305,-0.003035,1.56489177917323
1999-01-29,0.009339,0.007896,0.019,0,-0.011104,0.767500777085077,-0.009661,0.910567920588951
1999-02-01,-0.003402,-0.001705,0.019,0,-0.020705,-0.18964371190608,-0.022402,-0.359778191233142
1999-02-02,-0.008696,-0.00512,0.019,0,-0.02412,-0.532313406403407,-0.027696,-0.892401279829515
1999-02-03,0.009073,0.007191,0.019,1,-0.011809,0.697528609256629,-0.009927,0.884210566239101
1999-02-04,-0.018078,-0.001812,0.019,0,-0.020812,-0.200362561012478,-0.037078,-1.84333854698999
1999-02-05,-0.008764,-0.003481,0.019,0,-0.022481,-0.367705472977402,-0.027764,-0.899261166644073
1999-02-08,0.002013,0.000908,0.019,0,-0.018092,0.0717606065081951,-0.016987,0.182099467812097
1999-02-09,-0.022437,-0.012225,0.019,0,-0.031225,-1.24903219151277,-0.041437,-2.28825210238452
1999-02-10,0.002821,-0.004918,0.019,0,-0.023918,-0.512011511121606,-0.016179,0.262704649462826
1999-02-11,0.024302,0.009234,0.019,0,-0.009766,0.900164531650854,0.005302,2.38214230591226
1999-02-12,-0.018543,-0.007622,0.019,0,-0.026622,-0.784117784295294,-0.037543,-1.89070586717567
1999-02-16,0.006144,-0.003453,0.019,0,-0.022453,-0.364895731603876,-0.012856,0.593522063462564
1999-02-17,-0.013809,-0.012271,0.019,0,-0.031271,-1.25368923093241,-0.032809,-1.40952131239826
1999-02-18,0.009466,0.000937,0.019,0,-0.018063,0.0746579337240414,-0.009534,0.923149621166028
1999-02-19,0.002409,0.003248,0.019,0,-0.015752,0.305275468955941,-0.016591,0.221612105884531
1999-02-22,0.023701,0.006617,0.019,0,-0.012383,0.640522180089146,0.004701,2.32345098395111
1999-02-23,0.000693,-0.00079,0.019,0,-0.01979,-0.0980294166729778,-0.018307,0.0502778034093884
1999-02-24,-0.012177,-0.004007,0.019,0,-0.023007,-0.420503148697192,-0.031177,-1.24417290333679
1999-02-25,-0.007097,-0.003,0.019,0,-0.022,-0.319449097258473,-0.026097,-0.73122854471278
1999-02-26,-0.00488,0.000586,0.019,0,-0.018414,0.0395846416761211,-0.02388,-0.508192803271386
1999-03-01,-0.000384,-0.000627,0.018,0,-0.018627,-0.0807180448646355,-0.018384,-0.0564057548823543
1999-03-02,-0.006472,-0.002442,0.018,0,-0.020442,-0.262497034702986,-0.024472,-0.66730179986081
1999-03-03,-0.000296,-0.004806,0.018,0,-0.022806,-0.499756975624667,-0.018296,-0.0476027618590436
1999-03-04,0.013488,0.003216,0.018,0,-0.014784,0.303085593070948,-0.004512,1.32178628800099
1999-03-05,0.020411,0.00586,0.018,0,-0.01214,0.566291318131488,0.002411,2.00255035117115
1999-03-08,0.006597,0.001917,0.018,0,-0.016083,0.17351810984393,-0.011403,0.639535122391447
1999-03-09,-0.002177,-0.003047,0.018,0,-0.021047,-0.323163535770714,-0.020177,-0.235935691124192
1999-03-10,0.005639,0.006617,0.018,0,-0.011383,0.641521995123373,-0.012361,0.544317655615202
1999-03-11,0.007633,0.002786,0.018,0,-0.015214,0.26021424931496,-0.010367,0.74240322497721
1999-03-12,-0.002965,-0.000839,0.018,0,-0.018839,-0.101933595943094,-0.020965,-0.31493881224718
1999-03-15,0.009283,0.001092,0.018,0,-0.016908,0.0911420399757976,-0.008717,0.906019396210017
1999-03-16,-0.001263,-0.001803,0.018,0,-0.019803,-0.19846111628257,-0.019263,-0.144378205864667
1999-03-17,-0.005089,0.000449,0.018,0,-0.017551,0.0268915427719055,-0.023089,-0.528197686231152
1999-03-18,0.01218,0.003852,0.018,0,-0.014148,0.366461624305322,-0.00582,1.19264368597656
1999-03-19,-0.012261,-0.004012,0.018,0,-0.022012,-0.42000534648337,-0.030261,-1.25167699757503
1999-03-22,-0.002787,-0.002604,0.018,0,-0.020604,-0.278738010721089,-0.020787,-0.297087471744625
1999-03-23,-0.026062,-0.014167,0.018,0,-0.032167,-1.44482937231208,-0.044062,-2.6587616198414
1999-03-24,0.005006,0.001842,0.018,0,-0.016158,0.166032179646234,-0.012994,0.48135278405278
1999-03-25,0.01779,0.010954,0.018,0,-0.007046,1.07144556958166,-0.000209999999999998,1.7453626209396
1999-03-26,-0.00461,0.002874,0.018,0,-0.015126,0.26898941560002,-0.02261,-0.480064262266837
1999-03-29,0.019376,0.007189,0.018,0,-0.010811,0.698329852025445,0.001376,1.9010691583972
1999-03-30,-0.006279,-0.003471,0.018,1,-0.021471,-0.365702169818445,-0.024279,-0.647877963129047
1999-03-31,-0.007844,-0.001825,0.018,0,-0.019825,-0.200665114335127,-0.025844,-0.805490979844511
1999-04-01,0.005663,0.001725,0.018,0,-0.016275,0.15435300943301,-0.012337,0.546704169425772
1999-04-05,0.018325,0.000942,0.018,0,-0.017058,0.0761572794491853,0.000325000000000002,1.79791368139661
1999-04-06,-0.002196,-0.004544,0.018,0,-0.022544,-0.473433915165738,-0.020196,-0.237839854577641
1999-04-07,0.004102,5.1e-05,0.018,0,-0.017949,-0.0128985102399522,-0.013898,0.391362593280885
1999-04-08,0.013218,0.00534,0.018,0,-0.01266,0.514580895340399,-0.004782,1.29514206810948
1999-04-09,0.004653,0.008913,0.018,0,-0.009087,0.869352986788404,-0.013347,0.446222445659009
1999-04-12,0.008995,0.005577,0.018,0,-0.012423,0.538152231312726,-0.009005,0.877480215586261
1999-04-13,-0.002763,0.008961,0.018,0,-0.009039,0.874110469169271,-0.020763,-0.29468079321158
1999-04-14,-0.013497,0.006137,0.018,0,-0.011863,0.593826150613853,-0.031497,-1.37688962718026
1999-04-15,-0.003236,0.006424,0.018,0,-0.011576,0.622347025453967,-0.021236,-0.342123097289842
1999-04-16,-0.001426,0.011929,0.018,0,-0.006071,1.16784264993685,-0.019426,-0.16070015075576
1999-04-19,-0.023432,-0.005385,0.018,0,-0.023385,-0.55795351773916,-0.041432,-2.38908784351194
1999-04-20,0.012929,0.00166,0.018,0,-0.01634,0.147863992092578,-0.005071,1.26661501632499
1999-04-21,0.024557,0.013823,0.018,0,-0.004177,1.3548349917321,0.006557,2.40803402432458
1999-04-22,0.01339,0.006109,0.018,0,-0.011891,0.591043190677363,-0.00461,1.31211624371847
1999-04-23,0.00109,0.007103,0.018,0,-0.010897,0.689790871574521,-0.01691,0.0909422579380008
1999-04-26,0.004594,0.005047,0.018,0,-0.012953,0.485432278474637,-0.013406,0.440349598764928
1999-04-27,0.001117,0.00504,0.018,0,-0.01296,0.484735791208162,-0.016883,0.0936392817723632
1999-04-28,-0.008105,0.004983,0.018,0,-0.013017,0.479064214314238,-0.026105,-0.831800787556667
1999-04-29,-0.004461,0.003546,0.018,0,-0.014454,0.335974396324608,-0.022461,-0.465096375388081
1999-04-30,-0.004383,0.002329,0.018,0,-0.015671,0.214630828123344,-0.022383,-0.45726173058477
1999-05-03,0.011799,0.006624,0.017,0,-0.010376,0.643217216283926,-0.005201,1.15599489859567
1999-05-04,-0.014288,-0.001981,0.017,0,-0.018981,-0.21529503273801,-0.031288,-1.45610418470053
1999-05-05,0.009909,0.001191,0.017,0,-0.015809,0.102030577049696,-0.007091,0.969024223247002
1999-05-06,-0.010719,0.002411,0.017,0,-0.014589,0.223811265108213,-0.027719,-1.09468478878631
1999-05-07,0.008531,0.004297,0.017,0,-0.012703,0.411780870582476,-0.008469,0.832483110893974
1999-05-10,0.000161,0.00589,0.017,0,-0.01111,0.570273621104427,-0.016839,-0.000899851074653217
1999-05-11,0.011791,0.006321,0.017,0,-0.010679,0.613112071604021,-0.005209,1.1552042245955
1999-05-12,0.006233,0.005721,0.017,0,-0.011279,0.553471167707861,-0.010767,0.604366964634858
1999-05-13,0.002787,0.006613,0.017,0,-0.010387,0.642124448765734,-0.014213,0.261313796469889
1999-05-14,-0.02104,-0.006146,0.017,0,-0.023146,-0.633494995303957,-0.03804,-2.14344808563618
1999-05-17,0.000953,-0.002327,0.017,0,-0.019327,-0.249969722366142,-0.016047,0.0782560632164214
1999-05-18,-0.003216,0.001745,0.017,1,-0.015255,0.157349370473727,-0.020216,-0.339116799377631
1999-05-19,0.008449,0.005188,0.017,0,-0.011812,0.50046031416036,-0.008551,0.824352142808502
1999-05-20,-0.00334,0.007334,0.017,0,-0.009666,0.713725144395031,-0.02034,-0.351557580273401
1999-05-21,-0.00535,0.004054,0.017,0,-0.012946,0.387581913210401,-0.02235,-0.553434805078819
1999-05-24,-0.018918,-0.010205,0.017,0,-0.027205,-1.04274135543085,-0.035918,-1.9269220286377
1999-05-25,-0.017343,-0.009309,0.017,0,-0.026309,-0.952258508177131,-0.034343,-1.766513711879
1999-05-26,0.013231,-0.000131,0.017,0,-0.017131,-0.0300994132886895,-0.003769,1.29742492567635
1999-05-27,-0.013938,-0.003715,0.017,0,-0.020715,-0.389190330241483,-0.030938,-1.42060315834802
1999-05-28,0.014876,0.00975,0.017,0,-0.00725,0.953278990974774,-0.002124,1.45964519913731
1999-06-01,-0.007232,-0.002463,0.018,0,-0.020463,-0.264602197615106,-0.025232,-0.743826148405825
1999-06-02,0.001216,-0.003758,0.018,0,-0.021758,-0.394506282482099,-0.016784,0.103527746885875
1999-06-03,0.001975,0.002388,0.018,0,-0.015612,0.220516945716703,-0.016025,0.179306844967
1999-06-04,0.019623,0.006824,0.018,0,-0.011176,0.662083809522634,0.001623,1.92529673292845
1999-06-07,0.007281,0.007205,0.018,0,-0.010795,0.699918419108184,-0.010719,0.707463768148689
1999-06-08,-0.01183,-0.003323,0.018,0,-0.021323,-0.350851722822801,-0.02983,-1.2080515060331
1999-06-09,0.002111,0.002573,0.018,0,-0.015427,0.238971170065709,-0.015889,0.192879116836448
1999-06-10,-0.011097,-0.002141,0.018,0,-0.020141,-0.232327901906882,-0.029097,-1.13390148389583
1999-06-11,-0.007245,-0.00123,0.018,0,-0.01923,-0.141074087280552,-0.025245,-0.745135627067134
1999-06-14,-0.004427,-0.007929,0.018,0,-0.025929,-0.814058547975778,-0.022427,-0.461681198340953
1999-06-15,0.004864,-0.001653,0.018,0,-0.019653,-0.183435151387008,-0.013136,0.467222516897564
1999-06-16,0.021942,0.008698,0.018,0,-0.009302,0.848040652466892,0.003942,2.15247549014331
1999-06-17,0.007096,0.005546,0.018,0,-0.012454,0.535069376608916,-0.010904,0.689095806191207
1999-06-18,0.002578,0.00499,0.018,0,-0.01301,0.479760741083506,-0.015422,0.23946988562379
1999-06-21,0.005859,0.004624,0.018,0,-0.013376,0.443335835201416,-0.012141,0.566191900668115
1999-06-22,-0.008868,-0.001889,0.018,0,-0.019889,-0.207077021248457,-0.026868,-0.908753853516193
1999-06-23,-0.001549,-0.000424,0.018,0,-0.018424,-0.0604073715360161,-0.019549,-0.173018474277552
1999-06-24,-0.012497,-0.00254,0.018,0,-0.02054,-0.272321507472538,-0.030497,-1.27557280387349
1999-06-25,-0.000241,0.002495,0.018,0,-0.015505,0.231190885303362,-0.018241,-0.0421012847110421
1999-06-28,0.011682,0.006292,0.018,0,-0.011708,0.609230420807385,-0.006318,1.1434308433963
1999-06-29,0.014269,0.007706,0.018,0,-0.010294,0.74964766375718,-0.003731,1.39881721809951
1999-06-30,0.016033,0.013642,0.018,1,-0.004358,1.33698018284703,-0.001967,1.5725845141833
1999-07-01,0.00564,0.003088,0.018,0,-0.014912,0.290325811883883,-0.01236,0.544417094827763
1999-07-02,0.007484,0.008048,0.018,0,-0.009952,0.783580376110133,-0.010516,0.727615001735429
1999-07-06,-0.000238,0.003267,0.018,0,-0.014733,0.308169114836244,-0.018238,-0.0418012128438297
1999-07-07,0.002208,8e-06,0.018,0,-0.017992,-0.0171983833943567,-0.015792,0.202558214831899
1999-07-08,7e-05,0.002422,0.018,0,-0.015578,0.223908788335531,-0.01793,-0.010998625182941
1999-07-09,0.005734,0.006606,0.018,0,-0.011394,0.64042922000605,-0.012266,0.553763939329923
1999-07-12,-0.002063,0.002673,0.018,0,-0.015327,0.248945008695273,-0.020063,-0.224511471766756
1999-07-13,-0.00382,-0.000466,0.018,0,-0.018466,-0.0646092413687097,-0.02182,-0.400729863633081
1999-07-14,0.004844,0.005844,0.018,0,-0.012156,0.564700626856794,-0.013156,0.465232178002494
1999-07-15,0.008301,0.006889,0.018,0,-0.011111,0.668539545769316,-0.009699,0.808675238292
1999-07-16,0.004596,0.002708,0.018,0,-0.015292,0.25243561721341,-0.013404,0.440548683968418
1999-07-19,-0.007754,-0.001196,0.018,0,-0.019196,-0.137669958071493,-0.025754,-0.796420237115799
1999-07-20,-0.021588,-0.011475,0.018,0,-0.029475,-1.1721329648503,-0.039588,-2.20044135640096
1999-07-21,0.002601,0.003005,0.018,0,-0.014995,0.282051021029485,-0.015399,0.24176394515673
1999-07-22,-0.012949,-0.004801,0.018,0,-0.022801,-0.499254562282175,-0.030949,-1.32135529530144
1999-07-23,-0.003256,-0.003379,0.018,0,-0.021379,-0.356470551519236,-0.021256,-0.344129610431567
1999-07-26,-0.009941,-0.010428,0.018,0,-0.028428,-1.06627363664,-0.027941,-1.01707254716179
1999-07-27,0.011276,0.0036,0.018,0,-0.0144,0.341355170818643,-0.006724,1.10329160121222
1999-07-28,0.002207,0.000978,0.018,0,-0.017022,0.079753826764151,-0.015793,0.202458435095667
1999-07-29,-0.017433,-0.007629,0.018,0,-0.025629,-0.783823348127617,-0.035433,-1.77667279815037
1999-07-30,-0.006751,0.003949,0.018,0,-0.014051,0.376123936464293,-0.024751,-0.695387488575142
1999-08-02,-0.002197,-0.004401,0.018,0,-0.022401,-0.459069671059384,-0.020197,-0.237940074711164
1999-08-03,-0.007221,-0.01062,0.018,0,-0.02862,-1.08567784660592,-0.025221,-0.742718141393137
1999-08-04,-0.014131,-0.012405,0.018,0,-0.030405,-1.26625681043251,-0.032131,-1.44117770486903
1999-08-05,0.005711,-0.003646,0.018,0,-0.021646,-0.38326466600611,-0.012289,0.551477026190264
1999-08-06,-0.009767,-0.001697,0.018,0,-0.019697,-0.187842533753184,-0.027767,-0.99949938113902
1999-08-09,-0.003409,-0.003693,0.018,0,-0.021693,-0.387981976176652,-0.021409,-0.35948076819486
1999-08-10,-0.011303,-0.0113,0.018,0,-0.0293,-1.15443138809935,-0.029303,-1.15473481730451
1999-08-11,0.01639,0.008748,0.018,0,-0.009252,0.852997414631553,-0.00161,1.60771499673261
1999-08-12,-0.001113,0.003088,0.018,0,-0.014912,0.290325811883883,-0.019113,-0.129360364641102
1999-08-13,0.021934,0.009553,0.018,0,-0.008447,0.932767482890638,0.003934,2.15169266378789
1999-08-16,0.002624,0.000883,0.018,0,-0.017117,0.0702626582892853,-0.015376,0.244057952063786
1999-08-17,0.009594,0.004493,0.018,0,-0.013507,0.430295280551224,-0.008406,0.936828603750648
1999-08-18,-0.007271,-0.001106,0.018,0,-0.019106,-0.128659587128448,-0.025271,-0.747754635832904
1999-08-19,-0.007277,-5e-04,0.018,0,-0.0185,-0.0680108843626036,-0.025277,-0.748359032212169
1999-08-20,0.008798,0.005398,0.018,0,-0.012602,0.520349921440874,-0.009202,0.857953931113481
1999-08-23,0.017091,0.004401,0.018,0,-0.013599,0.421136011812872,-0.000909,1.67666081208752
1999-08-24,0.001877,-0.001846,0.018,1,-0.019846,-0.202768975973241,-0.016123,0.169525683476218
1999-08-25,0.011669,0.002795,0.018,0,-0.015205,0.261111744853666,-0.006331,1.14214584637895
1999-08-26,-0.011717,-0.001596,0.018,0,-0.019596,-0.17772587666868,-0.029717,-1.19661688045656
1999-08-27,-0.009218,-0.001157,0.018,0,-0.019157,-0.133765364316445,-0.027218,-0.944073247156727
1999-08-30,-0.017294,-0.007599,0.018,0,-0.025599,-0.78080033087402,-0.035294,-1.76252718069857
1999-08-31,-0.001395,0.00072,0.018,0,-0.01728,0.0539757122405116,-0.019395,-0.157595772029317
1999-09-01,0.007404,0.00441,0.018,0,-0.01359,0.422032064253849,-0.010596,0.719674113701748
1999-09-02,-0.008618,-0.004114,0.018,0,-0.022114,-0.43024695816053,-0.026618,-0.883533350526035
1999-09-03,0.027667,0.012706,0.018,0,-0.005294,1.24459722922111,0.009667,2.71112007932975
1999-09-07,-0.00265,0.001397,0.018,0,-0.016603,0.121604130140439,-0.02065,-0.283350126750714
1999-09-08,-0.004867,-0.001955,0.018,0,-0.019955,-0.213689730878772,-0.022867,-0.505886621659625
1999-09-09,0.003614,0.005568,0.018,0,-0.012432,0.537257218770114,-0.014386,0.342750139167831
1999-09-10,0.004422,0.006771,0.018,0,-0.011229,0.656819593032998,-0.013578,0.423226788352245
1999-09-13,-0.006065,-0.001343,0.018,0,-0.019343,-0.152388643469144,-0.024065,-0.626345061980471
1999-09-14,-0.005037,-0.002797,0.018,0,-0.020797,-0.298090271561723,-0.023037,-0.522971224655008
1999-09-15,-0.012358,-0.001742,0.018,0,-0.019742,-0.192350284831926,-0.030358,-1.26149788783143
1999-09-16,-0.001897,-0.006423,0.018,0,-0.024423,-0.662370002093714,-0.019897,-0.207878538520658
1999-09-17,0.012215,0.006227,0.018,0,-0.011773,0.602770854460672,-0.005785,1.19610150917841
1999-09-20,6.2e-05,-0.002586,0.018,0,-0.020586,-0.276933327568259,-0.017938,-0.0117985723864299
1999-09-21,-0.018888,-0.009968,0.018,0,-0.027968,-1.01979969455064,-0.036888,-1.92486405204399
1999-09-22,0.002863,0.001607,0.018,0,-0.016393,0.142572635522299,-0.015137,0.267892561924777
1999-09-23,-0.022383,-0.010753,0.018,0,-0.028753,-1.09912151236004,-0.040383,-2.28172849925777
1999-09-24,-0.002169,-0.005129,0.018,0,-0.023129,-0.532218227175375,-0.020169,-0.235133948938418
1999-09-27,0.004697,0.004928,0.018,0,-0.013072,0.473591335165487,-0.013303,0.450601971376981
1999-09-28,-0.002127,-0.006185,0.018,0,-0.024185,-0.63841901495703,-0.020127,-0.230924907917686
1999-09-29,-0.007138,-0.001457,0.018,0,-0.019457,-0.163804625856867,-0.025138,-0.734358120619156
1999-09-30,0.009445,0.00563,0.018,0,-0.01237,0.543422698252456,-0.008555,0.922069106755247
1999-10-01,-0.001618,-0.000319,0.018,0,-0.018319,-0.0499034693266913,-0.019618,-0.179929417759302
1999-10-04,0.016671,0.004448,0.018,0,-0.013552,0.42581530826657,-0.001329,1.63535804352652
1999-10-05,-0.000862,-0.002744,0.018,1,-0.020744,-0.2927755471164,-0.018862,-0.104235553758317
1999-10-06,0.017703,0.004503,0.018,0,-0.013497,0.43129080269264,-0.000296999999999999,1.73681432329839
1999-10-07,-0.004065,0.000113,0.018,0,-0.017887,-0.00669901859628127,-0.022065,-0.425326837325386
1999-10-08,0.010614,0.003077,0.018,0,-0.014923,0.289229192214005,-0.007386,1.0378083134314
1999-10-11,0.002385,0.00278,0.018,0,-0.01522,0.259615914480802,-0.015615,0.220217659962156
1999-10-12,-0.016319,-0.006387,0.018,0,-0.024387,-0.658746795454798,-0.034319,-1.66336052836599
1999-10-13,-0.020044,-0.009734,0.018,0,-0.027734,-0.996166887661058,-0.038044,-2.04275900865904
1999-10-14,-0.000716,-0.001013,0.018,0,-0.019013,-0.119349723321027,-0.018716,-0.0896240252363378
1999-10-15,-0.025649,-0.013602,0.018,0,-0.031602,-1.38753385110221,-0.043649,-2.61636544492215
1999-10-18,0.000193,-0.009485,0.018,0,-0.027485,-0.971025289340839,-0.017807,0.00129975759522679
1999-10-19,0.007499,0.004566,0.018,0,-0.013434,0.437562364298603,-0.010501,0.729103848043341
1999-10-20,0.018696,0.00674,0.018,0,-0.01126,0.653740394558051,0.000696000000000002,1.83433942311475
1999-10-21,-0.001277,-0.003532,0.018,0,-0.021532,-0.371823604022214,-0.019277,-0.145779986125621
1999-10-22,0.013604,0.00833,0.018,0,-0.00967,0.811551322216327,-0.004396,1.33323125449749
1999-10-25,-0.003904,-0.001813,0.018,0,-0.019813,-0.199462927557363,-0.021904,-0.409162430210179
1999-10-26,-0.00807,-0.000308,0.018,0,-0.018308,-0.0488031243685359,-0.02607,-0.828272250512962
1999-10-27,0.00821,0.001862,0.018,0,-0.016138,0.168028482493428,-0.00979,0.799649748219119
1999-10-28,0.032519,0.01017,0.018,0,-0.00783,0.99386497192189,0.014519,3.18214638188395
1999-10-29,0.017001,0.01001,0.018,0,-0.00799,0.978024799230888,-0.000999,1.66781165481649
1999-11-01,-0.003594,0.002797,0.017,0,-0.014203,0.262311012243457,-0.020594,-0.377045948583844
1999-11-02,-0.00278,0.004907,0.017,0,-0.012093,0.472501436412744,-0.01978,-0.295385692825345
1999-11-03,0.007196,0.008963,0.017,0,-0.008037,0.875308517720706,-0.009804,0.700024678259917
1999-11-04,0.006528,0.004602,0.017,0,-0.012398,0.442145762231432,-0.010472,0.633679933448574
1999-11-05,0.007391,0.004939,0.017,0,-0.012061,0.475685759988053,-0.009609,0.719383484864843
1999-11-08,0.006052,0.005562,0.017,0,-0.011438,0.537660364322039,-0.010948,0.586377465087017
1999-11-09,-0.007049,0.002203,0.017,0,-0.014797,0.203059140185763,-0.024049,-0.724394712405258
1999-11-10,0.005549,0.006086,0.017,0,-0.010914,0.589756954963282,-0.011451,0.536367546571037
1999-11-11,0.004386,0.004146,0.017,0,-0.012854,0.396744347237327,-0.012614,0.420642398265863
1999-11-12,0.010538,0.006686,0.017,0,-0.010314,0.649376228062499,-0.006462,1.03128767488128
1999-11-15,0.00131,0.008944,0.017,0,-0.008056,0.873425378408482,-0.01569,0.113915714699073
1999-11-16,0.018092,0.009967,0.017,1,-0.007033,0.974767150042107,0.001092,1.77603017742176
1999-11-17,-0.006,0.003994,0.017,0,-0.013006,0.381605960442554,-0.023,-0.618805787720047
1999-11-18,0.011246,0.009888,0.017,0,-0.007112,0.966944806355032,-0.005754,1.10132483304859
1999-11-19,-0.000821,0.002456,0.017,0,-0.014544,0.228300340942925,-0.017821,-0.0991322756713669
1999-11-22,-9.6e-05,0.001712,0.017,0,-0.015288,0.154055064680991,-0.017096,-0.0265990159932391
1999-11-23,-0.01234,-0.007774,0.017,0,-0.024774,-0.797436061587979,-0.02934,-1.25867555667258
1999-11-24,0.008769,0.005867,0.017,0,-0.011133,0.56798706263827,-0.008231,0.856079006507343
1999-11-26,0.00284,0.010904,0.017,0,-0.006096,1.06749944885247,-0.01416,0.26659892675706
1999-11-29,-0.006324,-0.000637,0.017,0,-0.017637,-0.0807188522336925,-0.023324,-0.651406674672409
1999-11-30,-0.013074,-0.000749,0.017,0,-0.017749,-0.0919266192279435,-0.030074,-1.33302025817534
1999-12-01,0.005045,0.002382,0.02,0,-0.017618,0.217918753239634,-0.014955,0.483233662535528
1999-12-02,0.011141,0.006954,0.02,0,-0.013046,0.672995245205344,-0.008859,1.0879416186578
1999-12-03,0.015814,0.005111,0.02,0,-0.014889,0.489800317066193,-0.004186,1.54902815279657
1999-12-06,-0.003118,-7.1e-05,0.02,0,-0.020071,-0.0270982523285577,-0.023118,-0.332285109267399
1999-12-07,-0.003852,0.00071,0.02,0,-0.01929,0.0509768066573907,-0.023852,-0.405941806174601
1999-12-08,-0.00092,0.004663,0.02,0,-0.015337,0.445218189183133,-0.02092,-0.112040346240816
1999-12-09,0.001666,-0.000433,0.02,0,-0.020433,-0.063307377423597,-0.018334,0.146463375876913
1999-12-10,0.005711,0.008035,0.02,0,-0.011965,0.780291126593042,-0.014289,0.549477406118011
1999-12-13,0.000994,0.005208,0.02,0,-0.014792,0.499450526816514,-0.019006,0.0793526306459135
1999-12-14,-0.012647,-0.00707,0.02,0,-0.02707,-0.72950908785903,-0.032647,-1.29276340498826
1999-12-15,0.005367,-0.001476,0.02,0,-0.021476,-0.167707036371361,-0.014633,0.515266897788147
1999-12-16,0.006939,0.005041,0.02,0,-0.014959,0.482835669613832,-0.013061,0.671505593073847
1999-12-17,0.003046,0.002892,0.02,0,-0.017108,0.268784621045847,-0.016954,0.284139033824563
1999-12-20,-0.000494,-0.001274,0.02,0,-0.021274,-0.147479223059181,-0.020494,-0.0694102060865756
1999-12-21,0.015016,0.005575,0.02,1,-0.014425,0.5359537202566,-0.004984,1.4704395913639
1999-12-22,0.00322,0.002591,0.02,0,-0.017409,0.238766914362703,-0.01678,0.301484689927618
1999-12-23,0.013459,0.009816,0.02,0,-0.010184,0.95681560362128,-0.006541,1.31692522162531
1999-12-27,-0.000479,-0.002166,0.02,0,-0.022166,-0.236832917348193,-0.020479,-0.0679094759813512
1999-12-28,0.001559,0.004906,0.02,0,-0.015094,0.469402479564243,-0.018441,0.135780601839872
1999-12-29,0.006572,0.014143,0.02,0,-0.005857,1.38439408641699,-0.013428,0.635051855888985
1999-12-30,0.000829,0.00527,0.02,0,-0.01473,0.505618214303734,-0.019171,0.0628676566623333
1999-12-31,0.0062,0.016778,0.02,0,-0.003222,1.64388241496807,-0.0138,0.598087907241485
2000-01-03,-0.006803,0.002878,0.021,0,-0.018122,0.266388853384806,-0.027803,-0.703622384544362
2000-01-04,-0.039652,-0.017465,0.021,0,-0.038465,-1.78292904166366,-0.060652,-4.06695381605927
2000-01-05,-0.000935,0.007821,0.021,0,-0.013179,0.758059656192867,-0.021935,-0.114541533824452
2000-01-06,-0.007391,0.004504,0.021,0,-0.016496,0.428390939247421,-0.028391,-0.76284267264748
2000-01-07,0.032516,0.017008,0.021,0,-0.003992,1.66550053557504,0.011516,3.17885641479355
2000-01-10,0.018608,0.015333,0.021,0,-0.005667,1.50066595523109,-0.002392,1.822701140158
2000-01-11,-0.016941,-0.006079,0.021,0,-0.027079,-0.630753029826961,-0.037941,-1.72961182433259
2000-01-12,-0.006922,-0.002505,0.021,0,-0.023505,-0.271812071509614,-0.027922,-0.715604612598622
2000-01-13,0.016265,0.013063,0.021,0,-0.007937,1.27684368900133,-0.004735,1.59241639654684
2000-01-14,0.011137,0.009119,0.021,0,-0.011881,0.886769501720381,-0.009863,1.08654623013159
2000-01-18,-0.00086,0.01204,0.021,0,-0.00896,1.17581178227673,-0.02186,-0.107034796524203
2000-01-19,0.004631,0.008125,0.021,0,-0.012875,0.788219194424974,-0.016369,0.441033195757725
2000-01-20,-0.002801,0.003468,0.021,0,-0.017532,0.325202240209094,-0.023801,-0.301490809418557
2000-01-21,0.002655,0.008277,0.021,0,-0.012723,0.803295553235163,-0.018345,0.244150376040475
2000-01-24,-0.025311,-0.002527,0.021,0,-0.023527,-0.274017620671394,-0.046311,-2.58468111794922
2000-01-25,0.005547,0.00087,0.021,0,-0.02013,0.0659643816271361,-0.015453,0.532169409904036
2000-01-26,-0.00453,0.003851,0.021,0,-0.017149,0.363362592863331,-0.02553,-0.475026949530532
2000-01-27,-0.003521,-0.002202,0.021,0,-0.023202,-0.241440591999675,-0.024521,-0.373719126258245
2000-01-28,-0.028051,-0.015015,0.021,0,-0.036015,-1.53388443054843,-0.049051,-2.86619229871402
2000-01-31,0.014744,-0.005371,0.021,0,-0.026371,-0.559545362942434,-0.006256,1.44263859799024
2000-02-01,0.0123,0.008028,0.022,0,-0.013972,0.777597123761058,-0.0097,1.20049938190202
2000-02-02,0.003106,0.008154,0.022,1,-0.013846,0.790095995406974,-0.018894,0.288121054334663
2000-02-03,0.015598,0.013512,0.022,0,-0.008488,1.32015511941436,-0.006402,1.52576257636547
2000-02-04,0.001021,0.006727,0.022,0,-0.015273,0.648449889399734,-0.020979,0.0800503330457223
2000-02-07,0.003075,0.009064,0.022,0,-0.012936,0.880319269414062,-0.018925,0.285030605366951
2000-02-08,0.012724,0.00996,0.022,0,-0.01204,0.969075030496575,-0.009276,1.24237542941514
2000-02-09,-0.017185,-0.00175,0.022,0,-0.02375,-0.197150884235509,-0.039185,-1.75543517398702
2000-02-10,0.006488,0.007364,0.022,0,-0.014636,0.711704233045502,-0.015512,0.624706771936098
2000-02-11,-0.017335,-0.001085,0.022,0,-0.023085,-0.130556484215856,-0.039335,-1.77069862111355
2000-02-14,0.002672,0.007272,0.022,0,-0.014728,0.702571069529715,-0.019328,0.24484607507245
2000-02-15,0.00737,0.001399,0.022,0,-0.020601,0.117804650770273,-0.01463,0.712299845170975
2000-02-16,-0.00526,0.004001,0.022,0,-0.017999,0.377304148142894,-0.02726,-0.549385830625695
2000-02-17,0.005036,0.010399,0.022,0,-0.011601,1.01253265430591,-0.016964,0.480338596145976
2000-02-18,-0.02605,-0.006761,0.022,0,-0.028761,-0.700393490689653,-0.04805,-2.66152871630804
2000-02-22,0.000556,-0.000437,0.022,0,-0.022437,-0.0657071315875686,-0.021444,0.0335869685720577
2000-02-23,0.012353,0.00551,0.022,0,-0.01649,0.527489967841211,-0.009647,1.2057348469434
2000-02-24,-0.000378,-0.001434,0.022,0,-0.023434,-0.165500496554528,-0.022378,-0.0598047263557237
2000-02-25,-0.009546,0.000961,0.022,0,-0.021039,0.0740562731572754,-0.031546,-0.981183091682321
2000-02-28,0.007756,0.006148,0.022,0,-0.015852,0.590920234953322,-0.014244,0.75061010514688
2000-02-29,0.019138,0.018831,0.022,0,-0.003169,1.84359158111515,-0.002862,1.87371961567527
2000-03-01,0.014596,0.014015,0.02,0,-0.005985,1.37177179563196,-0.005404,1.42905236996443
2000-03-02,-0.000614,0.004548,0.02,0,-0.015452,0.433770909616618,-0.020614,-0.081416857786033
2000-03-03,0.02259,0.014351,0.02,0,-0.005649,1.40490191150585,0.00259,2.21386446185615
2000-03-06,-0.006612,0.004817,0.02,0,-0.015183,0.460545537581872,-0.026612,-0.683393611070654
2000-03-07,-0.021824,-0.00502,0.02,0,-0.02502,-0.523262253074092,-0.041824,-2.22656460404779
2000-03-08,0.006478,0.001191,0.02,0,-0.018809,0.0990311319468147,-0.013522,0.62571279326577
2000-03-09,0.023977,0.013047,0.02,0,-0.006953,1.27626410286461,0.003977,2.34940854248991
2000-03-10,-0.002837,0.000308,0.02,0,-0.019692,0.0107972575070855,-0.022837,-0.304101191466139
2000-03-13,-0.014555,-0.008059,0.02,0,-0.028059,-0.829162927513805,-0.034555,-1.48619431833131
2000-03-14,-0.022405,-0.012365,0.02,0,-0.032365,-1.26420626925716,-0.042405,-2.28597851468367
2000-03-15,0.006799,-0.00543,0.02,0,-0.02543,-0.564477603862352,-0.013201,0.657601102993652
2000-03-16,0.041149,0.015255,0.02,0,-0.004745,1.49398324648226,0.021149,4.01249309920415
2000-03-17,0.006478,0.003703,0.02,0,-0.016297,0.349618077140303,-0.013522,0.62571279326577
2000-03-20,-0.016474,-0.01464,0.02,0,-0.03464,-1.49482023515745,-0.036474,-1.6811185307865
2000-03-21,0.019027,-0.004312,0.02,1,-0.024312,-0.45213034862267,-0.000973000000000002,1.86482704521538
2000-03-22,0.013567,0.012681,0.02,0,-0.007319,1.24012894513538,-0.006433,1.32758122703444
2000-03-23,0.014405,0.006424,0.02,0,-0.013576,0.620347405381714,-0.005595,1.41022537080926
2000-03-24,0.002147,0.001122,0.02,0,-0.018878,0.0921391025760507,-0.017853,0.194471848647422
2000-03-27,-0.003358,-0.002379,0.02,0,-0.022379,-0.258181431928473,-0.023358,-0.356363073832611
2000-03-28,-0.013168,-0.008854,0.02,0,-0.028854,-0.909340957281427,-0.033168,-1.34554468051161
2000-03-29,-0.010693,-0.013118,0.02,0,-0.033118,-1.34047809031559,-0.030693,-1.09505609705611
2000-03-30,-0.018181,-0.017729,0.02,0,-0.037729,-1.80880212888979,-0.038181,-1.85482853378767
2000-03-31,0.012111,0.013089,0.02,0,-0.006911,1.28040992525817,-0.007889,1.18382686422464
2000-04-03,-0.017206,-0.02361,0.024,0,-0.04761,-2.41331534246054,-0.041206,-1.75957145644608
2000-04-04,-0.012824,-0.028033,0.024,0,-0.052033,-2.86733969199243,-0.036824,-1.31469085142867
2000-04-05,0.00106,0.008262,0.024,0,-0.015738,0.798808530597427,-0.02294,0.0819467392082811
2000-04-06,0.015859,0.019032,0.024,0,-0.004968,1.86131858795107,-0.008141,1.54945887933542
2000-04-07,0.014535,0.013005,0.024,0,-0.010995,1.26811898839139,-0.009465,1.41904082375956
2000-04-10,-0.019337,-0.016988,0.024,0,-0.040988,-1.73739225861133,-0.043337,-1.97663766535541
2000-04-11,-0.010238,-0.015836,0.024,0,-0.039836,-1.620270035517,-0.034238,-1.05307400001961
2000-04-12,-0.029996,-0.027053,0.024,0,-0.051053,-2.76656401934691,-0.053996,-3.0695054986478
2000-04-13,-0.017135,-0.015751,0.024,0,-0.039751,-1.61163363654455,-0.041135,-1.7523474160575
2000-04-14,-0.066175,-0.063522,0.024,0,-0.087522,-6.5869220303042,-0.090175,-6.87061956801583
2000-04-17,0.029299,-0.009437,0.024,0,-0.033437,-0.972178183051984,0.005299,2.86380168112453
2000-04-18,0.038392,0.048394,0.024,0,0.024394,4.70194982396445,0.014392,3.74333915731576
2000-04-19,-0.007378,0.011476,0.024,0,-0.012524,1.1170679001649,-0.031378,-0.764532326532053
2000-04-20,0.000561,0.00305,0.024,0,-0.02095,0.280538698135302,-0.023439,0.0320871493720905
2000-04-24,-0.010579,-0.017588,0.024,0,-0.041588,-1.79844778847552,-0.034579,-1.08753266335435
2000-04-25,0.038638,0.023633,0.024,0,-0.000366999999999999,2.31180927351394,0.014638,3.7670268268391
2000-04-26,-0.011333,-0.002105,0.024,0,-0.026105,-0.234718983112649,-0.035333,-1.16376790026166
2000-04-27,0.007165,0.004455,0.024,0,-0.019545,0.420513465759852,-0.016835,0.689948213817514
2000-04-28,0.000973,0.014912,0.024,0,-0.009088,1.45619380231348,-0.023027,0.0732555737724702
2000-05-01,0.015141,0.018069,0.023,0,-0.004931,1.76777222380256,-0.007859,1.47975455478837
2000-05-02,-0.019366,-0.008385,0.023,0,-0.031385,-0.865032542220364,-0.042366,-1.97859512707432
2000-05-03,-0.021067,-0.014452,0.023,0,-0.037452,-1.47874208890405,-0.044067,-2.15220495284091
2000-05-04,0.000882,0.006214,0.023,0,-0.016786,0.5964799159075,-0.022118,0.0651637712503504
2000-05-05,0.015485,0.008431,0.023,0,-0.014569,0.816568407419347,-0.007515,1.51363573264099
2000-05-08,-0.010189,-0.006955,0.023,0,-0.029955,-0.720927229726984,-0.033189,-1.04712367239256
2000-05-09,-0.01178,-0.010127,0.023,0,-0.033127,-1.0408600464785,-0.03478,-1.20799075112915
2000-05-10,-0.026778,-0.023452,0.023,0,-0.046452,-2.39613482816037,-0.049778,-2.73730360459166
2000-05-11,0.020428,0.013091,0.023,0,-0.009909,1.27760798594613,-0.002572,1.99921735745101
2000-05-12,0.008521,0.004587,0.023,0,-0.018413,0.434653822220324,-0.014479,0.825492764574077
2000-05-15,0.020691,0.004772,0.023,0,-0.018228,0.453067654743306,-0.002309,2.02498753561853
2000-05-16,0.013807,0.00827,0.023,1,-0.01473,0.80060173706593,-0.009193,1.34825781931534
2000-05-17,-0.013413,-0.00621,0.023,0,-0.02921,-0.645933580539612,-0.036413,-1.373374038935
2000-05-18,-0.010467,-0.00572,0.023,0,-0.02872,-0.596639540599157,-0.033467,-1.07521378728194
2000-05-19,-0.024081,-0.015357,0.023,0,-0.038357,-1.57061136083265,-0.047081,-2.46056613703885
2000-05-22,-0.007917,-0.015313,0.023,0,-0.038313,-1.56614283600366,-0.030917,-0.817847939656575
2000-05-23,-0.023379,-0.014364,0.023,0,-0.037364,-1.46981344499679,-0.046379,-2.3886597965544
2000-05-24,0.015412,-0.00883,0.023,0,-0.03183,-0.909918902312002,-0.007588,1.50644679100274
2000-05-25,-0.011616,-0.005172,0.023,0,-0.028172,-0.54153946419662,-0.034616,-1.19139663309879
2000-05-26,-0.001787,-0.00273,0.023,0,-0.02573,-0.296370680011079,-0.024787,-0.201857214329149
2000-05-30,0.037875,0.021615,0.023,0,-0.001385,2.11547349247762,0.014875,3.69453800460027
2000-05-31,-0.00174,0.002846,0.023,0,-0.020154,0.261198425551152,-0.02474,-0.197148911235775
2000-06-01,0.025195,0.019431,0.018,0,0.001431,1.90646447046091,0.007195,2.47028545967904
2000-06-02,0.029096,0.030798,0.018,0,0.012798,3.01532757516571,0.011096,2.85007631589527
2000-06-05,-0.003705,0.007911,0.018,0,-0.010089,0.769988829832564,-0.021705,-0.389186431456748
2000-06-06,-0.007927,0.002692,0.018,0,-0.015308,0.250839925580784,-0.025927,-0.813856949704684
2000-06-07,0.011114,0.008724,0.018,0,-0.009276,0.85061819945522,-0.006886,1.08727095234168
2000-06-08,-0.00512,0.001024,0.018,0,-0.016976,0.0843492267695551,-0.02312,-0.53131359136918
2000-06-09,0.001025,0.010069,0.018,0,-0.007931,0.983866154941905,-0.016975,0.0844491244244077
2000-06-12,-0.011024,-0.006039,0.018,0,-0.024039,-0.623729230971053,-0.029024,-1.12651983921148
2000-06-13,0.014502,0.002502,0.018,0,-0.015498,0.231889140712225,-0.003498,1.42178678943353
2000-06-14,-0.000844,0.000553,0.018,0,-0.017447,0.0372863349903685,-0.018844,-0.102434017047454
2000-06-15,0.00497,-0.002757,0.018,0,-0.020757,-0.294079132628369,-0.01303,0.477770651728429
2000-06-16,-0.006716,-0.001281,0.018,0,-0.019281,-0.146180498380796,-0.024716,-0.691863761558916
2000-06-19,0.016156,0.003178,0.018,0,-0.014822,0.299297702955194,-0.001844,1.58468968748659
2000-06-20,-0.00243,-2.9e-05,0.018,0,-0.018029,-0.0208984222451867,-0.02043,-0.261294104364668
2000-06-21,0.003636,0.003102,0.018,0,-0.014898,0.291721492253163,-0.014364,0.344942192972875
2000-06-22,-0.018904,-0.006828,0.018,0,-0.024828,-0.703140125104716,-0.036904,-1.92649486794122
2000-06-23,-0.009194,-0.002647,0.018,0,-0.020647,-0.28304933009076,-0.027194,-0.941650947465654
2000-06-26,0.009773,0.003297,0.018,0,-0.014703,0.311159301045329,-0.008227,0.954556931535426
2000-06-27,-0.0053,-0.002669,0.018,0,-0.020669,-0.285255193275194,-0.0233,-0.549407862571253
2000-06-28,0.007521,0.0095,0.018,1,-0.0085,0.92751749688114,-0.010479,0.731287449198751
2000-06-29,-0.006933,-0.001189,0.018,0,-0.019189,-0.136969122324862,-0.024933,-0.713712870891886
2000-06-30,0.0074,0.003372,0.018,0,-0.014628,0.318634375413342,-0.0106,0.719277052746935
2000-07-03,0.010019,0.009012,0.024,0,-0.014988,0.873166305947404,-0.013981,0.972917135280781
2000-07-05,-0.01579,-0.006561,0.024,0,-0.030561,-0.682258917398595,-0.03979,-1.6155961270008
2000-07-06,0.008412,0.004416,0.024,0,-0.019584,0.416630687820911,-0.015588,0.813684509588243
2000-07-07,0.014433,0.005068,0.024,0,-0.018932,0.481522970902519,-0.009567,1.40898645128193
2000-07-10,-0.001199,0.002205,0.024,0,-0.021795,0.196260135058179,-0.025199,-0.143969058018554
2000-07-11,0.002003,0.000474,0.024,0,-0.023526,0.0233916492879022,-0.021997,0.176102546555989
2000-07-12,0.013264,0.011108,0.024,0,-0.012892,1.08067880541671,-0.010736,1.29368321519549
2000-07-13,0.005768,0.004407,0.024,0,-0.019593,0.415734640732635,-0.018232,0.551145757472493
2000-07-14,0.009675,0.006723,0.024,0,-0.017277,0.646053021324486,-0.014325,0.938852568734912
2000-07-17,0.001402,0.005166,0.024,0,-0.018834,0.491273079604057,-0.022598,0.116104691102028
2000-07-18,-0.012818,-0.004605,0.024,0,-0.028605,-0.485560688119518,-0.036818,-1.31408305892093
2000-07-19,-0.011338,-0.00679,0.024,0,-0.03079,-0.705312813785349,-0.035338,-1.16427363299506
2000-07-20,0.01325,0.004779,0.024,0,-0.019221,0.452764562725996,-0.01075,1.29230153216737
2000-07-21,-0.011642,-0.008244,0.024,0,-0.032244,-0.851814089883322,-0.035642,-1.19502698929858
2000-07-24,-0.013586,-0.009734,0.024,0,-0.033734,-1.0021656279274,-0.037586,-1.39191054121878
2000-07-25,0.005435,-0.001802,0.024,0,-0.025802,-0.204359675973426,-0.018565,0.518031248092487
2000-07-26,-0.01171,-0.004929,0.024,0,-0.028929,-0.518115879000606,-0.03571,-1.2019073240903
2000-07-27,-0.009848,-0.013481,0.024,0,-0.037481,-1.3812664899409,-0.033848,-1.01367834899194
2000-07-28,-0.023334,-0.016312,0.024,0,-0.040312,-1.66864765835485,-0.047334,-2.38505194378305
2000-07-31,0.010123,0.0072,0.024,0,-0.0168,0.693423254339319,-0.013877,0.983213441193126
2000-08-01,0.001448,-0.003007,0.022,0,-0.025007,-0.323150591168482,-0.020552,0.122697685536261
2000-08-02,0.00069,0.000405,0.022,0,-0.021595,0.0184942206087903,-0.02131,0.0469786255897616
2000-08-03,0.010131,-0.001755,0.022,0,-0.023755,-0.197651762023835,-0.011869,0.986004960921337
2000-08-04,0.009086,0.008054,0.022,0,-0.013946,0.780176383930182,-0.012914,0.88249948396708
2000-08-07,0.012497,0.006597,0.022,0,-0.015403,0.635535922230946,-0.009503,1.21995812276559
2000-08-08,0.001074,0.000142,0.022,0,-0.021858,-0.00779858845944201,-0.020926,0.0853447871063319
2000-08-09,-0.005173,-3e-06,0.022,0,-0.022003,-0.0222975808048757,-0.027173,-0.540640209085385
2000-08-10,-0.009367,-0.004763,0.022,0,-0.026763,-0.499435503528085,-0.031367,-0.963112204286955
2000-08-11,0.008345,0.006001,0.022,0,-0.015999,0.576308990928995,-0.013655,0.809039719214543
2000-08-14,0.012661,0.005694,0.022,0,-0.016306,0.545787465311717,-0.009339,1.23615438995644
2000-08-15,-0.003819,-0.001372,0.022,0,-0.023372,-0.159291785731251,-0.025819,-0.40462868037913
2000-08-16,-0.001037,0.002054,0.022,0,-0.019946,0.183191762255989,-0.023037,-0.125751386005731
2000-08-17,0.011605,0.005199,0.022,0,-0.016801,0.496555605635635,-0.010395,1.13182026629944
2000-08-18,-0.002649,0.001255,0.022,0,-0.020745,0.103423734221716,-0.024649,-0.287249061257365
2000-08-21,0.003793,0.002064,0.022,0,-0.019936,0.184189707486767,-0.018207,0.356584891013517
2000-08-22,0.000292,0.002023,0.022,1,-0.019977,0.180098068749954,-0.021708,0.00719815727484645
2000-08-23,0.00503,0.002525,0.022,0,-0.019475,0.230184173996063,-0.01697,0.479741600823432
2000-08-24,0.003506,0.00538,0.022,0,-0.01662,0.514560369486144,-0.018494,0.327989250607609
2000-08-25,8.4e-05,0.005936,0.022,0,-0.016064,0.569847556001101,-0.021916,-0.0135979331351192
2000-08-28,0.004815,0.005076,0.022,0,-0.016924,0.484318473884657,-0.017185,0.458346916077086
2000-08-29,-0.000658,0.004756,0.022,0,-0.017244,0.452475016052956,-0.022658,-0.0878192380559074
2000-08-30,-0.000758,0.005594,0.022,0,-0.016406,0.535843588543954,-0.022758,-0.09782632308045
2000-08-31,0.011971,0.011379,0.022,0,-0.010621,1.10947703462383,-0.010029,1.16799385246482
2000-09-01,0.004986,0.007552,0.025,0,-0.017448,0.727365765481938,-0.020014,0.472364231054481
2000-09-05,-0.008874,-6.6e-05,0.025,0,-0.025066,-0.0315970933303194,-0.033874,-0.916357719081951
2000-09-06,-0.012165,-0.001757,0.025,0,-0.026757,-0.200851409007488,-0.037165,-1.24895679847885
2000-09-07,0.007519,0.006189,0.025,0,-0.018811,0.591995803988206,-0.017481,0.724090446646726
2000-09-08,-0.008837,-0.005485,0.025,0,-0.030485,-0.575006660080473,-0.033837,-0.912624660985549
2000-09-11,-0.004717,-0.00339,0.025,0,-0.02839,-0.364572782438724,-0.029717,-0.497812890849947
2000-09-12,-0.005147,-0.002043,0.025,0,-0.027043,-0.229505852646091,-0.030147,-0.541026018665475
2000-09-13,0.003437,0.000306,0.025,0,-0.024694,0.00559844363413237,-0.021563,0.318113825922655
2000-09-14,0.001404,0.004782,0.025,0,-0.020218,0.452063380339312,-0.023596,0.11530465583514
2000-09-15,-0.011252,-0.005812,0.025,0,-0.030812,-0.607892415565029,-0.036252,-1.15657514135316
2000-09-18,-0.018458,-0.018946,0.025,0,-0.043946,-1.93777438153901,-0.043458,-1.88804432909243
2000-09-19,0.012571,0.003351,0.025,0,-0.021649,0.30954291558707,-0.012429,1.22426722416053
2000-09-20,-0.004483,-0.005825,0.025,0,-0.030825,-0.609200023884052,-0.029483,-0.474304753309497
2000-09-21,-0.005631,-0.006886,0.025,0,-0.031886,-0.715978665622605,-0.030631,-0.589688260441505
2000-09-22,0.004009,-0.002141,0.025,0,-0.027141,-0.239326397233244,-0.020991,0.37510166175787
2000-09-25,-0.004854,-0.004162,0.025,0,-0.029162,-0.442065398419954,-0.029854,-0.511578767474166
2000-09-26,-0.009139,-0.009678,0.025,0,-0.034678,-0.997510496659226,-0.034139,-0.943098560629259
2000-09-27,-0.002495,-0.00702,0.025,0,-0.03202,-0.729472488191258,-0.027495,-0.274808645456026
2000-09-28,0.022718,0.014475,0.025,0,-0.010525,1.41212685437655,-0.002282,2.22138203890821
2000-09-29,-0.012354,0.000786,0.025,0,-0.024214,0.0535722508559837,-0.037354,-1.2680913789255
2000-10-02,-0.005967,-0.011865,0.025,0,-0.036865,-1.21859196477135,-0.030967,-0.623484243668043
2000-10-03,-0.012101,-0.009384,0.025,1,-0.034384,-0.967827588647099,-0.037101,-1.24247819356317
2000-10-04,0.006403,-0.001517,0.025,0,-0.026517,-0.176812056471809,-0.018597,0.61326191264873
2000-10-05,-0.001192,-0.00579,0.025,0,-0.03079,-0.605679578899442,-0.026192,-0.144267975226918
2000-10-06,-0.021602,-0.017421,0.025,0,-0.042421,-1.78245001017257,-0.046602,-2.20887075201915
2000-10-09,-0.003434,-0.005917,0.025,0,-0.030917,-0.61845435607491,-0.028434,-0.368987846638489
2000-10-10,-0.014331,-0.011671,0.025,0,-0.036671,-1.19896094689063,-0.039331,-1.46846492916598
2000-10-11,-0.017175,-0.017667,0.025,0,-0.042667,-1.80748929959472,-0.042175,-1.75741698884112
2000-10-12,-0.027423,-0.020794,0.025,0,-0.045794,-2.12632085470751,-0.052423,-2.80559980012142
2000-10-13,0.03863,0.021598,0.025,0,-0.003402,2.1118099265678,0.01363,3.765256829326
2000-10-16,0.002233,0.002151,0.025,0,-0.022849,0.189872115636633,-0.022767,0.198054180554907
2000-10-17,-0.019825,-0.018506,0.025,0,-0.043506,-1.89293471317195,-0.044825,-2.02741205861351
2000-10-18,-0.008593,-0.011103,0.025,0,-0.036103,-1.14150671397798,-0.033593,-0.888010145358666
2000-10-19,0.03702,0.025743,0.025,0,0.000742999999999997,2.51672592867448,0.01202,3.61012467092885
2000-10-20,0.009775,0.013472,0.025,0,-0.011528,1.31320907380496,-0.015225,0.947756500330343
2000-10-23,0.000144,0.006074,0.025,0,-0.018926,0.580565886514675,-0.024856,-0.0105979122212136
2000-10-24,-0.00098,0.001383,0.025,0,-0.023617,0.113207578112869,-0.02598,-0.12304492691688
2000-10-25,-0.02745,-0.015678,0.025,0,-0.040678,-1.6052168442681,-0.05245,-2.80837596846433
2000-10-26,0.000603,0.000763,0.025,0,-0.024237,0.0512740308272947,-0.024397,0.0352849513345015
2000-10-27,0.008625,0.005739,0.025,0,-0.019261,0.547262592113429,-0.016375,0.833804843132623
2000-10-30,0.006715,-0.000126,0.025,0,-0.025126,-0.0375976693874212,-0.018285,0.644258605589538
2000-10-31,0.028395,0.02184,0.025,0,-0.00316,2.1354954997177,0.003395,2.77493657211395
2000-11-01,-0.004313,0.00162,0.024,0,-0.02238,0.137871801084919,-0.028313,-0.456229901934581
2000-11-02,0.010034,0.014672,0.024,0,-0.009328,1.43254363546957,-0.013966,0.974402244829915
2000-11-03,0.000548,0.004919,0.024,0,-0.019081,0.46669700433926,-0.023452,0.0307878698225824
2000-11-06,0.001272,0.000191,0.024,0,-0.023809,-0.00489894427848797,-0.022728,0.103122048876424
2000-11-07,-0.000987,0.001529,0.024,0,-0.022471,0.128786106504775,-0.024987,-0.122745860984621
2000-11-08,-0.018907,-0.009612,0.024,0,-0.033612,-0.989846464645547,-0.042907,-1.93279938914915
2000-11-09,-0.009808,-0.011622,0.024,0,-0.035622,-1.19300345150692,-0.033808,-1.00963864679823
2000-11-10,-0.026389,-0.017457,0.024,0,-0.041457,-1.78511414977192,-0.050389,-2.69834103028065
2000-11-13,-0.013356,-0.012691,0.024,0,-0.036691,-1.30121898406061,-0.037356,-1.36859647736036
2000-11-14,0.02607,0.015999,0.024,0,-0.008001,1.56323936992301,0.00207,2.54959993375324
2000-11-15,0.005432,-0.000117,0.024,1,-0.024117,-0.0356978049641089,-0.018568,0.517732869333474
2000-11-16,-0.016411,-0.013759,0.024,0,-0.037759,-1.40945035435828,-0.040411,-1.67871233151309
2000-11-17,-0.004486,-0.001538,0.024,0,-0.025538,-0.177915514069202,-0.028486,-0.473606349659879
2000-11-20,-0.023896,-0.020682,0.024,0,-0.044682,-2.11388391530642,-0.047896,-2.44261120734366
2000-11-21,0.000294,-0.01147,0.024,0,-0.03547,-1.17762590229376,-0.023706,0.00539855858616899
2000-11-22,-0.020858,-0.019105,0.024,0,-0.043105,-1.95298299890336,-0.044858,-2.13185722091121
2000-11-24,0.021101,0.020302,0.024,0,-0.003698,1.98586907003761,-0.002899,2.06414857102787
2000-11-27,0.003675,-0.004631,0.024,0,-0.028631,-0.488172750624313,-0.020325,0.342829248181663
2000-11-28,-0.016877,-0.022906,0.024,0,-0.046906,-2.34123898755031,-0.040877,-1.72610107055783
2000-11-29,0.00064,-0.013996,0.024,0,-0.037996,-1.43348387972057,-0.02336,0.0399824082732241
2000-11-30,-0.019168,-0.019429,0.024,0,-0.043429,-1.98601951372919,-0.043168,-1.95940591096214
2000-12-01,0.006217,0.01833,0.025,0,-0.00667,1.7914061872462,-0.018783,0.594778542660403
2000-12-04,0.003689,-0.010946,0.025,0,-0.035946,-1.12563169985178,-0.021311,0.343224357232013
2000-12-05,0.04536,0.027516,0.025,0,0.002516,2.68942702879621,0.02036,4.41113549435463
2000-12-06,-0.016468,-0.007808,0.025,0,-0.032808,-0.808861079344743,-0.041468,-1.68550735793831
2000-12-07,-0.005876,-0.007394,0.025,0,-0.032394,-0.767143987126382,-0.030876,-0.614330037027064
2000-12-08,0.028504,0.025983,0.025,0,0.000982999999999998,2.540120865532,0.003504,2.78553505070741
2000-12-11,0.011986,0.012066,0.025,0,-0.012934,1.17438173748092,-0.013014,1.1664768022281
2000-12-12,-0.010891,-0.006372,0.025,0,-0.031372,-0.66423566009215,-0.035891,-1.12007098518729
2000-12-13,-0.011568,-0.006033,0.025,0,-0.031033,-0.630124082704688,-0.036568,-1.18853985905115
2000-12-14,-0.016984,-0.013284,0.025,0,-0.038284,-1.36229903373064,-0.041984,-1.73798510186745
2000-12-15,-0.017778,-0.010913,0.025,0,-0.035913,-1.12229523394737,-0.042778,-1.81878956862442
2000-12-18,0.005421,-0.009959,0.025,0,-0.034959,-1.02588913248365,-0.019579,0.515639051206676
2000-12-19,-0.015778,-0.01454,0.025,1,-0.03954,-1.48967105020456,-0.040778,-1.61537663750473
2000-12-20,-0.035199,-0.037619,0.025,0,-0.062619,-3.85948255826467,-0.060199,-3.60833852807151
2000-12-21,0.005463,-0.005028,0.025,0,-0.030028,-0.529065167822625,-0.019537,0.519816318518576
2000-12-22,0.030143,0.02626,0.025,0,0.00126,2.56711571961917,0.005143,2.94476588011134
2000-12-26,0.005523,-0.005792,0.025,0,-0.030792,-0.605880743845646,-0.019477,0.52578354056963
2000-12-27,0.013911,0.010869,0.025,0,-0.014131,1.0560388209067,-0.011089,1.35651613585108
2000-12-28,0.009406,0.022114,0.025,0,-0.002886,2.16230627937725,-0.015594,0.911207027637426
2000-12-29,-0.011225,0.016053,0.025,0,-0.008947,1.56755443948487,-0.036225,-1.15384445250639
2001-01-02,-0.03423,-0.001135,0.026,0,-0.027135,-0.139561080615124,-0.06023,-3.5089534562743
2001-01-03,0.05317,0.046223,0.026,0,0.020223,4.49265698310854,0.02717,5.15446974101592
2001-01-04,-0.011674,0.011358,0.026,0,-0.014642,1.10340159988386,-0.037674,-1.20026423506256
2001-01-05,-0.028909,-0.008606,0.026,0,-0.034606,-0.890321166744422,-0.054909,-2.95950634712261
2001-01-08,-0.00341,-0.005051,0.026,0,-0.031051,-0.532376562445692,-0.02941,-0.367579350702685
2001-01-09,0.004794,0.011814,0.026,0,-0.014186,1.14847933007403,-0.021206,0.452257917053153
2001-01-10,0.01393,0.020662,0.026,0,-0.005338,2.01914701760234,-0.01207,1.35739030496381
2001-01-11,0.015063,0.027183,0.026,0,0.001183,2.65601377665152,-0.010937,1.46907133272118
2001-01-12,-0.003619,0.01948,0.026,0,-0.00652,1.90327271745514,-0.029619,-0.388553062890785
2001-01-16,0.006257,0.01941,0.026,0,-0.00659,1.89640623618077,-0.019743,0.59775400423212
2001-01-17,0.004447,0.012761,0.026,0,-0.013239,1.24202983514947,-0.021553,0.417717510655924
2001-01-18,0.012175,0.008507,0.026,0,-0.017493,0.821105318367061,-0.013825,1.18415146108148
2001-01-19,-0.004109,0.003896,0.026,0,-0.022104,0.362846404094468,-0.030109,-0.437743134314797
2001-01-22,0.000281,0.005431,0.026,0,-0.020569,0.515633909424256,-0.025719,0.00209943210369309
2001-01-23,0.015817,0.014519,0.026,0,-0.011481,1.41546423401539,-0.010183,1.54332486169815
2001-01-24,0.003372,0.007312,0.026,0,-0.018688,0.702543072452685,-0.022628,0.310636135021963
2001-01-25,-0.007521,-0.003247,0.026,0,-0.029247,-0.351224914926874,-0.033521,-0.780939154067366
2001-01-26,-0.000656,0.001978,0.026,0,-0.024022,0.171608012795276,-0.026656,-0.0916181468003985
2001-01-29,0.009004,0.010236,0.026,0,-0.015764,0.992400071861463,-0.016996,0.870373947886649
2001-01-30,0.00659,0.009539,0.026,0,-0.016461,0.923382480529005,-0.01941,0.630841467217435
2001-01-31,-0.006676,-0.000179,0.026,1,-0.026179,-0.0438982228269561,-0.032676,-0.695835037395093
2001-02-01,0.003826,0.00199,0.02,0,-0.01801,0.17880425702857,-0.016174,0.361871947460872
2001-02-02,-0.01853,-0.009217,0.02,0,-0.029217,-0.945971936903707,-0.03853,-1.89038111964498
2001-02-05,0.002122,-0.003787,0.02,0,-0.023787,-0.399416884232939,-0.017878,0.191977173531328
2001-02-06,0.000441,0.002475,0.02,0,-0.017525,0.227196222911207,-0.019559,0.0240922785412988
2001-02-07,-0.008672,-0.004362,0.02,0,-0.024362,-0.457152128081233,-0.028672,-0.890980060693496
2001-02-08,-0.006499,-0.003159,0.02,0,-0.023159,-0.336398017630876,-0.026499,-0.672019045091192
2001-02-09,-0.014177,-0.009425,0.02,0,-0.029425,-0.966967637909188,-0.034177,-1.44784336811723
2001-02-12,0.010339,0.004846,0.02,0,-0.015154,0.46343159360241,-0.009661,1.00859380991581
2001-02-13,-0.008688,-0.003474,0.02,0,-0.023474,-0.36800283527078,-0.028688,-0.892594070296889
2001-02-14,-0.000151,-0.000489,0.02,0,-0.020489,-0.068909960215729,-0.020151,-0.0350991404314047
2001-02-15,0.008984,0.009292,0.02,0,-0.010708,0.904911494305289,-0.011016,0.874390395863753
2001-02-16,-0.020635,-0.014248,0.02,0,-0.034248,-1.45504573171291,-0.040635,-2.10508565201373
2001-02-20,-0.018782,-0.012303,0.02,0,-0.032303,-1.25792884348566,-0.038782,-1.91606018849187
2001-02-21,-0.018405,-0.015702,0.02,0,-0.035702,-1.60265622525452,-0.038405,-1.87764593256061
2001-02-22,-0.00457,-0.010745,0.02,0,-0.030745,-1.10031243979513,-0.02457,-0.478045437677555
2001-02-23,-0.003938,-0.002983,0.02,0,-0.022983,-0.318743801487387,-0.023938,-0.41457543416095
2001-02-26,0.019195,0.016211,0.02,0,-0.003789,1.58810247570609,-0.000805,1.88131200125848
2001-02-27,-0.01152,-0.011561,0.02,0,-0.031561,-1.18283279393539,-0.03152,-1.17868492545864
2001-02-28,-0.013727,-0.008442,0.02,0,-0.028442,-0.867781550942407,-0.033727,-1.40220664375796
2001-03-01,0.000412,-0.005542,0.019,0,-0.024542,-0.574739580973031,-0.018588,0.0221933199018301
2001-03-02,-0.004982,0.004568,0.019,0,-0.014432,0.436761640016909,-0.023982,-0.518443348719924
2001-03-05,0.005448,0.001904,0.019,0,-0.017096,0.17122077372372,-0.013552,0.524323137659195
2001-03-06,0.011469,0.00997,0.019,0,-0.00903,0.973064548944309,-0.007531,1.12137476505923
2001-03-07,0.006106,0.005585,0.019,0,-0.013415,0.537947976258257,-0.012894,0.5897451967706
2001-03-08,-0.001235,-0.004226,0.019,0,-0.023226,-0.442493672777824,-0.020235,-0.142574519325245
2001-03-09,-0.024339,-0.01503,0.019,0,-0.03403,-1.53340770789454,-0.043339,-2.4830070922047
2001-03-12,-0.042339,-0.030865,0.019,0,-0.049865,-3.15413398621825,-0.061339,-4.3451407800513
2001-03-13,0.014925,0.005298,0.019,0,-0.013702,0.509403301908856,-0.004075,1.46247361857282
2001-03-14,-0.025008,-0.017733,0.019,0,-0.036733,-1.80820954427712,-0.044008,-2.55159950984433
2001-03-15,0.00332,-0.000251,0.019,0,-0.019251,-0.0441013458058084,-0.01568,0.312451901554378
2001-03-16,-0.020802,-0.017635,0.019,0,-0.036635,-1.79823312120336,-0.039802,-2.12113916621074
2001-03-19,0.018614,0.009299,0.019,0,-0.009701,0.906604852420687,-0.000386000000000001,1.82528977766255
2001-03-20,-0.023084,-0.00849,0.019,1,-0.02749,-0.871622729673911,-0.042084,-2.35445900700039
2001-03-21,-0.018702,-0.015952,0.019,0,-0.034952,-1.62705845840941,-0.037702,-1.90690758367597
2001-03-22,-0.004493,-0.011255,0.019,0,-0.030255,-1.15087987553582,-0.023493,-0.46931058125032
2001-03-23,0.020456,0.020756,0.019,0,0.001756,2.03535472788462,0.001456,2.00596042664006
2001-03-26,0.011157,0.007494,0.019,0,-0.011506,0.727607753369432,-0.007843,1.09052378198331
2001-03-27,0.02292,0.009025,0.019,0,-0.009975,0.879453611917849,0.00392,2.2471300590793
2001-03-28,-0.026036,-0.017877,0.019,0,-0.036877,-1.82287058411727,-0.045036,-2.65709189605883
2001-03-29,-0.005451,-0.006625,0.019,0,-0.025625,-0.683702467407959,-0.024451,-0.565589286372409
2001-03-30,0.012154,0.01604,0.019,0,-0.00296,1.57227365077631,-0.006846,1.18907512487559
2001-04-02,-0.015566,-0.021403,0.02,0,-0.041403,-2.18353457384031,-0.035566,-1.58884022589896
2001-04-03,-0.035946,-0.034229,0.02,0,-0.054229,-3.50285129168663,-0.055946,-3.68079493456183
2001-04-04,-0.003278,-0.008305,0.02,0,-0.028305,-0.853965865276694,-0.023278,-0.34833644146211
2001-04-05,0.045869,0.039436,0.02,0,0.019436,3.84782783563053,0.025869,4.46481387912696
2001-04-06,-0.020118,-0.012896,0.02,0,-0.032896,-1.31798552948325,-0.040118,-2.05231027330959
2001-04-09,0.009232,0.006245,0.02,0,-0.013755,0.602560079152518,-0.010768,0.89896655631915
2001-04-10,0.029015,0.023253,0.02,0,0.003253,2.27867882182512,0.009015,2.84020540024743
2001-04-11,-0.000807,0.006676,0.02,0,-0.013324,0.645383419620081,-0.020807,-0.100730580245835
2001-04-12,0.015924,0.014541,0.02,0,-0.005459,1.42363134614854,-0.004076,1.55985632061225
2001-04-16,-0.004957,-0.003693,0.02,0,-0.023693,-0.389981596248905,-0.024957,-0.516930667959644
2001-04-17,0.010484,0.004968,0.02,0,-0.015032,0.4755720205424,-0.009516,1.02294439878468
2001-04-18,0.03964,0.028613,0.02,0,0.008613,2.80113128139653,0.01964,3.86745193793893
2001-04-19,0.014654,0.015588,0.02,0,-0.004412,1.52677751004516,-0.005346,1.43476876764986
2001-04-20,-0.008364,0.001176,0.02,0,-0.018824,0.0975329050982619,-0.028364,-0.859915452109896
2001-04-23,-0.016711,-0.008233,0.02,0,-0.028233,-0.846705832058853,-0.036711,-1.70521840811579
2001-04-24,-0.010891,0.001786,0.02,0,-0.018214,0.158442699578555,-0.030891,-1.11507210993319
2001-04-25,0.016293,0.011509,0.02,0,-0.008491,1.12432952601305,-0.003707,1.59617134051959
2001-04-26,0.004979,0.007507,0.02,0,-0.012493,0.72789827027171,-0.015021,0.476666576767028
2001-04-27,0.014484,0.011155,0.02,0,-0.008845,1.08932618352864,-0.005516,1.41801288407784
2001-04-30,0.000796,0.010081,0.02,0,-0.009919,0.983054565461453,-0.019204,0.0595703357352875
2001-05-01,0.013246,0.010495,0.015,0,-0.004505,1.02903210526501,-0.001754,1.3009050074297
2001-05-02,0.003388,0.012486,0.015,0,-0.002514,1.22587039913424,-0.011612,0.323228490712727
2001-05-03,-0.015257,-0.005435,0.015,0,-0.020435,-0.559981209794841,-0.030257,-1.55245743106595
2001-05-04,0.01396,0.010746,0.015,0,-0.004254,1.05386833224539,-0.00104,1.37134679080289
2001-05-07,-0.00317,0.001495,0.015,0,-0.013505,0.134389484891524,-0.01817,-0.332502384477183
2001-05-08,-0.000626,0.004887,0.015,0,-0.010113,0.47251086273644,-0.015626,-0.0776184770934743
2001-05-09,-0.004339,0.000597,0.015,0,-0.014403,0.0446833115268776,-0.019339,-0.449842953055023
2001-05-10,-0.000433,0.003118,0.015,0,-0.011882,0.296316036762464,-0.015433,-0.0583082522694577
2001-05-11,-0.007514,-0.00182,0.015,0,-0.01682,-0.197164696339454,-0.022514,-0.769236106485497
2001-05-14,0.00098,-0.002796,0.015,0,-0.017796,-0.294990486045602,-0.01402,0.0829531362375382
2001-05-15,0.001457,0.004044,0.015,1,-0.010956,0.388585625933364,-0.013543,0.130595085424681
2001-05-16,0.027234,0.009952,0.015,0,-0.005048,0.975281622023113,0.012234,2.67197643431257
2001-05-17,0.005877,0.010524,0.015,0,-0.004476,1.0319019446878,-0.009123,0.570980904968634
2001-05-18,0.002704,0.004566,0.015,0,-0.010434,0.440561869380489,-0.012296,0.255036201774226
2001-05-21,0.018567,0.015978,0.015,0,0.000978,1.57017066274168,0.003567,1.82467487842276
2001-05-22,-0.001667,0.007121,0.015,0,-0.007879,0.694577665458495,-0.016667,-0.1818379741694
2001-05-23,-0.016696,-0.007041,0.015,0,-0.022041,-0.721589356366665,-0.031696,-1.69869380209192
2001-05-24,0.004134,0.005514,0.015,0,-0.009486,0.534886480369837,-0.010866,0.39754897480585
2001-05-25,-0.009938,0.002662,0.015,0,-0.012338,0.25084744022086,-0.024938,-1.01377003029426
2001-05-29,-0.010366,-0.00827,0.015,0,-0.02327,-0.845437491474016,-0.025366,-1.05700899290955
2001-05-30,-0.017571,-0.016165,0.015,0,-0.031165,-1.64470676681916,-0.032571,-1.78771912321031
2001-05-31,0.007658,0.007394,0.015,0,-0.007606,0.72168096344051,-0.007342,0.747883761334608
2001-06-01,0.00539,0.006182,0.013,0,-0.006818,0.603297827668069,-0.00761,0.524553438610707
2001-06-04,0.005078,0.005381,0.013,0,-0.007619,0.523658259597277,-0.007922,0.493515888895451
2001-06-05,0.014223,0.011546,0.013,0,-0.001454,1.13498620552179,0.001223,1.39928105436945
2001-06-06,-0.00944,-0.003239,0.013,0,-0.016239,-0.33742484657333,-0.02244,-0.961483076194731
2001-06-07,0.005322,0.00545,0.013,0,-0.00755,0.530521093920707,-0.007678,0.517789665377551
2001-06-08,-0.009528,-0.002055,0.013,0,-0.015055,-0.218710596047021,-0.022528,-0.970367334506347
2001-06-11,-0.009595,-0.00567,0.013,0,-0.01867,-0.581612702171882,-0.022595,-0.977132015001456
2001-06-12,2e-04,-0.00129,0.013,0,-0.01429,-0.142082431698828,-0.0128,0.00699884519340048
2001-06-13,-0.009958,-0.00235,0.013,0,-0.01535,-0.248275713432946,-0.022958,-1.01379040616922
2001-06-14,-0.019201,-0.014884,0.013,0,-0.027884,-1.51258697972481,-0.032201,-1.95177249272986
2001-06-15,-0.004904,-0.004954,0.013,0,-0.017954,-0.50963032871246,-0.017904,-0.50460556163448
2001-06-18,-0.006689,-0.012842,0.013,0,-0.025842,-1.30551628572943,-0.019689,-0.684146317575679
2001-06-19,0.001768,-0.005603,0.013,0,-0.018603,-0.574874723552861,-0.011232,0.163644737698077
2001-06-20,0.009743,0.001333,0.013,0,-0.011667,0.120212079351026,-0.003257,0.956585147761154
2001-06-21,0.009901,0.003729,0.013,0,-0.009271,0.359207296503434,-0.003099,0.972231469620089
2001-06-22,-0.00901,-0.002499,0.013,0,-0.015499,-0.263211926308764,-0.02201,-0.918082707115017
2001-06-25,-0.004851,-0.000218,0.013,0,-0.013218,-0.0348015316186237,-0.017851,-0.499279584178184
2001-06-26,-0.000155,0.004977,0.013,0,-0.008023,0.483466412628881,-0.013155,-0.0285003564473698
2001-06-27,-0.002117,0.004316,0.013,1,-0.008684,0.417672123409244,-0.015117,-0.22492355628407
2001-06-28,0.012574,0.007565,0.013,0,-0.005435,0.740653733592505,-0.000425999999999999,1.23656121968957
2001-06-29,0.004332,0.018683,0.013,0,0.005683,1.8380624988302,-0.008668,0.419265234795643
2001-07-02,0.00534,-0.005536,0.014,0,-0.019536,-0.569137063925041,-0.00866,0.518580255443315
2001-07-03,-0.001734,-0.000217,0.014,0,-0.014217,-0.0357013748821229,-0.015734,-0.187549531908282
2001-07-05,-0.012098,-0.007388,0.014,0,-0.021388,-0.755541664076921,-0.026098,-1.23117666382661
2001-07-06,-0.022162,-0.011844,0.014,0,-0.025844,-1.20546891624037,-0.036162,-2.25512570405244
2001-07-09,0.005712,0.002084,0.014,0,-0.011916,0.194184128335398,-0.008288,0.555575818386778
2001-07-10,-0.014251,-0.009419,0.014,0,-0.023419,-0.960362950762935,-0.028251,-1.44935108818276
2001-07-11,-0.00228,-0.005392,0.014,0,-0.019392,-0.554657950021515,-0.01628,-0.242259335846676
2001-07-12,0.023558,0.014742,0.014,0,0.000742,1.44944027896781,0.009558,2.31448026077714
2001-07-13,0.005369,0.003953,0.014,0,-0.010047,0.380521722386797,-0.008631,0.521464810095631
2001-07-16,-0.011623,-0.007308,0.014,0,-0.021308,-0.747482444930302,-0.025623,-1.18310652705476
2001-07-17,0.010631,0.00525,0.014,0,-0.00875,0.509627659433178,-0.003369,1.04348980509189
2001-07-18,-0.006847,-0.008035,0.014,0,-0.022035,-0.820744477867686,-0.020847,-0.70105384569107
2001-07-19,0.005146,0.005492,0.014,0,-0.008508,0.533698375732778,-0.008854,0.499281439077311
2001-07-20,-0.00291,0.000338,0.014,0,-0.013662,0.0197952689953658,-0.01691,-0.305423248294059
2001-07-23,-0.01465,-0.005583,0.014,0,-0.019583,-0.573863339655841,-0.02865,-1.489836117646
2001-07-24,-0.016244,-0.011498,0.014,0,-0.025498,-1.17046033068497,-0.030244,-1.65173703594918
2001-07-25,0.013667,0.002765,0.014,0,-0.011235,0.262119421835435,-0.000333,1.34344586653469
2001-07-26,0.0115,0.00767,0.014,0,-0.00633,0.750074489503844,-0.0025,1.12943874247485
2001-07-27,0.003303,0.003519,0.014,0,-0.010481,0.337283260603859,-0.010697,0.315756687660757
2001-07-30,-0.001179,-0.001137,0.014,0,-0.015137,-0.127763707579221,-0.015179,-0.131968576818419
2001-07-31,0.004891,0.003217,0.014,0,-0.010783,0.307184632555135,-0.009109,0.473908771671883
2001-08-01,0.005035,0.006447,0.013,0,-0.006553,0.629631543572133,-0.007965,0.489237522454702
2001-08-02,0.00322,0.002534,0.013,0,-0.010466,0.240080328471721,-0.00978,0.308483535121019
2001-08-03,-0.004627,0.000534,0.013,0,-0.012466,0.0403865922005186,-0.017627,-0.476772925025906
2001-08-06,-0.011012,-0.005902,0.013,0,-0.018902,-0.604947718682688,-0.024012,-1.1203072451918
2001-08-07,0.002247,-0.000388,0.013,0,-0.013388,-0.0518066842208287,-0.010753,0.211448772011379
2001-08-08,-0.016731,-0.010006,0.013,0,-0.023006,-1.01863880286599,-0.029731,-1.70025357361525
2001-08-09,-0.00014,-0.001148,0.013,0,-0.014148,-0.127865100748481,-0.01314,-0.0270001351647025
2001-08-10,0.00428,0.000754,0.013,0,-0.012246,0.0623724334074005,-0.00872,0.414087529991368
2001-08-13,0.002332,0.002532,0.013,0,-0.010468,0.239880833791746,-0.010668,0.219929355720072
2001-08-14,-0.002438,0.001608,0.013,0,-0.011392,0.147671700151437,-0.015438,-0.257096831194573
2001-08-15,-0.006807,-0.004715,0.013,0,-0.017715,-0.485614222733229,-0.019807,-0.696026484959061
2001-08-16,0.00192,-0.002089,0.013,0,-0.015089,-0.222117655474484,-0.01108,0.178816760517156
2001-08-17,-0.015924,-0.006831,0.013,0,-0.019831,-0.69844296292241,-0.028924,-1.61821406907869
2001-08-20,0.006837,-0.000438,0.013,0,-0.013438,-0.056808750075069,-0.006163,0.668374215234773
2001-08-21,-0.011467,-0.008022,0.013,1,-0.021022,-0.818434091327396,-0.024467,-1.16632445644054
2001-08-22,0.007436,0.004418,0.013,0,-0.008582,0.42782777369322,-0.005564,0.727849769706012
2001-08-23,-0.002763,-0.003714,0.013,0,-0.016714,-0.385090557316068,-0.015763,-0.289681568090432
2001-08-24,0.01822,0.010825,0.013,0,-0.002175,1.06368375601608,0.00522,1.79260132488386
2001-08-27,-0.003691,-0.001755,0.013,0,-0.014755,-0.188653336742186,-0.016691,-0.382782009919229
2001-08-28,-0.014374,-0.007405,0.013,0,-0.020405,-0.756254466805723,-0.027374,-1.46082982314268
2001-08-29,-0.009583,-0.002919,0.013,0,-0.015919,-0.305326013993059,-0.022583,-0.975920396794454
2001-08-30,-0.015525,-0.009202,0.013,0,-0.022202,-0.937459149055398,-0.028525,-1.57767663769246
2001-08-31,0.004059,0.005746,0.013,0,-0.007254,0.559956315762556,-0.008941,0.392079293245278
2001-09-04,-0.001656,-0.005711,0.018,0,-0.023711,-0.590735391868779,-0.019656,-0.183735648559581
2001-09-05,-0.003236,-0.008926,0.018,0,-0.026926,-0.91460591934755,-0.021236,-0.342123097289842
2001-09-06,-0.020698,-0.014189,0.018,0,-0.032189,-1.44706101250686,-0.038698,-2.1095189784323
2001-09-07,-0.017764,-0.011544,0.018,0,-0.029544,-1.17911330507896,-0.035764,-1.81036574376693
2001-09-10,0.003516,-0.007365,0.018,0,-0.025365,-0.757223932150379,-0.014484,0.33298495205211
2001-09-17,-0.050716,-0.042381,0.018,0,-0.060381,-4.34852674673115,-0.068716,-5.22272465627535
2001-09-18,-0.008315,-0.009885,0.018,0,-0.027885,-1.01141647855217,-0.026315,-0.852974624839214
2001-09-19,-0.017086,-0.024004,0.018,0,-0.042004,-2.44767747400423,-0.035086,-1.74136337479749
2001-09-20,-0.030611,-0.032694,0.018,0,-0.050694,-3.34203747821901,-0.048611,-3.12692866622731
2001-09-21,-0.018585,-0.020145,0.018,0,-0.038145,-2.05306612501765,-0.036585,-1.89398549573291
2001-09-24,0.037719,0.03319,0.018,0,0.01519,3.24711197225508,0.019719,3.68450513829578
2001-09-25,0.007584,0.003965,0.018,0,-0.014035,0.377717630218143,-0.010416,0.737540225110728
2001-09-26,-0.006027,-0.00998,0.018,0,-0.02798,-1.02101178393012,-0.024027,-0.622521947429432
2001-09-27,0.010694,-0.000604,0.018,0,-0.018604,-0.0784166283426648,-0.007306,1.04572397992476
2001-09-28,0.022772,0.0251,0.018,0,0.0071,2.4610185005275,0.004772,2.23366044271738
2001-10-01,-0.004418,-0.010052,0.01,0,-0.020052,-1.02028574858594,-0.014418,-0.452778320249054
2001-10-02,0.011549,0.006998,0.01,1,-0.003002,0.687363263680087,0.001549,1.13828243585845
2001-10-03,0.022146,0.02067,0.01,0,0.01067,2.03592794010369,0.012146,2.18043437209266
2001-10-04,-0.00028,0.011089,0.01,0,0.001089,1.09279728152725,-0.01028,-0.0380034207652179
2001-10-05,0.000404,0.000512,0.01,0,-0.009488,0.0411873972388761,-0.009596,0.0303923413639789
2001-10-08,-0.007684,-0.001935,0.01,0,-0.011935,-0.203686953136867,-0.017684,-0.781366903626613
2001-10-09,-0.004786,-0.004089,0.01,0,-0.014089,-0.419737782020397,-0.014786,-0.48974845723863
2001-10-10,0.023138,0.019415,0.01,0,0.009415,1.91289383531767,0.013138,2.27743802320291
2001-10-11,0.017246,0.019491,0.01,0,0.009491,1.92034881362812,0.007246,1.69989807215316
2001-10-12,-0.005431,0.000108,0.01,0,-0.009892,0.000799916808656165,-0.015431,-0.554579649644191
2001-10-15,-0.000767,0.002549,0.01,0,-0.007451,0.244576180925916,-0.010767,-0.086728929532577
2001-10-16,0.007835,0.011376,0.01,0,0.001376,1.12117848979799,-0.002165,0.770447077390491
2001-10-17,-0.019319,-0.00645,0.01,0,-0.01645,-0.657088613064507,-0.029319,-1.96080456884627
2001-10-18,-0.007065,-0.004976,0.01,0,-0.014976,-0.508841651175958,-0.017065,-0.719007028723189
2001-10-19,0.004919,0.004695,0.01,0,-0.005305,0.458401786348156,-0.005081,0.480694624766646
2001-10-22,0.014523,0.008011,0.01,0,-0.001989,0.78790872877132,0.004523,1.43185562930436
2001-10-23,-0.004389,0.000496,0.01,0,-0.009504,0.0395882032326212,-0.014389,-0.449865493616774
2001-10-24,0.001022,0.00392,0.01,0,-0.00608,0.381234181958232,-0.008978,0.092148311321506
2001-10-25,0.013791,0.011118,0.01,0,0.001118,1.09566543498552,0.003791,1.35967745257442
2001-10-26,0.004294,0.00722,0.01,0,-0.00278,0.709406557990725,-0.005706,0.41848120885117
2001-10-29,-0.022574,-0.008931,0.01,0,-0.018931,-0.907111543654652,-0.032574,-2.2932688313399
2001-10-30,-0.017161,-0.011458,0.01,0,-0.021458,-1.16241436552947,-0.027161,-1.74099515830949
2001-10-31,0.00221,0.01076,0.01,0,0.00076,1.06025281328023,-0.00779,0.210756654166727
2001-11-01,0.020699,0.008789,0.008,0,0.000789,0.867060476454337,0.012699,2.04076899068649
2001-11-02,0.002178,-0.000779,0.008,0,-0.008779,-0.0859300378339157,-0.005822,0.209563479612808
2001-11-05,0.01398,0.008454,0.008,0,0.000454,0.833846827619802,0.00598,1.38031843084251
2001-11-06,0.014136,0.007042,0.008,1,-0.000958,0.693732411019246,0.006136,1.39570216631993
2001-11-07,-0.001915,0.000714,0.008,0,-0.007286,0.0633748423095856,-0.009915,-0.199683275694991
2001-11-08,0.001064,0.002988,0.008,0,-0.005012,0.290354800038035,-0.006936,0.098343755302592
2001-11-09,0.000951,0.00339,0.008,0,-0.00461,0.330427010297454,-0.007049,0.0870551285820131
2001-11-12,-0.000561,0.001351,0.008,0,-0.006649,0.127009142044625,-0.008561,-0.0641154219548257
2001-11-13,0.018552,0.013955,0.008,0,0.005955,1.37785286858323,0.010552,1.83020140550023
2001-11-14,0.003493,0.007522,0.008,0,-0.000478,0.741385402841122,-0.004507,0.340691684430469
2001-11-15,2.4e-05,0.000384,0.008,0,-0.007616,0.0303929490698277,-0.007976,-0.00559970881660485
2001-11-16,-0.001699,0.006131,0.008,0,-0.001869,0.60322850875322,-0.009699,-0.178044173753497
2001-11-19,0.011676,0.011593,0.008,0,0.003593,1.14463192584419,0.003676,1.15283647007895
2001-11-20,-0.00825,-0.004841,0.008,0,-0.012841,-0.493275239523943,-0.01625,-0.836421638786819
2001-11-21,-0.004484,0.000343,0.008,0,-0.007657,0.0262944388777087,-0.012484,-0.457408008175058
2001-11-23,0.011704,0.010422,0.008,0,0.002422,1.0288068571961,0.003704,1.15560411629486
2001-11-26,0.007432,0.005665,0.008,0,-0.002335,0.556901743183123,-0.000568,0.732452196419551
2001-11-27,-0.005066,0.001709,0.008,0,-0.006291,0.162754452101427,-0.013066,-0.515887248204813
2001-11-28,-0.017339,-0.009929,0.008,0,-0.017929,-1.00586180535083,-0.025339,-1.75710777792555
2001-11-29,0.01123,0.009194,0.008,0,0.001194,0.907199566371112,0.00323,1.10874148917261
2001-11-30,-0.000933,0.001061,0.008,0,-0.006939,0.0980440737142794,-0.008933,-0.101343231558231
2001-12-03,-0.008432,-0.0074,0.007,0,-0.0144,-0.749751337891095,-0.015432,-0.853774796898555
2001-12-04,0.014756,0.011957,0.007,0,0.004957,1.18160822938517,0.007756,1.45781919556759
2001-12-05,0.023123,0.016934,0.007,0,0.009934,1.67222206552608,0.016123,2.278971679588
2001-12-06,-0.001083,0.006297,0.007,0,-0.000703,0.620725918426776,-0.008083,-0.115358441837147
2001-12-07,-0.007313,0.001828,0.007,0,-0.005172,0.175633369123672,-0.014313,-0.740986862018771
2001-12-10,-0.015035,-0.007336,0.007,0,-0.014336,-0.743303832670412,-0.022035,-1.52191689863982
2001-12-11,-0.001758,0.002867,0.007,1,-0.004133,0.279290044381629,-0.008758,-0.182954464557609
2001-12-12,0.000557,0.002111,0.007,0,-0.004889,0.203877742019389,-0.006443,0.0486847382964517
2001-12-13,-0.015388,-0.008349,0.007,0,-0.015349,-0.845404566475343,-0.022388,-1.55776215919878
2001-12-14,0.003485,0.002317,0.007,0,-0.004683,0.224432234445684,-0.003515,0.340894390931461
2001-12-17,0.010394,0.005045,0.007,0,-0.001955,0.496231907790722,0.003394,1.02703562441183
2001-12-18,0.008046,0.007095,0.007,0,9.49999999999996e-05,0.699995135925008,0.001046,0.794380597845615
2001-12-19,0.003645,-0.002733,0.007,0,-0.009733,-0.280673901311474,-0.003355,0.356837553590472
2001-12-20,-0.009356,-0.008644,0.007,0,-0.015644,-0.875157361314311,-0.016356,-0.947003983981061
2001-12-21,0.006047,0.010194,0.007,0,0.003194,1.00723940661254,-0.000953,0.595879271801134
2001-12-24,0.000228,0.003541,0.007,0,-0.003459,0.34647478700152,-0.006772,0.0157976461835781
2001-12-26,0.005228,0.007185,0.007,0,0.000185,0.70893133149463,-0.001772,0.51443839024415
2001-12-27,0.006924,0.00802,0.007,0,0.00102,0.791801317206842,-7.60000000000005e-05,0.68301416400658
2001-12-28,0.004377,0.009311,0.007,0,0.002311,0.919792229579626,-0.002623,0.429745124565754
2001-12-31,-0.009722,0.006618,0.007,0,-0.000382,0.652619962906656,-0.016722,-0.98395647420175
2002-01-02,0.003832,0.007914,0.007,0,0.000913999999999999,0.781285099900354,-0.003168,0.375467904079258
2002-01-03,0.009844,0.012919,0.007,0,0.005919,1.2766264006093,0.002844,0.972586592803847
2002-01-04,0.006987,0.011263,0.007,0,0.004263,1.11300471348291,-1.3e-05,0.68927064704089
2002-01-07,-0.006531,-0.000112,0.007,0,-0.007112,-0.0182003822582676,-0.013531,-0.662241784551698
2002-01-08,-0.002443,0.004929,0.007,0,-0.002071,0.484689469915527,-0.009443,-0.251598654368087
2002-01-09,-0.004243,0.000727,0.007,0,-0.006273,0.0656738313396072,-0.011243,-0.432202461823009
2002-01-10,0.000579,0.000383,0.007,0,-0.006617,0.0312929124107591,-0.006421,0.0508834894059102
2002-01-11,-0.008776,-0.003945,0.007,0,-0.010945,-0.402279958873587,-0.015776,-0.888473343538993
2002-01-14,-0.008123,-0.010399,0.007,0,-0.017399,-1.05234449451871,-0.015123,-0.822616887049797
2002-01-15,0.005732,0.001004,0.007,0,-0.005996,0.0933498778981207,-0.001268,0.564563704576877
2002-01-16,-0.016273,-0.011007,0.007,0,-0.018007,-1.1138022791008,-0.023273,-1.64768569977142
2002-01-17,0.01014,0.006987,0.007,0,-1.3e-05,0.68927064704089,0.00314,1.00189375584263
2002-01-18,-0.010133,-0.006143,0.007,0,-0.013143,-0.623194340405154,-0.017133,-1.02546858628467
2002-01-22,-0.007796,-0.008083,0.007,0,-0.015083,-0.818584210269302,-0.014796,-0.789654522815598
2002-01-23,0.008862,0.00776,0.007,0,0.00076,0.766004851179615,0.001862,0.875296538931897
2002-01-24,0.004027,0.005578,0.007,0,-0.001422,0.549250301839263,-0.002973,0.394891578810709
2002-01-25,0.00094,0.000221,0.007,0,-0.006779,0.015097803298303,-0.00606,0.0869560926551965
2002-01-28,0.000101,0.000446,0.007,0,-0.006554,0.0375903021447963,-0.006899,0.00309973497290803
2002-01-29,-0.025331,-0.011386,0.007,0,-0.018386,-1.15213143192439,-0.032331,-2.57273503527094
2002-01-30,0.010237,0.003632,0.007,1,-0.003368,0.35554226649256,0.003237,1.0114959241582
2002-01-31,0.013196,0.009539,0.007,0,0.002539,0.942379346103324,0.006196,1.30396936995959
2002-02-01,-0.006416,-0.002153,0.007,0,-0.009153,-0.222531858667388,-0.013416,-0.650666854227404
2002-02-04,-0.023837,-0.016156,0.007,0,-0.023156,-1.63579286336166,-0.030837,-2.41956958667539
2002-02-05,-0.004851,-0.007863,0.007,0,-0.014863,-0.796407394426422,-0.011851,-0.493280184116391
2002-02-06,-0.007193,-0.009992,0.007,0,-0.016992,-1.01122526281845,-0.014193,-0.728899190119877
2002-02-07,-0.00355,-0.005935,0.007,0,-0.012935,-0.602267965953938,-0.01055,-0.362631375289151
2002-02-08,0.015799,0.011972,0.007,0,0.004972,1.1830904948204,0.008799,1.56054973886516
2002-02-11,0.013405,0.007837,0.007,0,0.000837,0.773645267397486,0.006405,1.3245950383315
2002-02-12,-0.003412,-0.000155,0.007,0,-0.007155,-0.0225009563855763,-0.010412,-0.348783169663314
2002-02-13,0.009546,0.005815,0.007,0,-0.001185,0.572816059609804,0.002546,0.943072729492337
2002-02-14,-0.002464,-0.004786,0.007,0,-0.011786,-0.486748712216732,-0.009464,-0.253703819390547
2002-02-15,-0.010279,-0.003773,0.007,0,-0.010773,-0.385013326898061,-0.017279,-1.04021913036401
2002-02-19,-0.018868,-0.014657,0.007,0,-0.021657,-1.48354726255881,-0.025868,-1.91182694438887
2002-02-20,0.012887,0.004971,0.007,0,-0.002029,0.488868782319737,0.005887,1.27346716423596
2002-02-21,-0.014505,-0.008794,0.007,0,-0.015794,-0.890289296687451,-0.021505,-1.46812235190645
2002-02-22,0.007242,0.003898,0.007,0,-0.003102,0.38204249329432,0.000242,0.714590509019079
2002-02-25,0.01649,0.005126,0.007,0,-0.001874,0.504290923669853,0.00949,1.62855188094518
2002-02-26,0.001059,0.003444,0.007,0,-0.003556,0.336808546339479,-0.005941,0.0988442104954302
2002-02-27,0.001081,0.002706,0.007,0,-0.004294,0.263234782334738,-0.005919,0.101041859011606
2002-02-28,-0.00291,-0.001053,0.007,0,-0.008053,-0.112355234411391,-0.00991,-0.298423983214034
2002-03-01,0.021869,0.012214,0.007,0,0.005214,1.20700134107198,0.014869,2.15633059764961
2002-03-04,0.020416,0.01514,0.007,0,0.00814,1.49565364665086,0.013416,2.01403897379141
2002-03-05,-0.00481,0.002758,0.007,0,-0.004242,0.26842061464204,-0.01181,-0.489160282933145
2002-03-06,0.013935,0.012604,0.007,0,0.005604,1.24552332228934,0.006935,1.37688030001174
2002-03-07,-0.003776,0.003769,0.007,0,-0.003231,0.369191756575777,-0.010776,-0.38531446353831
2002-03-08,0.006939,0.008684,0.007,0,0.001684,0.857651340214064,-6.10000000000003e-05,0.684503838329041
2002-03-11,0.002784,0.004548,0.007,0,-0.002452,0.446769154871812,-0.004216,0.271013429950964
2002-03-12,-0.002864,-0.002667,0.007,0,-0.009667,-0.274056033064799,-0.009864,-0.293810664562271
2002-03-13,-0.009091,-0.003444,0.007,0,-0.010444,-0.351994176996728,-0.016091,-0.920257285651033
2002-03-14,-2.3e-05,0.003725,0.007,0,-0.003275,0.364808181829647,-0.007023,-0.00929978146183831
2002-03-15,0.010225,0.00463,0.007,0,-0.00237,0.454931696970673,0.003225,1.01030807702223
2002-03-18,0.001273,0.004768,0.007,0,-0.002232,0.468667154079416,-0.005727,0.120219287237428
2002-03-19,0.003372,0.002588,0.007,1,-0.004412,0.251465934461439,-0.003628,0.329633000596283
2002-03-20,-0.014411,-0.005624,0.007,0,-0.012624,-0.570987178388613,-0.021411,-1.4585844529563
2002-03-21,0.003144,0.006353,0.007,0,-0.000647,0.626290721051619,-0.003856,0.306907041672328
2002-03-22,-0.004248,-0.00043,0.007,0,-0.00743,-0.0500090026625211,-0.011248,-0.432704593623569
2002-03-25,-0.014346,-0.007033,0.007,0,-0.014033,-0.712784566769361,-0.021346,-1.45198962928174
2002-03-26,0.005784,0.004705,0.007,0,-0.002295,0.462396853356725,-0.001216,0.569733934394744
2002-03-27,0.005506,0.005686,0.007,0,-0.001314,0.559989816900817,-0.001494,0.542089984315902
2002-03-28,0.003007,0.00555,0.007,0,-0.00145,0.546465794836049,-0.003993,0.293249046814217
2002-04-01,-0.001037,-0.001189,0.007,0,-0.008189,-0.125970497141921,-0.008037,-0.110753560662289
2002-04-02,-0.008656,-0.004695,0.007,0,-0.011695,-0.477605368188024,-0.015656,-0.87636783188476
2002-04-03,-0.009501,-0.005967,0.007,0,-0.012967,-0.60548712315874,-0.016501,-0.9616419985271
2002-04-04,0.000922,0.000767,0.007,0,-0.006233,0.0696708455705092,-0.006078,0.0851577668964294
2002-04-05,-0.002536,-4.5e-05,0.007,0,-0.007045,-0.0114998562644703,-0.009536,-0.260921864506463
2002-04-08,0.002963,0.002512,0.007,0,-0.004488,0.243885265164507,-0.004037,0.288862141725202
2002-04-09,-0.005543,-0.001595,0.007,0,-0.008595,-0.16662709168077,-0.012543,-0.562841698094914
2002-04-10,0.011473,0.008542,0.007,0,0.001542,0.843572600376827,0.004473,1.13376866891303
2002-04-11,-0.021317,-0.010049,0.007,0,-0.017049,-1.01698295780262,-0.028317,-2.16174862319239
2002-04-12,0.008222,0.011355,0.007,0,0.004355,1.12210183415161,0.001222,0.811838594545162
2002-04-15,-0.005992,-0.001132,0.007,0,-0.008132,-0.12026387460492,-0.012992,-0.608002161832622
2002-04-16,0.021963,0.016455,0.007,0,0.009455,1.62510860038388,0.014963,2.16552900535301
2002-04-17,-0.001967,0.001003,0.007,0,-0.005997,0.0932499781475204,-0.008967,-0.203893463519538
2002-04-18,-0.001513,0.003121,0.007,0,-0.003879,0.304614223923824,-0.008513,-0.158414329043022
2002-04-19,0.000728,0.002047,0.007,0,-0.004953,0.197491020012266,-0.006272,0.0657737586424944
2002-04-22,-0.01474,-0.008459,0.007,0,-0.015459,-0.856497793970493,-0.02174,-1.49197108004504
2002-04-23,-0.005266,-0.001443,0.007,0,-0.008443,-0.151403967726129,-0.012266,-0.534991179789687
2002-04-24,-0.006112,-0.002368,0.007,0,-0.009368,-0.244080569611673,-0.013112,-0.620075228043909
2002-04-25,-0.001791,-0.002207,0.007,0,-0.009207,-0.227943656387736,-0.008791,-0.186260330817588
2002-04-26,-0.013426,-0.009094,0.007,0,-0.016094,-0.920560038430682,-0.020426,-1.35869412118318
2002-04-29,-0.00879,-0.006307,0.007,0,-0.013307,-0.639697069933689,-0.01579,-0.889885748693488
2002-04-30,0.012116,0.009807,0.007,0,0.002807,0.968922593429288,0.005116,1.19731912522016
2002-05-01,0.007501,0.001006,0.007,0,-0.005994,0.093549677099923,0.000501,0.740300984392535
2002-05-02,-0.001705,9.2e-05,0.007,0,-0.006908,0.00219982181452174,-0.008705,-0.177645271688912
2002-05-03,-0.008923,-0.001777,0.007,0,-0.008777,-0.184857828753883,-0.015923,-0.903304592705437
2002-05-06,-0.018279,-0.01132,0.007,0,-0.01832,-1.14545564167524,-0.025279,-1.85181225987825
2002-05-07,-0.003717,-0.005558,0.007,1,-0.012558,-0.56435007031495,-0.010717,-0.379392276061202
2002-05-08,0.034475,0.019044,0.007,0,0.012044,1.87949353460931,0.027475,3.38240540974419
2002-05-09,-0.01394,-0.008012,0.007,0,-0.015012,-0.81142660947387,-0.02094,-1.41080718540417
2002-05-10,-0.015373,-0.008233,0.007,0,-0.015233,-0.833707586803659,-0.022373,-1.55623872806622
2002-05-13,0.017053,0.007367,0.007,0,0.000367,0.726999864895123,0.010053,1.68392322193817
2002-05-14,0.020937,0.015259,0.007,0,0.008259,1.50737548064863,0.013937,2.06508355170737
2002-05-15,-0.003349,0.000826,0.007,0,-0.006174,0.07556614996227,-0.010349,-0.342461800271988
2002-05-16,0.003503,-0.000966,0.007,0,-0.007966,-0.103646442880842,-0.003497,0.342688123629462
2002-05-17,0.006945,0.003755,0.007,0,-0.003245,0.367797003636313,-5.50000000000004e-05,0.685099701844519
2002-05-20,-0.011924,-0.005644,0.007,0,-0.012644,-0.572998510232287,-0.018924,-1.20656586658887
2002-05-21,-0.01114,-0.008592,0.007,0,-0.015592,-0.869912158152268,-0.01814,-1.12725120581077
2002-05-22,0.003687,-0.002236,0.007,0,-0.009236,-0.230850113081485,-0.003313,0.361022212631043
2002-05-23,0.010484,0.007424,0.007,0,0.000424,0.732658020010488,0.003484,1.03594264403988
2002-05-24,-0.011307,-0.004768,0.007,0,-0.011768,-0.48494007234401,-0.018307,-1.14414076582732
2002-05-28,-0.006811,-0.001727,0.007,0,-0.008727,-0.17984905337838,-0.013811,-0.690429827169399
2002-05-29,-0.006594,-0.005692,0.007,0,-0.012692,-0.577825871718121,-0.013594,-0.668583401414471
2002-05-30,-0.002317,-0.000972,0.007,0,-0.007972,-0.104247024844767,-0.009317,-0.238968594809588
2002-05-31,0.002123,0.003404,0.007,0,-0.003596,0.332822195603868,-0.004877,0.205075206986069
2002-06-03,-0.023891,-0.017748,0.006,0,-0.023748,-1.7967382604201,-0.029891,-2.42410166770313
2002-06-04,-0.001441,-0.003788,0.006,0,-0.009788,-0.385519084163481,-0.007441,-0.150203743905422
2002-06-05,0.007669,0.000198,0.006,0,-0.005802,0.0137982200515083,0.001669,0.757974450700748
2002-06-06,-0.018327,-0.014828,0.006,0,-0.020828,-1.49990319649536,-0.024327,-1.855701817254
2002-06-07,-0.000239,0.001635,0.006,0,-0.004365,0.157366664255143,-0.006239,-0.0299026765123452
2002-06-10,0.001732,-0.00296,0.006,0,-0.00896,-0.302438766408763,-0.004268,0.167050361757977
2002-06-11,-0.015944,-0.008843,0.006,0,-0.014843,-0.894232956777556,-0.021944,-1.61324711801949
2002-06-12,0.004634,-0.00426,0.006,0,-0.01026,-0.432909785227944,-0.001366,0.456329787717507
2002-06-13,-0.010333,-0.006958,0.006,0,-0.012958,-0.704231795898256,-0.016333,-1.04467542728737
2002-06-14,-0.000917,0.000333,0.006,0,-0.005667,0.0272946367733609,-0.006917,-0.0977418901780638
2002-06-17,0.026832,0.014612,0.006,0,0.008612,1.44462752015501,0.020832,2.64183361129588
2002-06-18,0.000342,-0.000404,0.006,0,-0.006404,-0.0464079830058413,-0.005658,0.028194333125848
2002-06-19,-0.015505,-0.014484,0.006,0,-0.020484,-1.46499153077314,-0.021505,-1.56864578360881
2002-06-20,-0.012609,-0.003522,0.006,0,-0.009522,-0.358821504351272,-0.018609,-1.27491662460601
2002-06-21,-0.014387,-0.00223,0.006,0,-0.00823,-0.229248835278781,-0.020387,-1.45514945548752
2002-06-24,0.00128,-0.00502,0.006,0,-0.01102,-0.509264072814665,-0.00472,0.121918329830827
2002-06-25,-0.015443,-0.00774,0.006,0,-0.01374,-0.783010746450185,-0.021443,-1.56234833691664
2002-06-26,-0.003268,-0.008431,0.006,1,-0.014431,-0.852674011574853,-0.009268,-0.333334977454969
2002-06-27,0.016334,0.011504,0.006,0,0.005504,1.13783339407577,0.010334,1.61420370904923
2002-06-28,0.002098,0.011962,0.006,0,0.005962,1.18310225530905,-0.003902,0.203580407128099
2002-07-01,-0.021973,-0.018512,0.007,0,-0.025512,-1.87554890748876,-0.028973,-2.22879995165471
2002-07-02,-0.022423,-0.022552,0.007,0,-0.029552,-2.28801830186837,-0.029423,-2.27482153965948
2002-07-03,0.003614,-0.00478,0.007,0,-0.01178,-0.486145828624508,-0.003386,0.353748764350772
2002-07-05,0.034437,0.022109,0.007,0,0.015109,2.17981421646576,0.027437,3.3787319813911
2002-07-08,-0.011226,-0.007742,0.007,0,-0.014742,-0.784212241732531,-0.018226,-1.13594846729133
2002-07-09,-0.021878,-0.006812,0.007,0,-0.013812,-0.690530512990872,-0.028878,-2.21908699010886
2002-07-10,-0.029814,-0.016331,0.007,0,-0.023331,-1.65358181829731,-0.036814,-3.03374708396789
2002-07-11,0.005011,-0.004137,0.007,0,-0.011137,-0.42155786093528,-0.001989,0.492848917465752
2002-07-12,-0.005823,-0.001543,0.007,0,-0.008543,-0.161418920058319,-0.012823,-0.591001731751214
2002-07-15,-0.004885,-0.01013,0.007,0,-0.01713,-1.0251655157253,-0.011885,-0.496696816282104
2002-07-16,-0.014205,-0.000382,0.007,0,-0.007382,-0.0452070530700642,-0.021205,-1.43768542965594
2002-07-17,0.00599,0.005126,0.007,0,-0.001874,0.504290923669853,-0.00101,0.590213372017457
2002-07-18,-0.02507,-0.013694,0.007,0,-0.020694,-1.38586252490246,-0.03207,-2.54596029835742
2002-07-19,-0.032917,-0.019187,0.007,0,-0.026187,-1.94434569520106,-0.039917,-3.35409522907913
2002-07-22,-0.032104,-0.02115,0.007,0,-0.02815,-2.14468633096997,-0.039104,-3.27006330440804
2002-07-23,-0.029557,-0.03114,0.007,0,-0.03814,-3.1705153923728,-0.036557,-3.00726082600695
2002-07-24,0.052303,0.017953,0.007,0,0.010953,1.77237505536549,0.045303,5.09110981084842
2002-07-25,-0.005704,-0.003158,0.007,0,-0.010158,-0.323299455524909,-0.012704,-0.57903274850205
2002-07-26,0.014898,0.007121,0.007,0,0.000121,0.70257678555955,0.007898,1.47181172830782
2002-07-29,0.053155,0.034948,0.007,0,0.027948,3.42811863591756,0.046155,5.17204232496226
2002-07-30,0.004752,0.005469,0.007,0,-0.001531,0.538410177256722,-0.002248,0.467074733998965
2002-07-31,0.005612,-0.00366,0.007,0,-0.01066,-0.373671173773861,-0.001388,0.552631384681087
2002-08-01,-0.02585,-0.008909,0.006,0,-0.014909,-0.900892063006886,-0.03185,-2.62499812903128
2002-08-02,-0.022523,-0.017863,0.006,0,-0.023863,-1.80844673568965,-0.028523,-2.28405150112739
2002-08-05,-0.032872,-0.0213,0.006,0,-0.0273,-2.15901167504352,-0.038872,-3.3484422339891
2002-08-06,0.030122,0.02154,0.006,0,0.01554,2.12512944096414,0.024122,2.96172436291693
2002-08-07,0.016766,0.004275,0.006,0,-0.001725,0.420588994697857,0.010766,1.65670038963567
2002-08-08,0.029326,0.010703,0.006,0,0.004703,1.05861301338364,0.023326,2.88442209166381
2002-08-09,0.003413,0.002446,0.006,0,-0.003554,0.23830152110675,-0.002587,0.334719073378674
2002-08-12,-0.003853,3.7e-05,0.006,0,-0.005963,-0.00229988845551129,-0.009853,-0.39204401265509
2002-08-13,-0.020222,-0.011727,0.006,1,-0.017727,-1.18563018130445,-0.026222,-2.0489261791771
2002-08-14,0.035449,0.016207,0.006,0,0.010207,1.60170703614912,0.029449,3.47751508712412
2002-08-15,0.011751,0.004773,0.006,0,-0.001227,0.47016471515846,0.005751,1.16224949597366
2002-08-16,0.000815,0.006803,0.006,0,0.000803,0.671996581229542,-0.005185,0.0754669867765568
2002-08-19,0.020985,0.011822,0.006,0,0.005822,1.16926678667966,0.014985,2.07078493955935
2002-08-20,-0.012101,-0.004417,0.006,0,-0.010417,-0.448678196512834,-0.018101,-1.22348113804963
2002-08-21,0.013574,0.016576,0.006,0,0.010576,1.63801194464678,0.007574,1.34227003512883
2002-08-22,0.012779,0.011882,0.006,0,0.005882,1.17519650762873,0.006779,1.26380393955816
2002-08-23,-0.021578,-0.009216,0.006,0,-0.015216,-0.931872826420876,-0.027578,-2.18742073711218
2002-08-26,0.008441,0.010799,0.006,0,0.004799,1.0681109015947,0.002441,0.834557577388413
2002-08-27,-0.014327,-0.010767,0.006,0,-0.016767,-1.08853818002457,-0.020327,-1.44906205873043
2002-08-28,-0.017674,-0.013288,0.006,0,-0.019288,-1.34370736417494,-0.023674,-1.78920483593555
2002-08-29,0.001876,0.003511,0.006,0,-0.002489,0.344485262838553,-0.004124,0.181424430961927
2002-08-30,-0.002308,0.002642,0.006,0,-0.003358,0.257851785297078,-0.008308,-0.237066573731303
2002-09-03,-0.038177,-0.02348,0.007,0,-0.03048,-2.3830045114453,-0.045177,-3.8994834479083
2002-09-04,0.017246,0.011838,0.007,0,0.004838,1.16984814497572,0.010246,1.70289781717506
2002-09-05,-0.01546,-0.013083,0.007,0,-0.020083,-1.3239333846555,-0.02246,-1.56507495171374
2002-09-06,0.017566,0.014916,0.007,0,0.007916,1.47358528982631,0.010566,1.73435035457292
2002-09-09,0.008651,0.000346,0.007,0,-0.006654,0.0275942605689336,0.001651,0.85437969717977
2002-09-10,0.00645,0.0028,0.007,0,-0.0042,0.272608975188695,-0.00055,0.635929021478943
2002-09-11,0.000661,0.002429,0.007,0,-0.004571,0.235605719776646,-0.006339,0.0590784085606233
2002-09-12,-0.022898,-0.010854,0.007,0,-0.017854,-1.0983331942382,-0.029898,-2.32342287106478
2002-09-13,0.003227,0.002254,0.007,0,-0.004746,0.21814660026054,-0.003773,0.31518068598311
2002-09-16,-0.000143,-0.00623,0.007,0,-0.01323,-0.631948498006712,-0.007143,-0.0213007775589168
2002-09-17,-0.018419,-0.012222,0.007,0,-0.019222,-1.23673003886673,-0.025419,-1.86607394761017
2002-09-18,-0.005118,-0.006676,0.007,0,-0.013676,-0.676838171820773,-0.012118,-0.520113937118441
2002-09-19,-0.028725,-0.017938,0.007,0,-0.024938,-1.81708337145958,-0.035725,-2.92156351559229
2002-09-20,0.002166,0.000695,0.007,0,-0.006305,0.0624761049228168,-0.004834,0.209366005369595
2002-09-23,-0.01485,-0.019453,0.007,0,-0.026453,-1.97146973175027,-0.02185,-1.50313626902746
2002-09-24,-0.015063,-0.011324,0.007,1,-0.018324,-1.1458602223375,-0.022063,-1.52475967965145
2002-09-25,0.023969,0.015988,0.007,0,0.008988,1.57915405128031,0.016969,2.3616255171452
2002-09-26,0.017189,0.007838,0.007,0,0.000837999999999999,0.773744489742358,0.010189,1.6972942958028
2002-09-27,-0.028405,-0.014741,0.007,0,-0.021741,-1.49207257614835,-0.035405,-2.88862255681547
2002-09-30,-0.012039,-0.003513,0.007,0,-0.010513,-0.358918262430666,-0.019039,-1.21820532477005
2002-10-01,0.033721,0.008315,0.006,0,0.002315,0.822062263115002,0.027721,3.31049155578404
2002-10-02,-0.022603,-0.011971,0.006,0,-0.017971,-1.21032276383888,-0.028603,-2.29223617185754
2002-10-03,-0.011203,-0.006104,0.006,0,-0.012104,-0.61827037661012,-0.017203,-1.13262244639678
2002-10-04,-0.022216,-0.016284,0.006,0,-0.022284,-1.64780396742923,-0.028216,-2.25264904360148
2002-10-07,-0.020365,-0.021464,0.006,0,-0.027464,-2.17577000162078,-0.026365,-2.06352238735311
2002-10-08,0.014046,-0.00201,0.006,0,-0.00801,-0.207202096102617,0.008046,1.38882708314826
2002-10-09,-0.027466,-0.024272,0.006,0,-0.030272,-2.46314181345701,-0.033466,-2.79102408611559
2002-10-10,0.033874,0.015295,0.006,0,0.009295,1.51192124600298,0.027874,3.32529135944765
2002-10-11,0.0368,0.025612,0.006,0,0.019612,2.52295093837653,0.0308,3.60790484158012
2002-10-14,0.006555,0.003361,0.006,0,-0.002639,0.329536626325678,0.000555,0.647361121340712
2002-10-15,0.045154,0.031362,0.006,0,0.025362,3.08202606300765,0.039154,4.41042447800959
2002-10-16,-0.023029,-0.011603,0.006,0,-0.017603,-1.17308382807779,-0.029029,-2.33583082821159
2002-10-17,0.023741,0.025593,0.006,0,0.019593,2.52109836878933,0.017741,2.3403566737636
2002-10-18,0.004828,0.002479,0.006,0,-0.003521,0.241593414818782,-0.001172,0.475638438550689
2002-10-21,0.016398,0.010109,0.006,0,0.004109,0.999824762214556,0.010398,1.62050065326235
2002-10-22,-0.011262,-0.005768,0.006,0,-0.011768,-0.584469735685697,-0.017262,-1.13858947100241
2002-10-23,0.007435,0.012537,0.006,0,0.006537,1.23990643406749,0.001435,0.734749842834177
2002-10-24,-0.01322,0.001435,0.006,0,-0.004565,0.137397317136508,-0.01922,-1.33681602638113
2002-10-25,0.016322,0.013771,0.006,0,0.007771,1.36170431993187,0.010322,1.61302298786472
2002-10-28,-0.007503,0.000284,0.006,0,-0.005716,0.0223961479561812,-0.013503,-0.759128729545704
2002-10-29,-0.00932,-0.004004,0.006,0,-0.010004,-0.407203566993225,-0.01532,-0.942370115303793
2002-10-30,0.01054,0.012305,0.006,0,0.006305,1.21699106575576,0.00454,1.04248432422025
2002-10-31,-0.003732,0.005764,0.006,0,-0.000236,0.568745351103549,-0.009732,-0.379897948692636
2002-11-01,0.017044,0.017765,0.006,0,0.011765,1.75490484857852,0.011044,1.68403824339108
2002-11-04,0.008637,0.014831,0.006,0,0.008831,1.46620979675505,0.002637,0.853991630074217
2002-11-05,0.006159,0.002024,0.006,0,-0.003976,0.196195627156258,0.000159,0.608011267848387
2002-11-06,0.009795,0.01574,0.006,1,0.00974,1.55574126950044,0.003795,0.968734175480797
2002-11-07,-0.021771,-0.010876,0.006,0,-0.016876,-1.09955742479286,-0.027771,-2.20714832272923
2002-11-08,-0.008825,-0.003371,0.006,0,-0.009371,-0.343669282188699,-0.014825,-0.892416913854322
2002-11-11,-0.020448,-0.014164,0.006,0,-0.020164,-1.4325265014115,-0.026448,-2.07199528963857
2002-11-12,0.008291,0.008828,0.006,0,0.002828,0.87292628327223,0.002291,0.819682026221813
2002-11-13,-0.000286,0.000303,0.006,0,-0.005697,0.0242955904698606,-0.006286,-0.0346039105871555
2002-11-14,0.024065,0.017255,0.006,0,0.011255,1.70478249000936,0.018065,2.37200029651923
2002-11-15,0.006031,0.002716,0.006,0,-0.003284,0.26523201366863,3.09999999999998e-05,0.595288811204367
2002-11-18,-0.009038,-0.001622,0.006,0,-0.007622,-0.168331506623592,-0.015038,-0.913908869336701
2002-11-19,-0.004534,-0.003086,0.006,0,-0.009086,-0.31507697172019,-0.010534,-0.460430795282093
2002-11-20,0.018458,0.015659,0.006,0,0.009659,1.54776646986305,0.012458,1.82297205209763
2002-11-21,0.021235,0.018407,0.006,0,0.012407,1.81796435644665,0.015235,2.09526810016386
2002-11-22,-0.001957,0.005707,0.006,0,-0.000293,0.563077857014371,-0.007957,-0.201891562658285
2002-11-25,0.0034,0.011775,0.006,0,0.005775,1.16462159299649,-0.0026,0.333423486794355
2002-11-26,-0.019733,-0.005681,0.006,0,-0.011681,-0.575719645790541,-0.025733,-1.99902936454831
2002-11-27,0.027215,0.021848,0.006,0,0.015848,2.15527545359929,0.021215,2.67912584506061
2002-11-29,-0.002594,0.004977,0.006,0,-0.001023,0.490465747694907,-0.008594,-0.265736844761504
2002-12-02,-5.7e-05,0.003977,0.005,0,-0.001023,0.391911389056129,-0.005057,-0.0107000374603399
2002-12-03,-0.014824,-0.009906,0.005,0,-0.014906,-1.00053896160116,-0.019824,-1.49849723184503
2002-12-04,-0.003824,-0.004973,0.005,0,-0.009973,-0.503540526335985,-0.008824,-0.388132893108366
2002-12-05,-0.010752,-0.005963,0.005,0,-0.010963,-0.603084842833577,-0.015752,-1.08602192023253
2002-12-06,0.005735,0.002654,0.005,0,-0.002346,0.260048561092188,0.000735,0.566861874339829
2002-12-09,-0.021675,-0.018128,0.005,0,-0.023128,-1.83443241057005,-0.026675,-2.19633520619329
2002-12-10,0.014143,0.008876,0.005,1,0.003876,0.878684111493917,0.009143,1.39939221167945
2002-12-11,0.000948,0.001548,0.005,0,-0.003452,0.149680433301741,-0.004052,0.0897552181747035
2002-12-12,-0.002191,0.00173,0.005,0,-0.00327,0.167850652362773,-0.007191,-0.224340250226423
2002-12-13,-0.013081,-0.009734,0.005,0,-0.014734,-0.983168382470851,-0.018081,-1.32173085356678
2002-12-16,0.021629,0.009171,0.005,0,0.004171,0.907920298966387,0.016629,2.1348413427418
2002-12-17,-0.007772,-0.00543,0.005,0,-0.01043,-0.549479478599891,-0.012772,-0.78523581464983
2002-12-18,-0.013167,-0.012766,0.005,0,-0.017766,-1.28981843313399,-0.018167,-1.33044522092949
2002-12-19,-0.00674,-0.004199,0.005,0,-0.009199,-0.425783930688619,-0.01174,-0.681281512943058
2002-12-20,0.01162,0.004411,0.005,0,-0.000589,0.435130130330765,0.00662,1.15030075285345
2002-12-23,0.002633,0.001974,0.005,0,-0.003026,0.192205547218111,-0.002367,0.257954097805809
2002-12-24,-0.00479,0.001012,0.005,0,-0.003988,0.0961489523174239,-0.00979,-0.485150756623561
2002-12-26,-0.001644,0.002201,0.005,0,-0.002799,0.214858259777713,-0.006644,-0.169535160096959
2002-12-27,-0.015051,-0.005237,0.005,0,-0.010237,-0.530075990033067,-0.020051,-1.5215414550293
2002-12-30,0.003474,-0.003508,0.005,0,-0.008508,-0.356416620989887,-0.001526,0.341798085117282
2002-12-31,0.001781,0.010114,0.005,0,0.005114,1.00131970207707,-0.003219,0.172941715003409
2003-01-02,0.030453,0.01965,0.005,0,0.01465,1.94094324061774,0.025453,2.99485126305112
2003-01-03,-0.000337,0.00208,0.005,0,-0.00292,0.202784104492401,-0.005337,-0.0387055547302475
2003-01-06,0.020191,0.013205,0.005,0,0.008205,1.3068575243015,0.015191,1.9939865918088
2003-01-07,-0.006521,-0.001248,0.005,0,-0.006248,-0.129877815057039,-0.011521,-0.659235335675988
2003-01-08,-0.013261,-0.006641,0.005,0,-0.011641,-0.671314830848308,-0.018261,-1.33997109584777
2003-01-09,0.018159,0.013169,0.005,0,0.008169,1.30330437962004,0.013159,1.79460957872271
2003-01-10,0.000582,0.004003,0.005,0,-0.000997,0.394501056284035,-0.004418,0.0531831953642121
2003-01-13,-0.001119,0.001845,0.005,0,-0.003155,0.179330132804113,-0.006119,-0.116962529799005
2003-01-14,0.005331,0.007405,0.005,0,0.002405,0.732771883884319,0.000331,0.52668417699577
2003-01-15,-0.012335,-0.002849,0.005,0,-0.007849,-0.290306487530526,-0.017335,-1.24617063070535
2003-01-16,-0.002893,0.000272,0.005,0,-0.004728,0.0221964264664849,-0.007893,-0.294719156303286
2003-01-17,-0.01385,-0.009388,0.005,0,-0.014388,-0.948234378103214,-0.01885,-1.39968048826663
2003-01-21,-0.015315,-0.007848,0.005,0,-0.012848,-0.792895637872918,-0.020315,-1.54834846603551
2003-01-22,-0.008945,-0.003619,0.005,0,-0.008619,-0.367556317309199,-0.013945,-0.903524544677161
2003-01-23,0.009995,0.006407,0.005,0,0.001407,0.633656367470475,0.004995,0.989538159582317
2003-01-24,-0.026117,-0.013736,0.005,0,-0.018736,-1.38812104890685,-0.031117,-2.65141045082989
2003-01-27,-0.016338,-0.014203,0.005,0,-0.019203,-1.43548266791655,-0.021338,-1.65229356231264
2003-01-28,0.011883,0.007776,0.005,0,0.002776,0.769592398189637,0.006883,1.17629527833534
2003-01-29,0.006301,0.002176,0.005,1,-0.002824,0.2123637190799,0.001301,0.623123294605658
2003-01-30,-0.020058,-0.010819,0.005,0,-0.015819,-1.09279497097387,-0.025058,-2.03118914924532
2003-01-31,0.01266,0.007724,0.005,0,0.002724,0.764432388265396,0.00766,1.25305334552872
2003-02-03,0.003545,-0.001589,0.005,0,-0.006589,-0.164026254950399,-0.001455,0.348873254812199
2003-02-04,-0.01252,-0.005435,0.005,0,-0.010435,-0.54998220968652,-0.01752,-1.26490343265569
2003-02-05,-0.004549,-0.001873,0.005,0,-0.006873,-0.19247550078649,-0.009549,-0.460937693608067
2003-02-06,-0.006256,-0.004201,0.005,0,-0.009201,-0.425984774231499,-0.011256,-0.632564951771332
2003-02-07,-0.010231,-0.008207,0.005,0,-0.013207,-0.829086157662362,-0.015231,-1.0333695163334
2003-02-10,0.006074,0.002065,0.005,0,-0.002935,0.201287206812814,0.001074,0.600562887031244
2003-02-11,-0.006158,-0.002401,0.005,0,-0.007401,-0.245388577262829,-0.011158,-0.622703743242049
2003-02-12,-0.012217,-0.009056,0.005,0,-0.014056,-0.914725357605528,-0.017217,-1.2342239735278
2003-02-13,-0.001822,-0.005069,0.005,0,-0.010069,-0.513188971185019,-0.006822,-0.187366061095551
2003-02-14,0.018219,0.007774,0.005,0,0.002774,0.769393941192788,0.013219,1.80050239430188
2003-02-18,0.019322,0.012795,0.005,0,0.007795,1.26638368367002,0.014322,1.90877016488847
2003-02-19,-0.006943,-0.00433,0.005,0,-0.00933,-0.438940034913983,-0.011943,-0.701721352173831
2003-02-20,-0.007043,6.8e-05,0.005,0,-0.004932,0.00179989380631402,-0.012043,-0.711791774646634
2003-02-21,0.012364,0.007663,0.005,0,0.002663,0.758378960311497,0.007364,1.22381912389894
2003-02-24,-0.016701,-0.00906,0.005,0,-0.01406,-0.915129013924465,-0.021701,-1.68920329302119
2003-02-25,0.006273,0.001183,0.005,0,-0.003817,0.113230205683432,0.001273,0.620340788223104
2003-02-26,-0.011315,-0.005578,0.005,0,-0.010578,-0.564361388660178,-0.016315,-1.14295003814197
2003-02-27,0.011219,0.006534,0.005,0,0.001534,0.646274720434472,0.006219,1.11065350408548
2003-02-28,0.004282,0.0024,0.005,0,-0.0026,0.234712584967983,-0.000718,0.422285957510196
2003-03-03,-0.006391,-0.002279,0.005,0,-0.007279,-0.233159962288586,-0.011391,-0.646150862297308
2003-03-04,-0.013814,-0.007087,0.005,0,-0.012087,-0.716223081832624,-0.018814,-1.39602999463836
2003-03-05,0.007475,-0.000908,0.005,0,-0.005908,-0.0958411231749495,0.002475,0.739720188500789
2003-03-06,-0.008139,-0.005656,0.005,0,-0.010656,-0.5722054487497,-0.013139,-0.82223012329078
2003-03-07,0.006956,-0.000818,0.005,0,-0.005818,-0.0868333494601481,0.001956,0.688191989075388
2003-03-10,-0.022834,-0.013407,0.005,0,-0.018407,-1.35476840317025,-0.027834,-2.3148732240836
2003-03-11,-0.007931,-0.003246,0.005,0,-0.008246,-0.330127843637879,-0.012931,-0.801261641463083
2003-03-12,0.002237,-0.002819,0.005,0,-0.007819,-0.287297961367153,-0.002763,0.218450289065111
2003-03-13,0.032055,0.018382,0.005,0,0.013382,1.81650945708423,0.027055,3.15019614628674
2003-03-14,0.001429,0.001858,0.005,0,-0.003142,0.180627730302363,-0.003571,0.137798120110924
2003-03-17,0.032617,0.017443,0.005,0,0.012443,1.72426183593921,0.027617,3.20463578743845
2003-03-18,0.004911,0.006423,0.005,1,0.001423,0.635246168894374,-8.90000000000005e-05,0.484898162564548
2003-03-19,0.006768,0.003193,0.005,0,-0.001807,0.313791445068211,0.001768,0.669520115417806
2003-03-20,0.003072,0.004272,0.005,0,-0.000728,0.421290216295363,-0.001928,0.301729229942422
2003-03-21,0.021151,0.01287,0.005,0,0.00787,1.27378865932337,0.016151,2.08804237185663
2003-03-24,-0.032826,-0.018122,0.005,0,-0.023122,-1.83382133482211,-0.037826,-3.34268605133458
2003-03-25,0.011789,0.009332,0.005,0,0.004332,0.923872715221545,0.006789,1.16700523527821
2003-03-26,-0.004861,-0.002183,0.005,0,-0.007183,-0.223538496791656,-0.009861,-0.492285183804936
2003-03-27,-0.000744,0.002096,0.005,0,-0.002904,0.20438077065349,-0.005744,-0.0794275655395239
2003-03-28,-0.004284,0.001637,0.005,0,-0.003363,0.158566282592601,-0.009284,-0.434320137012905
2003-03-31,-0.015745,-0.00404,0.005,0,-0.00904,-0.409818159661096,-0.020745,-1.5920267911075
2003-04-01,0.010749,0.005803,0.005,0,0.000803,0.573622870157547,0.005749,1.06416414238787
2003-04-02,0.024911,0.015608,0.005,0,0.010608,1.54374491842955,0.019911,2.4555780802158
2003-04-03,-0.004769,0.001672,0.005,0,-0.003328,0.162060501407927,-0.009769,-0.483040671471498
2003-04-04,0.001551,0.001335,0.005,0,-0.003665,0.128411092975523,-0.003449,0.149979969170912
2003-04-07,0.002212,0.006788,0.005,0,0.001788,0.671506650681852,-0.002788,0.215955837971439
2003-04-08,-0.001747,-0.002761,0.005,0,-0.007761,-0.281481734091418,-0.006747,-0.179852653416019
2003-04-09,-0.011709,-0.002256,0.005,0,-0.007256,-0.230854735186029,-0.016709,-1.18280889381005
2003-04-10,0.005252,0.001808,0.005,0,-0.003192,0.17563687853262,0.000252,0.518825759806263
2003-04-11,-0.002872,-2.6e-05,0.005,0,-0.005026,-0.00759990880475239,-0.007872,-0.292613085554275
2003-04-14,0.017886,0.010061,0.005,0,0.005061,0.996072631896301,0.012886,1.76779288246737
2003-04-15,0.006331,0.005279,0.005,0,0.000279,0.521511617423144,0.001331,0.62610446553032
2003-04-16,-0.010234,-0.001028,0.005,0,-0.006028,-0.107852750444574,-0.015234,-1.03367261781935
2003-04-17,0.015178,0.012428,0.005,0,0.007428,1.23014076088894,0.010178,1.50139678264112
2003-04-21,-0.000385,0.004999,0.005,0,-1.00000000000013e-06,0.493654773562675,-0.005385,-0.0435072881569368
2003-04-22,0.020172,0.012474,0.005,0,0.007474,1.23468419064583,0.015172,1.99212417811079
2003-04-23,0.00833,0.00915,0.005,0,0.00415,0.905839361394934,0.00333,0.824549827406534
2003-04-24,-0.008325,-0.001952,0.005,0,-0.006952,-0.200390638491475,-0.013325,-0.840984509452178
2003-04-25,-0.012574,-0.003923,0.005,0,-0.008923,-0.398071389883774,-0.017574,-1.2703720473658
2003-04-28,0.016864,0.012453,0.005,0,0.007453,1.2326100417999,0.011864,1.6673382727175
2003-04-29,0.003239,0.005032,0.005,0,3.19999999999999e-05,0.496938305010992,-0.001761,0.318376698892718
2003-04-30,0.000726,0.007256,0.005,0,0.002256,0.717980313464118,-0.004274,0.0675737839441315
2003-05-01,0.000256,0.003821,0.004,0,-0.000179,0.37737193219363,-0.003744,0.0215968037569999
2003-05-02,0.014894,0.016049,0.004,0,0.012049,1.58815771397762,0.010894,1.4744174342635
2003-05-05,-0.000874,0.008763,0.004,0,0.004763,0.86848285556395,-0.004874,-0.0914381360709853
2003-05-06,0.008617,0.008582,0.004,1,0.004582,0.850538478128689,0.004617,0.854008636502108
2003-05-07,-0.004813,0.000447,0.004,0,-0.003553,0.0406900925240231,-0.008813,-0.486461898352584
2003-05-08,-0.009286,-0.003033,0.004,0,-0.007033,-0.307760806600758,-0.013286,-0.936938288079472
2003-05-09,0.013521,0.012392,0.004,0,0.008392,1.22758484425757,0.009521,1.33904077715047
2003-05-12,0.012283,0.011639,0.004,0,0.007639,1.15317886581752,0.008283,1.21681768408566
2003-05-13,-0.001893,0.003896,0.004,0,-0.000104,0.384843104678088,-0.005893,-0.19347931888928
2003-05-14,-0.001457,0.005048,0.004,0,0.001048,0.499530236451808,-0.005457,-0.149806165664627
2003-05-15,0.006899,0.007443,0.004,0,0.003443,0.737543835583324,0.002899,0.683531159163391
2003-05-16,-0.002024,-0.001224,0.004,0,-0.005224,-0.126474889983882,-0.006024,-0.20660502560469
2003-05-19,-0.022017,-0.010426,0.004,0,-0.014426,-1.05207306907417,-0.026017,-2.23029907115049
2003-05-20,-0.00031,-8.9e-05,0.004,0,-0.004089,-0.0129003160756338,-0.00431,-0.0350047259953975
2003-05-21,0.003965,0.003873,0.004,0,-0.000127,0.382552004456797,-3.50000000000003e-05,0.391716090410383
2003-05-22,0.009068,0.008584,0.004,0,0.004584,0.850736776136885,0.005068,0.898713335948362
2003-05-23,0.00272,0.007249,0.004,0,0.003249,0.718285308662127,-0.00128,0.267630829420696
2003-05-27,0.018616,0.015815,0.004,0,0.011815,1.56512467623154,0.014616,1.84048439792615
2003-05-28,0.001873,0.006603,0.004,0,0.002603,0.654129648548323,-0.002127,0.18312489226484
2003-05-29,-0.002381,0.006375,0.004,0,0.002375,0.631476643798643,-0.006381,-0.242383828799563
2003-05-30,0.014917,0.01539,0.004,0,0.01139,1.52327759470091,0.010917,1.47668365510879
2003-06-02,0.004382,0.00659,0.005,0,0.00159,0.651838212799021,-0.000618,0.432242824371215
2003-06-03,0.003597,0.003286,0.005,0,-0.001714,0.323061415007254,-0.001403,0.354054751688019
2003-06-04,0.015277,0.016344,0.005,0,0.011344,1.61618757772341,0.010277,1.5111482915471
2003-06-05,0.005792,0.010643,0.005,0,0.005643,1.05367632012508,0.000792,0.572529210648539
2003-06-06,-0.003336,0.000103,0.005,0,-0.004897,0.00529959458225491,-0.008336,-0.339157560441996
2003-06-09,-0.012579,-0.007604,0.005,0,-0.012604,-0.768305655546515,-0.017579,-1.27087841570725
2003-06-10,0.009563,0.00861,0.005,0,0.00361,0.852314659458924,0.004563,0.946756520571309
2003-06-11,0.013377,0.010952,0.005,0,0.005952,1.08424624163818,0.008377,1.3238319176804
2003-06-12,0.001634,0.004598,0.005,0,-0.000402,0.453746273965767,-0.003366,0.158266772441453
2003-06-13,-0.009961,-0.007079,0.005,0,-0.012079,-0.715417375011203,-0.014961,-1.006094144007
2003-06-16,0.020524,0.011857,0.005,0,0.006857,1.17372577830061,0.015524,2.02662221245702
2003-06-17,0.001213,0.004297,0.005,0,-0.000703,0.423779550742055,-0.003787,0.116226615984116
2003-06-18,-0.001679,0.001248,0.005,0,-0.003752,0.119722314527415,-0.006679,-0.173040985025437
2003-06-19,-0.014222,-0.006852,0.005,0,-0.011852,-0.692558148973389,-0.019222,-1.43741006099067
2003-06-20,-2.9e-05,-9e-06,0.005,0,-0.005009,-0.00589987905419081,-0.005029,-0.00789991705497949
2003-06-23,-0.014824,-0.014388,0.005,0,-0.019388,-1.45425097023667,-0.019824,-1.49849723184503
2003-06-24,0.001761,0.00142,0.005,0,-0.00358,0.136899400337235,-0.003239,0.170945250741551
2003-06-25,-0.005039,0.002596,0.005,1,-0.002404,0.254263746229585,-0.010039,-0.510173732166794
2003-06-26,0.010578,0.007697,0.005,0,0.002697,0.761753047323567,0.005578,1.04724456426835
2003-06-27,-0.007565,-0.000192,0.005,0,-0.005192,-0.0242017184401301,-0.012565,-0.764375849935355
2003-06-30,-0.001247,0.000404,0.005,0,-0.004596,0.0353919663931432,-0.006247,-0.129777690151219
2003-07-01,0.006779,0.003256,0.003,0,0.000256,0.322071116016626,0.003779,0.672612634699869
2003-07-02,0.012673,0.016164,0.003,0,0.013164,1.60047539027415,0.009673,1.25633700504546
2003-07-03,-0.006433,-0.00165,0.003,0,-0.00465,-0.168136229923945,-0.009433,-0.64837804648675
2003-07-07,0.017833,0.015419,0.003,0,0.012419,1.52713356437831,0.014833,1.76458579698393
2003-07-08,0.004626,0.010532,0.003,0,0.007532,1.04469253014662,0.001626,0.458533339653319
2003-07-09,-0.00313,0.007287,0.003,0,0.004287,0.723057854545956,-0.00613,-0.316490824549639
2003-07-10,-0.013119,-0.006726,0.003,0,-0.009726,-0.677872102842946,-0.016119,-1.32358137433813
2003-07-11,0.008946,0.008204,0.003,0,0.005204,0.814053057528651,0.005946,0.887622205432058
2003-07-14,0.007305,0.009623,0.003,0,0.006623,0.954699429483736,0.004305,0.724844816868896
2003-07-15,-0.004232,-0.00272,0.003,0,-0.00572,-0.275370547160559,-0.007232,-0.427097980726362
2003-07-16,-0.006056,-0.002466,0.003,0,-0.005466,-0.249904513598262,-0.009056,-0.610441149078735
2003-07-17,-0.014502,-0.01762,0.003,0,-0.02062,-1.78070796526901,-0.017502,-1.46381813681174
2003-07-18,0.010647,0.00694,0.003,0,0.00394,0.688602949172052,0.007647,1.05607202697734
2003-07-21,-0.013153,-0.007817,0.003,0,-0.010817,-0.787771245439086,-0.016153,-1.32702663123304
2003-07-22,0.009225,0.007835,0.003,0,0.004835,0.777446622422922,0.006225,0.915271002464358
2003-07-23,0.002128,0.003378,0.003,0,0.000378,0.334230782418204,-0.000872,0.209573946500686
2003-07-24,-0.005786,-0.000209,0.003,0,-0.003209,-0.0239021393552587,-0.008786,-0.583280329701216
2003-07-25,0.014812,0.006072,0.003,0,0.003072,0.60236401430277,0.011812,1.4673374113212
2003-07-28,-8.7e-05,0.00578,0.003,0,0.00278,0.573336033909542,-0.003087,-0.0117003334728515
2003-07-29,-0.005694,0.000195,0.003,0,-0.002805,0.0164981439962264,-0.008694,-0.574027216826752
2003-07-30,-0.002022,-0.00219,0.003,0,-0.00519,-0.222240110692274,-0.005022,-0.205404655183291
2003-07-31,0.002954,0.004928,0.003,0,0.001928,0.488589760358961,-4.6e-05,0.291964596531516
2003-08-01,-0.00993,-0.008219,0.003,0,-0.011219,-0.828296174873452,-0.01293,-1.00096308324305
2003-08-04,0.000612,-0.002816,0.003,0,-0.005816,-0.284997193725665,-0.002388,0.0581813254362923
2003-08-05,-0.015913,-0.007774,0.003,0,-0.010774,-0.783437461425133,-0.018913,-1.60709707540897
2003-08-06,3.1e-05,-0.00445,0.003,0,-0.00745,-0.448993027210239,-0.002969,9.99969500930304e-05
2003-08-07,0.005845,-0.000407,0.003,0,-0.003407,-0.043708239698891,0.002845,0.579798470996238
2003-08-08,0.003421,0.00169,0.003,0,-0.00131,0.165857400689076,0.000421,0.33851621409388
2003-08-11,0.004933,0.006635,0.003,0,0.003635,0.658308572023685,0.001933,0.489087307204241
2003-08-12,0.010299,0.009272,0.003,1,0.006272,0.919927932844585,0.007299,1.02163270960423
2003-08-13,-0.004396,0.002129,0.003,0,-0.000871,0.209673734102775,-0.007396,-0.443569036899772
2003-08-14,0.005485,0.005284,0.003,0,0.002284,0.524008910550257,0.002485,0.544001261801892
2003-08-15,0.001097,0.001892,0.003,0,-0.001108,0.186021287236711,-0.001903,0.106639918517583
2003-08-18,0.009742,0.010435,0.003,0,0.007435,1.03509316508281,0.006742,0.96648531268343
2003-08-19,0.004374,0.0082,0.003,0,0.0052,0.813656311638442,0.001374,0.433446231507808
2003-08-20,-0.0012,0.002386,0.003,0,-0.000614,0.235315847173337,-0.0042,-0.12307201265279
2003-08-21,0.0043,0.009154,0.003,0,0.006154,0.908235653797999,0.0013,0.426078186714728
2003-08-22,-0.010071,-0.006403,0.003,0,-0.009403,-0.64535866811614,-0.013071,-1.01520551470269
2003-08-25,-0.000861,-0.002039,0.003,0,-0.005039,-0.207108114056575,-0.003861,-0.0891370423405611
2003-08-26,0.003082,0.002715,0.003,0,-0.000285,0.268132149489532,8.2e-05,0.304726082384582
2003-08-27,0.002067,0.00687,0.003,0,0.00387,0.681650952704839,-0.000933,0.203486714467991
2003-08-28,0.007012,0.008639,0.003,0,0.005639,0.857189782275725,0.004012,0.695753069932693
2003-08-29,0.005252,0.006835,0.003,0,0.003835,0.678174773224376,0.002252,0.520825679809529
2003-09-02,0.013285,0.013013,0.004,0,0.009013,1.28890591529861,0.009285,1.31575290440226
2003-09-03,0.004633,0.006407,0.004,0,0.002407,0.634656322472508,0.000633,0.458230148935543
2003-09-04,0.002509,0.006029,0.004,0,0.002029,0.597089909980842,-0.001491,0.246585851437758
2003-09-05,-0.005392,-0.000213,0.004,0,-0.004213,-0.0253021887743046,-0.009392,-0.544658849932191
2003-09-08,0.010332,0.010898,0.004,0,0.006898,1.07990455408385,0.006332,1.02389905101945
2003-09-09,-0.007523,-0.002093,0.004,0,-0.006093,-0.213519258555969,-0.011523,-0.759143969285609
2003-09-10,-0.013316,-0.012455,0.004,0,-0.016455,-1.25732128248919,-0.017316,-1.34454521189024
2003-09-11,0.005893,0.007928,0.004,0,0.003928,0.785673932658508,0.001893,0.583570499167983
2003-09-12,0.002416,0.004029,0.004,0,2.89999999999995e-05,0.398090611451947,-0.001584,0.237308696425306
2003-09-15,-0.00341,0.000571,0.004,0,-0.003429,0.0530837841508574,-0.00741,-0.345582650119065
2003-09-16,0.013478,0.010951,0.004,1,0.006951,1.0851472799266,0.009478,1.33479805182042
2003-09-17,-0.002289,0.002349,0.004,0,-0.001651,0.230624621231959,-0.006289,-0.233162296515159
2003-09-18,0.011918,0.008092,0.004,0,0.004092,0.801943612558683,0.007918,1.18075407143494
2003-09-19,-0.001433,0.003458,0.004,0,-0.000542,0.341203566564621,-0.005433,-0.147402692645999
2003-09-22,-0.01224,-0.005914,0.004,0,-0.009914,-0.597155615345896,-0.01624,-1.23555249226702
2003-09-23,0.006262,0.007727,0.004,0,0.003727,0.76573004338517,0.002262,0.620247594534545
2003-09-24,-0.017653,-0.009986,0.004,0,-0.013986,-1.00761937393702,-0.021653,-1.78506717560083
2003-09-25,-0.008074,-0.013232,0.004,0,-0.017232,-1.33603221030208,-0.012074,-0.814677045395688
2003-09-26,-0.008389,-0.013085,0.004,0,-0.017085,-1.32113620113832,-0.012389,-0.846438489991687
2003-09-29,0.009705,0.007159,0.004,0,0.003159,0.709349680918404,0.005705,0.96182097817865
2003-09-30,-0.009054,-0.00359,0.004,0,-0.00759,-0.36364587144264,-0.013054,-0.913523575055043
2003-10-01,0.020888,0.015301,0.003,0,0.012301,1.51551207051083,0.017888,2.06428372393301
2003-10-02,0.003326,0.004592,0.003,0,0.001592,0.455148938358562,0.000326,0.329048154585535
2003-10-03,0.009717,0.009749,0.003,0,0.006749,0.967178556674122,0.006717,0.964009402055754
2003-10-06,0.005163,0.007322,0.003,0,0.004322,0.726532474187139,0.002163,0.511971786453368
2003-10-07,0.004998,0.00626,0.003,0,0.00326,0.621048803944535,0.001998,0.495555190929868
2003-10-08,-0.004394,-0.00134,0.003,0,-0.00434,-0.137089815285058,-0.007394,-0.443368154019513
2003-10-09,0.005326,0.005946,0.003,0,0.002946,0.589839275442113,0.002326,0.528186747127824
2003-10-10,0.00014,0.001437,0.003,0,-0.001563,0.140596895354635,-0.00286,0.0109990650905571
2003-10-13,0.007721,0.010423,0.003,0,0.007423,1.03390555071306,0.004721,0.766134607264666
2003-10-14,0.004395,0.006228,0.003,0,0.003228,0.61786866075832,0.001395,0.435537064251719
2003-10-15,-0.003325,-0.002103,0.003,0,-0.005103,-0.213521395965602,-0.006325,-0.336053964646493
2003-10-16,0.003658,0.004563,0.003,0,0.001563,0.452262152620079,0.000658,0.362132623921448
2003-10-17,-0.010804,-0.00754,0.003,0,-0.01054,-0.759856904996128,-0.013804,-1.08927865647144
2003-10-20,0.003713,0.001836,0.003,0,-0.001164,0.180431706214278,0.000713,0.367612428104508
2003-10-21,0.002752,0.004343,0.003,0,0.001343,0.430359684223899,-0.000248,0.271822063111068
2003-10-22,-0.014458,-0.011672,0.003,0,-0.014672,-1.17706520730405,-0.017458,-1.45935348870645
2003-10-23,0.001176,-0.003985,0.003,0,-0.006985,-0.402296081998825,-0.001824,0.114530950363989
2003-10-24,-0.004248,-0.003693,0.003,0,-0.006693,-0.372983550983178,-0.007248,-0.428704793613036
2003-10-27,0.004134,0.008859,0.003,0,0.005859,0.878998973746746,0.001134,0.409547894917437
2003-10-28,0.015113,0.012185,0.003,1,0.009185,1.20813609323355,0.012113,1.49699367962727
2003-10-29,0.002859,0.006919,0.003,0,0.003919,0.686517400978185,-0.000141,0.282492128253462
2003-10-30,-0.000955,0.00137,0.003,0,-0.00163,0.133906285622894,-0.003955,-0.0985455853045065
2003-10-31,0.002428,0.001959,0.003,0,-0.001041,0.19270841118205,-0.000572,0.239505762048846
2003-11-03,0.008873,0.010932,0.004,0,0.006932,1.08326784377717,0.004873,0.879386705426759
2003-11-04,-0.003714,0.002004,0.004,0,-0.001996,0.196199547065171,-0.007714,-0.376091322244975
2003-11-05,-0.000578,0.002436,0.004,0,-0.001564,0.239303856167837,-0.004578,-0.0618166306416099
2003-11-06,0.005487,0.005314,0.004,0,0.001314,0.525993132343423,0.001487,0.543200205587056
2003-11-07,-0.002324,0.002978,0.004,0,-0.001022,0.293357534181134,-0.006324,-0.236670387928363
2003-11-10,-0.007259,-0.006173,0.004,0,-0.010173,-0.623213093863868,-0.011259,-0.732547393840874
2003-11-11,-0.002055,-0.005676,0.004,0,-0.009676,-0.573216890320717,-0.006055,-0.209711360975928
2003-11-12,0.013367,0.014352,0.004,0,0.010352,1.42099857692549,0.009367,1.32384506823155
2003-11-13,0.00051,0.002597,0.004,0,-0.001403,0.255363442254054,-0.00349,0.0469870794178761
2003-11-14,-0.007764,-0.006905,0.004,0,-0.010905,-0.696894902522382,-0.011764,-0.783429596596409
2003-11-17,-0.007164,-0.009705,0.004,0,-0.013705,-0.979239964270554,-0.011164,-0.722978386940362
2003-11-18,-0.007721,-0.004267,0.004,0,-0.008267,-0.431612882451565,-0.011721,-0.779096044065263
2003-11-19,0.007142,0.003848,0.004,0,-0.000152,0.380061618591301,0.003142,0.70766175046507
2003-11-20,-0.007335,-0.00499,0.004,0,-0.00899,-0.504249082281277,-0.011335,-0.740203258690393
2003-11-21,0.001907,0.002108,0.004,0,-0.001892,0.206578208546501,-0.002093,0.186518478387395
2003-11-24,0.016013,0.012823,0.004,0,0.008823,1.27014822705957,0.012013,1.58461451500005
2003-11-25,0.00344,0.006372,0.004,0,0.002372,0.631178543739371,-0.00056,0.339409753426088
2003-11-26,0.004616,0.006305,0.004,0,0.002305,0.624520744199281,0.000616,0.456537974396658
2003-11-28,0.001486,0.005573,0.004,0,0.001573,0.551752909141642,-0.002514,0.144489779455417
2003-12-01,0.010917,0.01102,0.004,0,0.00702,1.09197230363137,0.006917,1.08178405344463
2003-12-02,-0.002278,0.000896,0.004,0,-0.003104,0.0855599631592033,-0.006278,-0.232059778916211
2003-12-03,-0.002715,-0.004904,0.004,0,-0.008904,-0.495606326563387,-0.006715,-0.275869149709327
2003-12-04,0.002376,-0.000744,0.004,0,-0.004744,-0.0784276105374907,-0.001624,0.233318257516401
2003-12-05,-0.006926,-0.004201,0.004,0,-0.008201,-0.424984819229466,-0.010926,-0.69900952620252
2003-12-08,0.006418,0.003112,0.004,0,-0.000888,0.30671685506896,0.002418,0.635749313666488
2003-12-09,-0.008974,-0.008538,0.004,1,-0.012538,-0.861465672579558,-0.012974,-0.905450807120537
2003-12-10,-0.003182,-0.009328,0.004,0,-0.013328,-0.941177744702895,-0.007182,-0.32270725270978
2003-12-11,0.012812,0.014629,0.004,0,0.010629,1.44830292346406,0.008812,1.26906214787945
2003-12-12,0.00344,0.00722,0.004,0,0.00322,0.715406138021923,-0.00056,0.339409753426088
2003-12-15,-0.007059,-0.008949,0.004,0,-0.012949,-0.902928200783717,-0.011059,-0.712403181356063
2003-12-16,0.004763,-0.000305,0.004,0,-0.004305,-0.0345045721981038,0.000763,0.471169360537575
2003-12-17,0.001536,0.001254,0.004,0,-0.002746,0.121321519867277,-0.002464,0.149482235854836
2003-12-18,0.012222,0.01077,0.004,0,0.00677,1.06724174296244,0.008222,1.2107915196634
2003-12-19,-0.000445,1.2e-05,0.004,0,-0.003988,-0.00279992720207567,-0.004445,-0.0485098241904848
2003-12-22,0.003886,0.0031,0.004,0,-9e-04,0.305520570728109,-0.000114,0.383846980596879
2003-12-23,0.003668,0.005755,0.004,0,0.001755,0.569850404974916,-0.000332,0.362129009288823
2003-12-24,-0.001081,0.001372,0.004,0,-0.002628,0.133106046797075,-0.005081,-0.112158390193449
2003-12-26,0.001947,0.004383,0.004,0,0.000383,0.433342343035499,-0.002053,0.190510785212674
2003-12-29,0.012792,0.011611,0.004,0,0.007611,1.15041104177187,0.008792,1.26708742824021
2003-12-30,0.000757,0.003599,0.004,0,-0.000401,0.355253989669891,-0.003243,0.0716714419995985
2003-12-31,3.2e-05,-0.001174,0.004,0,-0.005174,-0.121468887786203,-0.003968,-0.00079997120104103
2004-01-02,-0.000784,0.00607,0.003,0,0.00307,0.602165221175844,-0.003784,-0.0814307038733611
2004-01-05,0.012269,0.012936,0.003,0,0.009936,1.28230450434842,0.009269,1.21643462706521
2004-01-06,0.001951,0.004868,0.003,0,0.001868,0.482619005116357,-0.001049,0.191909972130392
2004-01-07,0.002716,0.005653,0.003,0,0.002653,0.560708220786384,-0.000284,0.268231878674929
2004-01-08,0.004865,0.008348,0.003,0,0.005348,0.828334861344745,0.001865,0.482320457995918
2004-01-09,-0.006234,-0.000313,0.003,0,-0.003313,-0.0343048544732832,-0.009234,-0.628351206428731
2004-01-12,0.005251,0.00883,0.003,0,0.00583,0.876124397932337,0.002251,0.520726202216111
2004-01-13,-0.004591,-0.000546,0.003,0,-0.003546,-0.057614866228834,-0.007591,-0.463157055724711
2004-01-14,0.007248,0.006933,0.003,0,0.003933,0.687907771273542,0.004248,0.719185993297095
2004-01-15,0.001138,0.001466,0.003,0,-0.001534,0.143492692105853,-0.001862,0.110735341882545
2004-01-16,0.00697,0.008029,0.003,0,0.005029,0.796693952659377,0.00397,0.691582228286036
2004-01-20,0.002584,0.012299,0.003,0,0.009299,1.21939822226203,-0.000416,0.255066766203912
2004-01-21,0.005595,0.002608,0.003,0,-0.000392,0.257460551936266,0.002595,0.55494065756036
2004-01-22,-0.002894,-0.003088,0.003,0,-0.006088,-0.312277726025706,-0.005894,-0.292819526489684
2004-01-23,-0.00138,0.003266,0.003,0,0.000266,0.32306786561619,-0.00438,-0.141095262694069
2004-01-26,0.010493,0.007669,0.003,0,0.004669,0.760974315707048,0.007493,1.04083310238052
2004-01-27,-0.008574,-0.002394,0.003,0,-0.005394,-0.242686974976285,-0.011574,-0.864096774991508
2004-01-28,-0.014189,-0.013049,0.003,1,-0.016049,-1.31648857211086,-0.017189,-1.43206258731338
2004-01-29,0.001361,-0.008374,0.003,0,-0.011374,-0.843925846475451,-0.001639,0.133007512897045
2004-01-30,-0.000614,0.00353,0.003,0,0.00053,0.349378462360746,-0.003614,-0.0644188125203063
2004-02-02,0.002927,0.000397,0.003,0,-0.002603,0.0366921666341716,-7.30000000000001e-05,0.289272512604141
2004-02-03,0.000126,3.5e-05,0.003,0,-0.002965,0.000499983750529149,-0.002874,0.00959925126577292
2004-02-04,-0.009916,-0.014544,0.003,0,-0.017544,-1.46808003232086,-0.012916,-0.999549051809104
2004-02-05,0.002283,0.001911,0.003,0,-0.001089,0.187917681243563,-0.000717,0.225039836511164
2004-02-06,0.014344,0.016339,0.003,0,0.013339,1.61769553710123,0.011344,1.42120985796421
2004-02-09,-0.000402,0.004509,0.003,0,0.001509,0.44688653641389,-0.003402,-0.0432080373670467
2004-02-10,0.005805,0.00723,0.003,0,0.00423,0.717398929849346,0.002805,0.575821636059219
2004-02-11,0.010254,0.007439,0.003,0,0.004439,0.738146755000746,0.007254,1.01717848345847
2004-02-12,-0.004532,-0.002436,0.003,0,-0.005436,-0.246897142531552,-0.007532,-0.457230019547461
2004-02-13,-0.00532,-0.005332,0.003,0,-0.008332,-0.537626539492899,-0.00832,-0.536420114071088
2004-02-17,0.009798,0.009204,0.003,0,0.006204,0.913190176237549,0.006798,0.972031130049201
2004-02-18,-0.004464,-0.003134,0.003,0,-0.006134,-0.316892081285737,-0.007464,-0.450399294945558
2004-02-19,-0.005332,-0.006904,0.003,0,-0.009904,-0.695794242270792,-0.008332,-0.537626539492899
2004-02-20,-0.003538,-0.005238,0.003,0,-0.008238,-0.528176596537384,-0.006538,-0.357427307353076
2004-02-23,-0.005033,-0.0108,0.003,0,-0.0138,-1.08887428848849,-0.008033,-0.507570775269728
2004-02-24,-0.000969,-0.002408,0.003,0,-0.005408,-0.244090344466454,-0.003969,-0.0999469334013986
2004-02-25,0.005125,0.00674,0.003,0,0.00374,0.668738819751524,0.002125,0.508191233616707
2004-02-26,0.002933,0.006325,0.003,0,0.003325,0.627508158458516,-6.70000000000002e-05,0.289870759740035
2004-02-27,0.00157,0.005456,0.003,0,0.002456,0.5411170399374,-0.00143,0.153876928843831
2004-03-01,0.010243,0.012118,0.004,0,0.008118,1.20051656584225,0.006243,1.01508967744434
2004-03-02,-0.005624,-0.002248,0.004,0,-0.006248,-0.229052974517631,-0.009624,-0.567987343379313
2004-03-03,0.001209,0.002227,0.004,0,-0.001773,0.218452471096406,-0.002791,0.11682705480025
2004-03-04,0.004571,0.007842,0.004,0,0.003842,0.777141213146641,0.000571,0.452058550628982
2004-03-05,0.002974,0.003454,0.004,0,-0.000546,0.340804944203501,-0.001026,0.292958721049015
2004-03-08,-0.008043,-0.00601,0.004,0,-0.01001,-0.606813193836317,-0.012043,-0.811551861097771
2004-03-09,-0.006631,-0.007299,0.004,0,-0.011299,-0.736576723330772,-0.010631,-0.669308195515592
2004-03-10,-0.015184,-0.014762,0.004,0,-0.018762,-1.49120418310529,-0.019184,-1.53404564901988
2004-03-11,-0.013977,-0.011873,0.004,0,-0.015873,-1.19840461850497,-0.017977,-1.41155972795751
2004-03-12,0.012795,0.014299,0.004,0,0.010299,1.41577342976986,0.008795,1.26738363867205
2004-03-15,-0.015556,-0.016513,0.004,0,-0.020513,-1.66908585390318,-0.019556,-1.57182633866217
2004-03-16,0.004603,-0.00122,0.004,1,-0.00522,-0.126074400585837,0.000603,0.455243939251641
2004-03-17,0.012464,0.013407,0.004,0,0.009407,1.32779222760947,0.008464,1.23469646108665
2004-03-18,-0.001498,-0.001807,0.004,0,-0.005807,-0.184863379395897,-0.005498,-0.153912232378773
2004-03-19,-0.009448,-0.00302,0.004,0,-0.00702,-0.306456860206979,-0.013448,-0.953291468355218
2004-03-22,-0.014014,-0.01614,0.004,0,-0.02014,-1.63116676749195,-0.018014,-1.41531224632881
2004-03-23,-0.000691,0.001573,0.004,0,-0.002427,0.153176493132319,-0.004691,-0.0731238050558152
2004-03-24,-0.003338,-0.003036,0.004,0,-0.007036,-0.308061719721624,-0.007338,-0.338358275074534
2004-03-25,0.016648,0.013398,0.004,0,0.009398,1.32690413033321,0.012648,1.64709419268926
2004-03-26,0.000327,0.003268,0.004,0,-0.000732,0.322267249342663,-0.003673,0.0286947347131071
2004-03-29,0.013132,0.011186,0.004,0,0.007186,1.10839001778837,0.009132,1.30065235991505
2004-03-30,0.005163,0.006653,0.004,0,0.002653,0.659096726754997,0.001163,0.510971821452134
2004-03-31,0.000196,0.004052,0.004,0,5.2e-05,0.400381355699914,-0.003804,0.0155981594488144
2004-04-01,0.006667,0.006876,0.004,0,0.002876,0.681246892053014,0.002667,0.660487464442024
2004-04-02,0.008538,0.009104,0.004,0,0.005104,0.902280920872126,0.004538,0.846175822460511
2004-04-05,0.006553,0.005305,0.004,0,0.001305,0.525097885655706,0.002553,0.649162323610734
2004-04-06,-0.003434,-0.006199,0.004,0,-0.010199,-0.625829277576462,-0.007434,-0.347990891119886
2004-04-07,-0.00429,0.001555,0.004,0,-0.002445,0.151379303936173,-0.00829,-0.433922765285371
2004-04-08,-0.001908,-0.000685,0.004,0,-0.004685,-0.0725233919716114,-0.005908,-0.194982175067475
2004-04-12,0.003994,0.004262,0.004,0,0.000262,0.42129442016746,-5.99999999999993e-06,0.394604595604166
2004-04-13,-0.014956,-0.014536,0.004,0,-0.018536,-1.46826819369738,-0.018956,-1.51089679569851
2004-04-14,-0.003373,-0.007152,0.004,0,-0.011152,-0.721769735412712,-0.007373,-0.341870058865404
2004-04-15,-3.9e-05,-0.001682,0.004,0,-0.005682,-0.172341535022054,-0.004039,-0.00789999605411063
2004-04-16,0.004913,0.0044,0.004,0,4e-04,0.435034910127156,0.000913,0.486097139968542
2004-04-19,0.002221,0.004071,0.004,0,7.09999999999999e-05,0.402273670065176,-0.001779,0.217853802535285
2004-04-20,-0.015416,-0.01245,0.004,0,-0.01645,-1.25681497772916,-0.019416,-1.55760612440052
2004-04-21,0.005474,0.002376,0.004,0,-0.001624,0.233318257516401,0.001474,0.541907291403223
2004-04-22,0.014456,0.010784,0.004,0,0.006784,1.06862681603001,0.010456,1.43125090243792
2004-04-23,-0.000319,-0.000902,0.004,0,-0.004902,-0.0942406246810543,-0.004319,-0.0359050091344509
2004-04-26,-0.003138,-0.002583,0.004,0,-0.006583,-0.262634090016933,-0.007138,-0.318293304633144
2004-04-27,0.001199,-9.8e-05,0.004,0,-0.004098,-0.0138004002335086,-0.002801,0.115828257352369
2004-04-28,-0.0158,-0.017847,0.004,0,-0.021847,-1.80481774832983,-0.0198,-1.59661497502806
2004-04-29,-0.008753,-0.014693,0.004,0,-0.018693,-1.48420104437685,-0.012753,-0.883153171939546
2004-04-30,-0.006466,-0.01076,0.004,0,-0.01476,-1.08583066359006,-0.010466,-0.652699432996305
2004-05-03,0.008478,0.001712,0.003,0,-0.001288,0.168053664843837,0.005478,0.841226404807596
2004-05-04,0.003519,0.006555,0.003,1,0.003555,0.650360986347012,0.000519,0.348282325694416
2004-05-05,0.002468,0.003218,0.003,0,0.000218,0.318283376927602,-0.000532,0.243495993961654
2004-05-06,-0.008363,-0.011141,0.003,0,-0.014141,-1.12335253240114,-0.011363,-0.842816563440361
2004-05-07,-0.015939,-0.016933,0.003,0,-0.019933,-1.71080020098143,-0.018939,-1.60973915313905
2004-05-10,-0.013773,-0.021226,0.003,0,-0.024226,-2.14845104549728,-0.016773,-1.3898727303055
2004-05-11,0.009884,0.012822,0.003,0,0.009822,1.27104945807731,0.006884,0.980547322207371
2004-05-12,0.001178,-0.001461,0.003,0,-0.004461,-0.14920678511611,-0.001822,0.114730715240729
2004-05-13,-0.000889,-0.001152,0.003,0,-0.004152,-0.118266361205764,-0.003889,-0.0919394944863719
2004-05-14,-0.001343,-0.003696,0.003,0,-0.006696,-0.373284663443162,-0.004343,-0.13739021827567
2004-05-17,-0.010757,-0.013039,0.003,0,-0.016039,-1.3154753557162,-0.013757,-1.08452743593759
2004-05-18,0.007791,0.007593,0.003,0,0.004593,0.753431872090682,0.004791,0.773080733115382
2004-05-19,-0.001139,0.002872,0.003,0,-0.000128,0.283788413747398,-0.004139,-0.116964870347968
2004-05-20,0.000381,-0.001566,0.003,0,-0.004566,-0.159722700964423,-0.002619,0.0350927887921181
2004-05-21,0.004478,0.006044,0.003,0,0.003044,0.599580874563132,0.001478,0.443800403949871
2004-05-24,0.003686,0.006881,0.003,0,0.003881,0.682743441299517,0.000686,0.364922379937539
2004-05-25,0.016309,0.014261,0.003,0,0.011261,1.41302689479037,0.013309,1.61474372252221
2004-05-26,0.002682,0.005591,0.003,0,0.002591,0.554542882317294,-0.000318,0.264841030573629
2004-05-27,0.005656,0.00497,0.003,0,0.00197,0.492769076921902,0.002656,0.561006533974463
2004-05-28,0.000307,0.003178,0.003,0,0.000178,0.314296128148668,-0.002693,0.0276953335133594
2004-06-01,0.001364,0.00229,0.004,0,-0.00171,0.224738274611243,-0.002636,0.132307139701976
2004-06-02,0.002955,0.002682,0.004,0,-0.001318,0.263841065572396,-0.001045,0.291064336950618
2004-06-03,-0.008524,-0.009511,0.004,0,-0.013511,-0.959651760749089,-0.012524,-0.860053626413694
2004-06-04,0.006046,0.006289,0.004,0,0.002289,0.622930756352717,0.002046,0.59877970782639
2004-06-07,0.015589,0.012268,0.004,0,0.008268,1.21533587404479,0.011589,1.5428740553868
2004-06-08,0.000582,-0.000904,0.004,0,-0.004904,-0.0944408054442835,-0.003418,0.0541831503662453
2004-06-09,-0.010733,-0.010233,0.004,0,-0.014233,-1.03257162888659,-0.014733,-1.08310133283696
2004-06-10,0.00358,0.000846,0.004,0,-0.003154,0.0805643143682604,-0.00042,0.353360785326823
2004-06-14,-0.011044,-0.013468,0.004,0,-0.017468,-1.35995153337766,-0.015044,-1.11454369323436
2004-06-15,0.008004,0.009438,0.004,0,0.005438,0.935374114181772,0.004004,0.79321386952503
2004-06-16,0.001358,0.001806,0.004,0,-0.002194,0.176437194282781,-0.002642,0.131707955192093
2004-06-17,-0.000449,-0.000446,0.004,0,-0.004446,-0.0486098687603407,-0.004449,-0.0489100030704447
2004-06-18,0.002184,-0.000301,0.004,0,-0.004301,-0.0341044509613686,-0.001816,0.214161933875587
2004-06-21,-0.003711,-0.001545,0.004,0,-0.005545,-0.158619394326544,-0.007711,-0.375790204344771
2004-06-22,0.00383,0.003035,0.004,0,-0.000965,0.299040448500766,-0.00017,0.378268502364448
2004-06-23,0.008835,0.008442,0.004,0,0.004442,0.836656640309722,0.004835,0.875620055346124
2004-06-24,-0.001968,0.001372,0.004,0,-0.002628,0.133106046797075,-0.005968,-0.200993825648107
2004-06-25,-0.00194,0.004424,0.004,0,0.000424,0.437424367839842,-0.00594,-0.198188343736268
2004-06-28,-0.002301,-0.002598,0.004,0,-0.006598,-0.264137985859141,-0.006301,-0.234365056850143
2004-06-29,0.002696,0.003792,0.004,0,-0.000208,0.374482929183387,-0.001304,0.26523731106828
2004-06-30,0.005474,0.006794,0.004,1,0.002794,0.673102558567852,0.001474,0.541907291403223
2004-07-01,-0.009929,-0.007867,0.005,0,-0.012867,-0.794810685358595,-0.014929,-1.00286200033793
2004-07-02,-0.001833,0.001427,0.005,0,-0.003573,0.137598405303669,-0.006833,-0.18846807502602
2004-07-06,-0.009002,-0.010534,0.005,0,-0.015534,-1.06398740681806,-0.014002,-0.909276156769846
2004-07-07,0.001886,0.000561,0.005,0,-0.004439,0.0510843948286411,-0.003114,0.183422498496486
2004-07-08,-0.009185,-0.012084,0.005,0,-0.017084,-1.22076038416516,-0.014185,-0.927744095018321
2004-07-09,0.003273,0.002667,0.005,0,-0.002333,0.261345111619529,-0.001727,0.321765664421282
2004-07-12,8.1e-05,-0.002861,0.005,0,-0.007861,-0.291509923339776,-0.004919,0.00309979696354711
2004-07-13,0.000549,-0.00097,0.005,0,-0.00597,-0.102046950448749,-0.004451,0.0498850604592017
2004-07-14,-0.002706,-0.003873,0.005,0,-0.008873,-0.393051823613402,-0.007706,-0.275966658631254
2004-07-15,-0.003322,0.000464,0.005,0,-0.004536,0.0413893635245866,-0.008322,-0.337752884275013
2004-07-16,-0.004665,-0.006544,0.005,0,-0.011544,-0.661550459220646,-0.009665,-0.472591382164374
2004-07-19,-0.000594,-0.004278,0.005,0,-0.009278,-0.43371755736945,-0.005594,-0.0644175237934331
2004-07-20,0.007463,0.008189,0.005,0,0.003189,0.810565332320716,0.002463,0.738529084853913
2004-07-21,-0.014356,-0.015714,0.005,0,-0.020714,-1.58887725040679,-0.019356,-1.45100430922432
2004-07-22,0.00079,-0.004269,0.005,0,-0.009269,-0.432813694712378,-0.00421,0.0739689364207355
2004-07-23,-0.010177,-0.010551,0.005,0,-0.015551,-1.0657055200266,-0.015177,-1.0279138466789
2004-07-26,-0.004618,-0.009922,0.005,0,-0.014922,-1.00215498283571,-0.009618,-0.467869465386777
2004-07-27,0.010403,0.010437,0.005,0,0.005437,1.0332911794366,0.005403,1.0299262420835
2004-07-28,-0.00016,-0.001939,0.005,0,-0.006939,-0.199088104411404,-0.00516,-0.0210011551407162
2004-07-29,0.006617,0.010064,0.005,0,0.005064,0.996369643219858,0.001617,0.65452050031358
2004-07-30,0.001476,0.006059,0.005,0,0.001059,0.599071931910456,-0.003524,0.142491303263258
2004-08-02,0.003532,-0.001305,0.005,0,-0.006305,-0.135585100408337,-0.001468,0.347577838642298
2004-08-03,-0.006665,-0.006849,0.005,0,-0.011849,-0.692256079647471,-0.011665,-0.673730904989687
2004-08-04,-0.002274,-0.003546,0.005,0,-0.008546,-0.360230071028634,-0.007274,-0.232658821441446
2004-08-05,-0.015923,-0.012299,0.005,0,-0.017299,-1.24252573654356,-0.020923,-1.61011317089356
2004-08-06,-0.014952,-0.015348,0.005,0,-0.020348,-1.55169984774449,-0.019952,-1.51149067829377
2004-08-09,0.000136,-0.004103,0.005,0,-0.009103,-0.416143914975961,-0.004864,0.00859920027967347
2004-08-10,0.013192,0.01124,0.005,1,0.00624,1.11273018400836,0.008192,1.30557445884097
2004-08-11,-0.003387,-0.006461,0.005,0,-0.011461,-0.65319613522403,-0.008387,-0.344274761915864
2004-08-12,-0.011633,-0.011899,0.005,0,-0.016899,-1.20203584884583,-0.016633,-1.17511914676859
2004-08-13,0.001956,0.00077,0.005,0,-0.00423,0.0719704952048173,-0.003044,0.190409077281488
2004-08-16,0.013976,0.010962,0.005,0,0.005962,1.08523540339284,0.008976,1.38292374997898
2004-08-17,0.002929,0.004403,0.005,0,-0.000597,0.434333640461615,-0.002071,0.287472008710506
2004-08-18,0.012863,0.013785,0.005,0,0.008785,1.36408523788956,0.007863,1.27309755146266
2004-08-19,-0.003139,-0.001599,0.005,0,-0.006599,-0.1650278514953,-0.008139,-0.319393574473297
2004-08-20,0.008171,0.011319,0.005,0,0.006319,1.12054206984607,0.003171,0.808779936855574
2004-08-23,-0.003444,-0.002831,0.005,0,-0.007831,-0.288501360971048,-0.008444,-0.349994296989461
2004-08-24,0.00058,0.000577,0.005,0,-0.004423,0.0526834849463982,-0.00442,0.052983311496739
2004-08-25,0.008004,0.007774,0.005,0,0.002774,0.769393941192788,0.003004,0.792213914522996
2004-08-26,-0.00035,-0.001207,0.005,0,-0.006207,-0.125772776121169,-0.00535,-0.0400060014337084
2004-08-27,0.002978,0.00545,0.005,0,0.00045,0.538520373989767,-0.002022,0.292357579179101
2004-08-30,-0.00813,-0.00577,0.005,0,-0.01077,-0.583670951177559,-0.01313,-0.821322742199285
2004-08-31,0.00509,0.005752,0.005,0,0.000752,0.568552166148864,8.99999999999998e-05,0.502709099024102
2004-09-01,0.003415,0.004554,0.005,0,-0.000446,0.449366316649742,-0.001585,0.335918337904855
2004-09-02,0.010564,0.008556,0.005,0,0.003556,0.846960613236362,0.005564,1.04585920886035
2004-09-03,-0.004227,-0.003308,0.005,0,-0.008308,-0.336348227838905,-0.009227,-0.428595776997302
2004-09-07,0.007449,0.006984,0.005,0,0.001984,0.690972608160545,0.002449,0.737139446001177
2004-09-08,-0.004534,-0.003547,0.005,0,-0.008547,-0.360330426940877,-0.009534,-0.45943085027906
2004-09-09,0.003149,0.007359,0.005,0,0.002359,0.728205592248376,-0.001851,0.309405353364299
2004-09-10,0.004984,0.006192,0.005,0,0.001192,0.61229095878073,-1.60000000000004e-05,0.492162223625658
2004-09-13,0.003109,0.005147,0.005,0,0.000147,0.508380072149686,-0.001891,0.305417830323364
2004-09-14,0.001931,0.000419,0.005,0,-0.004581,0.0368913493970652,-0.003069,0.187913926606694
2004-09-15,-0.006368,-0.003611,0.005,0,-0.008611,-0.366753414816684,-0.011368,-0.643836095240768
2004-09-16,0.004133,0.006377,0.005,0,0.001377,0.630675421675773,-0.000867,0.407448386562622
2004-09-17,0.003348,0.001165,0.005,0,-0.003835,0.111432316405396,-0.001652,0.329240917599129
2004-09-20,-0.004637,-0.001893,0.005,0,-0.006893,-0.194479273891313,-0.009637,-0.469778298512122
2004-09-21,0.007498,0.007471,0.005,1,0.002471,0.739323155528192,0.002498,0.742003097502646
2004-09-22,-0.012931,-0.009903,0.005,0,-0.014903,-1.00023596052702,-0.017931,-1.30653319276148
2004-09-23,-0.003453,-0.000186,0.005,0,-0.005186,-0.0236016050186916,-0.008453,-0.350897411379441
2004-09-24,0.001526,0.000875,0.005,0,-0.004125,0.0824618660619184,-0.003474,0.147483809512416
2004-09-27,-0.006775,-0.008093,0.005,0,-0.013093,-0.817592484211185,-0.011775,-0.684805325104098
2004-09-28,0.00659,0.006535,0.005,0,0.001535,0.646374071226721,0.00159,0.651838212799021
2004-09-29,0.004718,0.005864,0.005,0,0.000864,0.579687492186809,-0.000282,0.465690637136385
2004-09-30,0.001209,0.005099,0.005,0,9.90000000000001e-05,0.503604537214248,-0.003791,0.115827099798217
2004-10-01,0.014771,0.013046,0.005,0,0.008046,1.29116351597516,0.009771,1.4612972525097
2004-10-04,0.00367,0.005085,0.005,0,8.5e-05,0.502211629898278,-0.00133,0.36132832316926
2004-10-05,-0.000539,-8e-05,0.005,0,-0.00508,-0.0130001950212342,-0.005539,-0.0589144062759714
2004-10-06,0.006917,0.005977,0.005,0,0.000977,0.590920984308585,0.001917,0.684318855068936
2004-10-07,-0.010217,-0.007996,0.005,0,-0.012996,-0.807813819737094,-0.015217,-1.03195505487947
2004-10-08,-0.006684,-0.005678,0.005,0,-0.010678,-0.574417987205217,-0.011684,-0.675643671751497
2004-10-11,0.001698,0.002379,0.005,0,-0.002621,0.232617590956097,-0.003302,0.16465612777764
2004-10-12,-0.002378,-0.002547,0.005,0,-0.007547,-0.260024787272456,-0.007378,-0.243083068248938
2004-10-13,-0.007334,-0.006431,0.005,0,-0.011431,-0.650176671762328,-0.012334,-0.74110247482319
2004-10-14,-0.008117,-0.006096,0.005,0,-0.011096,-0.616465521656383,-0.013117,-0.820012095158026
2004-10-15,0.004768,0.004154,0.005,0,-0.000846,0.409539721117968,-0.000232,0.470667034086682
2004-10-18,0.004412,0.001701,0.005,0,-0.003299,0.16495561879266,-0.000588,0.435229691118351
2004-10-19,-0.008645,-0.004585,0.005,0,-0.009585,-0.464554210239917,-0.013645,-0.873258353294944
2004-10-20,0.001836,0.002842,0.005,0,-0.002158,0.278797040326322,-0.003164,0.178431786211012
2004-10-21,0.004427,0.007061,0.005,0,0.002061,0.698618911995615,-0.000573,0.436723091037437
2004-10-22,-0.009257,-0.006434,0.005,0,-0.011434,-0.65047861400581,-0.014257,-0.935011104112346
2004-10-25,-0.000108,0.002031,0.005,0,-0.002969,0.197894155781001,-0.005108,-0.0158004582461603
2004-10-26,0.013014,0.006837,0.005,0,0.001837,0.676373495303832,0.008014,1.28800467566414
2004-10-27,0.012508,0.009868,0.005,0,0.004868,0.976963049273612,0.007508,1.23804224518688
2004-10-28,0.001125,7.1e-05,0.005,0,-0.004929,0.00209987295776322,-0.003875,0.107436891166762
2004-10-29,0.002335,0.001993,0.005,0,-0.003007,0.194101786028487,-0.002665,0.228227937368896
2004-11-01,0.000818,0.001722,0.007,0,-0.005278,0.165052150776349,-0.006182,0.0747668070221625
2004-11-02,1.4e-05,0.000245,0.007,0,-0.006755,0.0174972442286814,-0.006986,-0.00559976481134127
2004-11-03,0.011655,0.01025,0.007,0,0.00325,1.01278274263317,0.004655,1.15176061015362
2004-11-04,0.014329,0.007671,0.007,0,0.000671,0.757172993372739,0.007329,1.41573125875831
2004-11-05,0.003812,0.004761,0.007,0,-0.002239,0.467970473414441,-0.003188,0.37347551897506
2004-11-08,-0.001256,-0.001109,0.007,0,-0.008109,-0.117961294563882,-0.008256,-0.132678697919885
2004-11-09,0.000582,0.004682,0.007,0,-0.002318,0.46010759797675,-0.006418,0.0511833153569459
2004-11-10,0.000533,0.005021,0.007,1,-0.001979,0.493843926500442,-0.006467,0.046286045583865
2004-11-11,0.008916,0.008568,0.007,0,0.001568,0.846150546051723,0.001916,0.88064896125119
2004-11-12,0.00884,0.007782,0.007,0,0.000782,0.76818788680982,0.00184,0.873115840295441
2004-11-15,0.000475,0.003901,0.007,0,-0.003099,0.38234132798843,-0.006525,0.0404889673096909
2004-11-16,-0.005987,-0.003363,0.007,0,-0.010363,-0.343866514492937,-0.012987,-0.607499149037485
2004-11-17,0.006101,0.007896,0.007,0,0.000896,0.779499217302245,-0.000899,0.601246670224407
2004-11-18,0.00017,0.000565,0.007,0,-0.006435,0.0494842897480916,-0.00683,0.00999880015231306
2004-11-19,-0.00989,-0.005731,0.007,0,-0.012731,-0.581748274522237,-0.01689,-1.0009228464887
2004-11-22,0.006188,0.006321,0.007,0,-0.000679,0.623110871756334,-0.000812,0.60989353954131
2004-11-23,0.000873,0.003949,0.007,0,-0.003051,0.387122561647234,-0.006127,0.0802621607020103
2004-11-24,0.005134,0.007947,0.007,0,0.000946999999999999,0.784559135163991,-0.001866,0.505086840615924
2004-11-26,0.001805,0.004959,0.007,0,-0.002041,0.4876747108844,-0.005195,0.173337539498086
2004-11-29,-0.002265,0.003075,0.007,0,-0.003925,0.300028430710393,-0.009265,-0.233756654252595
2004-11-30,-0.003304,-0.000669,0.007,0,-0.007669,-0.0739221430470535,-0.010304,-0.337946781059815
2004-12-01,0.014061,0.009709,0.007,0,0.002709,0.959217297697348,0.007061,1.38930636003968
2004-12-02,-0.00162,-0.000687,0.007,0,-0.007687,-0.0757233642750948,-0.00862,-0.169131116901443
2004-12-03,0.001251,0.003183,0.007,0,-0.003817,0.310794742929891,-0.005749,0.118022060137939
2004-12-06,-0.001273,-4.9e-05,0.007,0,-0.007049,-0.0118998750653545,-0.008273,-0.1343808502916
2004-12-07,-0.011598,-0.011669,0.007,0,-0.018669,-1.18076146482193,-0.018598,-1.17357789475652
2004-12-08,0.004093,0.002901,0.007,0,-0.004099,0.282680266979981,-0.002907,0.401464891164927
2004-12-09,0.004163,7.7e-05,0.007,0,-0.006923,0.000699948553784153,-0.002837,0.408436113960064
2004-12-10,-0.000318,0.002806,0.007,0,-0.004194,0.273207298089605,-0.007318,-0.0388048122836028
2004-12-13,0.008516,0.007077,0.007,0,7.69999999999998e-05,0.698207800980377,0.001516,0.84099458824218
2004-12-14,0.004305,0.005254,0.007,1,-0.001746,0.51702483468896,-0.002695,0.422576244670297
2004-12-15,0.003763,0.0064,0.007,0,-6e-04,0.63096094139247,-0.003237,0.368594007698049
2004-12-16,-0.003268,-0.003333,0.007,0,-0.010333,-0.340856436752435,-0.010268,-0.334334912459202
2004-12-17,-0.004307,0.001684,0.007,0,-0.005316,0.161258611173836,-0.011307,-0.43862993929139
2004-12-20,-0.000797,-0.003273,0.007,0,-0.010273,-0.334836553074836,-0.007797,-0.0867315323469122
2004-12-21,0.009004,0.007313,0.007,0,0.000313,0.721639212085453,0.002004,0.889370813460969
2004-12-22,0.003479,0.003717,0.007,0,-0.003283,0.364011147594033,-0.003521,0.340296472882107
2004-12-23,0.0011,0.003446,0.007,0,-0.003554,0.337007859704935,-0.0059,0.102939789318664
2004-12-27,-0.003973,-0.000818,0.007,0,-0.007818,-0.0888332294674143,-0.010973,-0.405091088134516
2004-12-28,0.008061,0.01004,0.007,0,0.00304,0.991993647923366,0.001061,0.795868614106685
2004-12-29,0.000635,0.002215,0.007,0,-0.004785,0.214255295380801,-0.006365,0.0564800922694337
2004-12-30,0.000697,0.004193,0.007,0,-0.002807,0.411423632109459,-0.006303,0.0626759658196327
2004-12-31,-0.001006,0.003435,0.007,0,-0.003565,0.335911631278824,-0.008006,-0.107650390773999
2005-01-03,-0.010034,-0.009869,0.008,0,-0.017869,-0.999801817529554,-0.018034,-1.01646766777648
2005-01-04,-0.012805,-0.014262,0.008,0,-0.022262,-1.44446765706441,-0.020805,-1.29676874738324
2005-01-05,-0.006124,-0.010687,0.008,0,-0.018687,-1.0824512935,-0.014124,-0.622282539841952
2005-01-06,0.003483,0.002287,0.008,0,-0.005713,0.220439199578728,-0.004517,0.339695160306605
2005-01-07,-0.002217,-0.003704,0.008,0,-0.011704,-0.379087359452005,-0.010217,-0.229945798297168
2005-01-10,0.004212,0.003755,0.008,0,-0.004245,0.36679707863068,-0.003788,0.412315755769366
2005-01-11,-0.006282,-0.008537,0.008,0,-0.016537,-0.865364571492835,-0.014282,-0.638181159009932
2005-01-12,0.004215,0.002705,0.008,0,-0.005295,0.262135127149107,-0.003785,0.412614497023093
2005-01-13,-0.006858,-0.002709,0.008,0,-0.010709,-0.27926727809929,-0.014858,-0.696162095375513
2005-01-14,0.00624,0.007311,0.008,0,-0.000689,0.720440738864371,-0.00176,0.614061501288552
2005-01-18,0.009229,0.007684,0.008,0,-0.000316,0.757463163660509,0.001229,0.910667620391851
2005-01-19,-0.008926,-0.006363,0.008,0,-0.014363,-0.646332697114081,-0.016926,-0.904607219170242
2005-01-20,-0.007464,-0.007668,0.008,0,-0.015668,-0.77775470700751,-0.015464,-0.757199183847451
2005-01-21,-0.004617,-0.001068,0.008,0,-0.009068,-0.114856751855833,-0.012617,-0.470768806507655
2005-01-24,-0.004884,-0.008397,0.008,0,-0.016397,-0.851245021237565,-0.012884,-0.497596250440192
2005-01-25,0.002687,0.001183,0.008,0,-0.006817,0.110230400670533,-0.005313,0.260339966901087
2005-01-26,0.006401,0.008623,0.008,0,0.000623,0.8506037486888,-0.001599,0.630060380407423
2005-01-27,0.000685,0.001403,0.008,0,-0.006597,0.132201991492105,-0.007315,0.0604768694414039
2005-01-28,-0.002823,-0.001581,0.008,0,-0.009581,-0.166224789950323,-0.010823,-0.290698897972274
2005-01-31,0.009458,0.011297,0.008,0,0.003297,1.11536686426273,0.001458,0.933355635025354
2005-02-01,0.006835,0.005319,0.009,0,-0.003681,0.521490813129107,-0.002165,0.672175133200978
2005-02-02,0.003886,0.005535,0.009,1,-0.003465,0.542974222748181,-0.005114,0.378847305574714
2005-02-03,-0.002612,-0.001503,0.009,0,-0.010503,-0.159412658778381,-0.011612,-0.270541317406577
2005-02-04,0.010821,0.009515,0.009,0,0.000515,0.938002155113107,0.001821,1.06728759891175
2005-02-07,-0.00133,9.2e-05,0.009,0,-0.008908,0.000199981801656116,-0.01033,-0.14208811852384
2005-02-08,0.001189,0.001395,0.009,0,-0.007605,0.130403194121294,-0.007811,0.10982977490626
2005-02-09,-0.008991,-0.01022,0.009,0,-0.01922,-1.03625787209833,-0.017991,-0.912165890801017
2005-02-10,0.004488,0.000507,0.009,0,-0.008493,0.0416875568681786,-0.004512,0.438796300934075
2005-02-11,0.00783,0.007131,0.009,0,-0.001869,0.701569869967271,-0.00117,0.770950868213881
2005-02-14,0.001126,0.002061,0.009,0,-0.006939,0.196888310293798,-0.007874,0.103537058723163
2005-02-15,0.002769,0.000199,0.009,0,-0.008801,0.0108984251883491,-0.006231,0.26751774315666
2005-02-16,0.001005,0.002078,0.009,0,-0.006922,0.198584799409614,-0.007995,0.0914499375360559
2005-02-17,-0.007124,-0.005372,0.009,0,-0.014372,-0.547647702708964,-0.016124,-0.723949280346118
2005-02-18,0.000171,-0.001214,0.009,0,-0.010214,-0.130473344518264,-0.008829,0.00809894309235397
2005-02-22,-0.013717,-0.01155,0.009,0,-0.02055,-1.17072152904337,-0.022717,-1.39019432560263
2005-02-23,0.004849,0.002061,0.009,0,-0.006939,0.196888310293798,-0.004151,0.474728551610208
2005-02-24,0.007576,0.004865,0.009,0,-0.004135,0.47632081797252,-0.001424,0.745745028661474
2005-02-25,0.009857,0.008821,0.009,0,-0.000178999999999999,0.869232631371687,0.000857,0.971874072052613
2005-02-28,-0.005807,-0.002731,0.009,0,-0.011731,-0.282473193427485,-0.014807,-0.591392213344837
2005-03-01,0.00539,0.004735,0.01,0,-0.005265,0.462383014856268,-0.00461,0.527553093650602
2005-03-02,0.000326,-0.001383,0.01,0,-0.011383,-0.148395222749855,-0.009674,0.0225951873212527
2005-03-03,0.000449,0.000914,0.01,0,-0.009086,0.0813587556009662,-0.009551,0.0348904229329484
2005-03-04,0.009633,0.006282,0.01,0,-0.003718,0.616235548689001,-0.000367000000000001,0.948690348265708
2005-03-07,0.002398,0.000829,0.01,0,-0.009171,0.0728661568956291,-0.007602,0.229513438590533
2005-03-08,-0.004366,-0.004019,0.01,0,-0.014019,-0.412709288504803,-0.014366,-0.447555381099126
2005-03-09,-0.009488,-0.007195,0.01,0,-0.017195,-0.732100384367505,-0.019488,-0.963329282386471
2005-03-10,-0.000288,-0.004526,0.01,0,-0.014526,-0.463626834816793,-0.010288,-0.0388036480297653
2005-03-11,-0.005027,-0.001217,0.01,0,-0.011217,-0.131773614621069,-0.015027,-0.513967287044873
2005-03-14,0.005694,0.001333,0.01,0,-0.008667,0.123211734390921,-0.004306,0.557785545633261
2005-03-15,-0.00629,-0.004356,0.01,0,-0.014356,-0.446551000997494,-0.01629,-0.640986039637202
2005-03-16,-0.007743,-0.006631,0.01,0,-0.016631,-0.67530777554679,-0.017743,-0.787312767045836
2005-03-17,0.002437,0.001191,0.01,0,-0.008809,0.109029632180111,-0.007563,0.233404033078849
2005-03-18,-0.00155,-0.003286,0.01,0,-0.013286,-0.339140575474413,-0.01155,-0.165119749306977
2005-03-21,-0.004379,-0.00271,0.01,0,-0.01271,-0.281367369801689,-0.014379,-0.448861090312681
2005-03-22,-0.008714,-0.004405,0.01,1,-0.014405,-0.4514725598872,-0.018714,-0.885218391230717
2005-03-23,-0.002604,-0.008747,0.01,0,-0.018747,-0.88854745562774,-0.012604,-0.270739130560046
2005-03-24,0.000349,0.002661,0.01,0,-0.007339,0.255747080743538,-0.009651,0.02489441133325
2005-03-28,0.000872,-0.001939,0.01,0,-0.011939,-0.204087729440568,-0.009128,0.0771625028540529
2005-03-29,-0.008085,-0.011556,0.01,0,-0.021556,-1.1723284468715,-0.018085,-0.821785585267932
2005-03-30,0.013133,0.009659,0.01,0,-0.000341000000000001,0.951265508272427,0.003133,1.29475148365655
2005-03-31,0.001237,0.003774,0.01,0,-0.006226,0.366690132889264,-0.008763,0.11362405455216
2005-04-01,-0.005488,-0.003858,0.01,0,-0.013858,-0.396545627892429,-0.015488,-0.560310939623393
2005-04-04,0.002121,-0.001183,0.01,0,-0.011183,-0.128369529718858,-0.007879,0.201875885465501
2005-04-05,0.003686,0.001685,0.01,0,-0.008315,0.158358697985215,-0.006314,0.357922834905108
2005-04-06,0.002551,0.001945,0.01,0,-0.008055,0.184311593625564,-0.007449,0.244775672223108
2005-04-07,0.005288,0.005046,0.01,0,-0.004954,0.493331660751751,-0.004712,0.517407262235776
2005-04-08,-0.008448,-0.006389,0.01,0,-0.016389,-0.650949201107533,-0.018448,-0.858388160864374
2005-04-11,-0.000777,-0.004473,0.01,0,-0.014473,-0.458302879679401,-0.010777,-0.0877297021290298
2005-04-12,0.005017,0.00278,0.01,0,-0.00722,0.267614794641845,-0.004983,0.490446179052719
2005-04-13,-0.011829,-0.009663,0.01,0,-0.019663,-0.980998473774133,-0.021829,-1.19995142876083
2005-04-14,-0.011059,-0.012299,0.01,0,-0.022299,-1.24752536157272,-0.021059,-1.12206003576636
2005-04-15,-0.015775,-0.014739,0.01,0,-0.024739,-1.49486932906664,-0.025775,-1.60007445320103
2005-04-18,0.003002,-5.1e-05,0.01,0,-0.010051,-0.0150996300877527,-0.006998,0.289750799542328
2005-04-19,0.008087,0.012076,0.01,0,0.002076,1.1903671859395,-0.001913,0.795448044820044
2005-04-20,-0.012648,-0.009398,0.01,0,-0.019398,-0.954243485197424,-0.022648,-1.28286618570579
2005-04-21,0.017855,0.012982,0.01,0,0.002982,1.27984611053809,0.007855,1.75974768336936
2005-04-22,-0.00711,-0.008138,0.01,0,-0.018138,-0.827128927792078,-0.01711,-0.723539150134462
2005-04-25,0.008939,0.006645,0.01,0,-0.003355,0.652302430790039,-0.001061,0.879928864667955
2005-04-26,-0.008553,-0.007975,0.01,0,-0.017975,-0.810696540224965,-0.018553,-0.868978181343268
2005-04-27,0.001882,-0.002878,0.01,0,-0.012878,-0.298214440557115,-0.008118,0.178023625650209
2005-04-28,-0.011559,-0.01281,0.01,0,-0.02281,-1.29927505422958,-0.021559,-1.1726319546628
2005-04-29,0.010097,0.005917,0.01,0,-0.004083,0.579956830331296,9.69999999999999e-05,0.994637084528766
2005-05-02,0.005299,0.003072,0.011,0,-0.007928,0.295729709902225,-0.005701,0.517501575035707
2005-05-03,-0.000979,-0.00022,0.011,1,-0.01122,-0.0330018153993549,-0.011979,-0.108947348394471
2005-05-04,0.013061,0.012051,0.011,0,0.001051,1.18689709019489,0.002061,1.28664466798242
2005-05-05,-0.001302,0.001332,0.011,0,-0.009668,0.12211197245257,-0.012302,-0.141284228888134
2005-05-06,-7.8e-05,0.001893,0.011,0,-0.009107,0.178121658300727,-0.011078,-0.0187996992601823
2005-05-09,0.006436,0.006494,0.011,0,-0.004506,0.636301087763427,-0.004564,0.630538343900893
2005-05-10,-0.009783,-0.006554,0.011,0,-0.017554,-0.668556571432986,-0.020783,-0.994116190379208
2005-05-11,0.003261,-0.000229,0.011,0,-0.011229,-0.0339020174947314,-0.007739,0.314570052014832
2005-05-12,-0.010554,-0.008441,0.011,0,-0.019441,-0.858682094383586,-0.021554,-1.07200823957966
2005-05-13,-0.005123,-0.003414,0.011,0,-0.014414,-0.352983494633936,-0.016123,-0.524616150578606
2005-05-16,0.009719,0.004931,0.011,0,-0.006069,0.48088884871973,-0.001281,0.95620803711841
2005-05-17,0.006678,0.003165,0.011,0,-0.007835,0.30500079802059,-0.004322,0.654580698299671
2005-05-18,0.011394,0.012251,0.011,0,0.001251,1.20665698774483,0.000394,1.12195833247345
2005-05-19,0.004915,0.003922,0.011,0,-0.007078,0.380433505810038,-0.006085,0.479296686932176
2005-05-20,-0.001387,0.000746,0.011,0,-0.010254,0.0635727929865967,-0.012387,-0.149795672529241
2005-05-23,0.004614,0.003867,0.011,0,-0.007133,0.374954842463067,-0.006386,0.449339418114351
2005-05-24,0.000438,0.00029,0.011,0,-0.01071,0.0179964007684269,-0.010562,0.0327910155556396
2005-05-25,-0.004287,-0.00465,0.011,0,-0.01565,-0.477083883263825,-0.015287,-0.440620948236468
2005-05-26,0.006905,0.008589,0.011,0,-0.002411,0.84423304439481,-0.004095,0.677127571307801
2005-05-27,0.002757,0.004985,0.011,0,-0.006015,0.486262207607663,-0.008243,0.26432124960082
2005-05-31,-0.004247,0.00077,0.011,0,-0.01023,0.0659709751646208,-0.015247,-0.436603807094678
2005-06-01,0.008958,0.007541,0.01,0,-0.002459,0.741271379943911,-0.001042,0.881812013312367
2005-06-02,0.002239,0.003684,0.01,0,-0.006316,0.357723569199234,-0.007761,0.213650217435439
2005-06-03,-0.00583,-0.002503,0.01,0,-0.012503,-0.260613274177142,-0.01583,-0.594705579226057
2005-06-06,0.00171,0.003161,0.01,0,-0.006839,0.305601954242412,-0.00829,0.160854461426902
2005-06-07,3.6e-05,7.6e-05,0.01,0,-0.009924,-0.00239978881869913,-0.009964,-0.00639956483177568
2005-06-08,-0.002303,-0.00254,0.01,0,-0.01254,-0.264322627311495,-0.012303,-0.240565098343626
2005-06-09,0.005718,0.0047,0.01,0,-0.0053,0.458899448579823,-0.004282,0.560171928930282
2005-06-10,-0.001464,0.000865,0.01,0,-0.009135,0.0764631102765037,-0.011464,-0.156506769541153
2005-06-13,0.002673,0.002505,0.01,0,-0.007495,0.240187271698827,-0.007327,0.256943888856316
2005-06-14,0.003109,0.00447,0.01,0,-0.00553,0.436004422175419,-0.006891,0.3004182052942
2005-06-15,0.002891,0.003823,0.01,0,-0.006177,0.371571590672846,-0.007109,0.278683409595476
2005-06-16,0.00513,0.00787,0.01,0,-0.00213,0.773919807775494,-0.00487,0.501689137912845
2005-06-17,0.003989,0.002749,0.01,0,-0.007251,0.264523340965287,-0.006011,0.388107003388601
2005-06-20,-0.000817,-0.001905,0.01,0,-0.011905,-0.200681182056167,-0.010817,-0.0917328926724271
2005-06-21,-0.001898,0.001287,0.01,0,-0.008713,0.118617752506381,-0.011898,-0.19997984847035
2005-06-22,0.001043,0.001429,0.01,0,-0.008571,0.13279849508176,-0.008957,0.094246145307992
2005-06-23,-0.009884,-0.008207,0.01,0,-0.018207,-0.834085782691527,-0.019884,-1.00331660007325
2005-06-24,-0.006615,-0.004097,0.01,0,-0.014097,-0.420541069877601,-0.016615,-0.67369710809623
2005-06-27,-0.000434,-0.001855,0.01,0,-0.011855,-0.195671764349833,-0.010434,-0.0534089205591016
2005-06-28,0.009693,0.010304,0.01,0,0.000304,1.01512806634122,-0.000307,0.954632925147069
2005-06-29,-0.000377,0.001425,0.01,0,-0.008575,0.132399065068388,-0.010377,-0.0477066082699238
2005-06-30,-0.005901,-0.000909,0.01,1,-0.010909,-0.100940839136726,-0.015901,-0.601847469989347
2005-07-01,0.00372,0.003112,0.012,0,-0.008888,0.298717495013499,-0.00828,0.359310511130676
2005-07-05,0.008493,0.007533,0.012,0,-0.004467,0.738477584414505,-0.003507,0.833714458597724
2005-07-06,-0.006066,-0.001712,0.012,0,-0.013712,-0.183345994731854,-0.018066,-0.620446572095172
2005-07-07,0.002715,0.001399,0.012,0,-0.010601,0.127802951067553,-0.009285,0.259132824432837
2005-07-08,0.011958,0.011395,0.012,0,-0.000605,1.1210573208474,-4.20000000000004e-05,1.17670752271824
2005-07-11,0.007191,0.008991,0.012,0,-0.003009,0.883082880861747,-0.004809,0.704527524427635
2005-07-12,0.002649,0.002586,0.012,0,-0.009414,0.246266925480217,-0.009351,0.252550478282829
2005-07-13,-0.000214,-0.00084,0.012,0,-0.01284,-0.09603457982685,-0.012214,-0.0334015701843254
2005-07-14,0.000447,-0.001923,0.012,0,-0.013923,-0.204484413887237,-0.011553,0.0326907324685616
2005-07-15,0.001,0.00154,0.012,0,-0.01046,0.141882261544099,-0.011,0.0879507532507585
2005-07-18,-0.00475,-0.002327,0.012,0,-0.014327,-0.244970447259991,-0.01675,-0.488130990228642
2005-07-19,0.008029,0.008707,0.012,0,-0.003293,0.854931987925786,-0.003971,0.787694627602682
2005-07-20,0.005585,0.00758,0.012,0,-0.00442,0.743142335225851,-0.006415,0.544946891429262
2005-07-21,-0.006793,-0.004299,0.012,0,-0.016299,-0.442826007060886,-0.018793,-0.693617024764188
2005-07-22,0.005734,0.007564,0.012,0,-0.004436,0.74155435937893,-0.006266,0.559763039466702
2005-07-25,-0.004223,-0.003476,0.012,0,-0.015476,-0.360204812485295,-0.016223,-0.435193484880184
2005-07-26,0.001937,0.003417,0.012,0,-0.008583,0.329118251977293,-0.010063,0.18151336339315
2005-07-27,0.004465,0.002456,0.012,0,-0.009544,0.233299616049076,-0.007535,0.43350686596626
2005-07-28,0.007127,0.007084,0.012,0,-0.004916,0.693903354430922,-0.004873,0.698173016348818
2005-07-29,-0.006238,-7.9e-05,0.012,0,-0.012079,-0.0198995921240304,-0.018238,-0.637753041538115
2005-08-01,0.002078,0.002925,0.013,0,-0.010075,0.279073896024515,-0.010922,0.194585239360686
2005-08-02,0.007238,0.0054,0.013,0,-0.0076,0.525548072560555,-0.005762,0.708193984140955
2005-08-03,-0.00018,-0.000573,0.013,0,-0.013573,-0.0703155777970063,-0.01318,-0.0310007752676524
2005-08-04,-0.007447,-0.006831,0.013,0,-0.019831,-0.69844296292241,-0.020447,-0.760485889350164
2005-08-05,-0.008487,-0.00794,0.013,0,-0.02094,-0.810168120610435,-0.021487,-0.865321121167085
2005-08-08,-0.003114,-0.004064,0.013,0,-0.017064,-0.42022720409548,-0.016114,-0.324885013778076
2005-08-09,0.005458,0.000752,0.013,1,-0.012248,0.062172583894084,-0.007542,0.53131675438852
2005-08-10,-0.000374,-0.00099,0.013,0,-0.01399,-0.11204819244056,-0.013374,-0.0504061506175029
2005-08-11,0.007422,0.006125,0.013,0,-0.006875,0.597632688102859,-0.005578,0.726460093609709
2005-08-12,-0.005027,-0.004234,0.013,0,-0.017234,-0.437298030997581,-0.018027,-0.516966942084769
2005-08-15,0.002584,0.00242,0.013,0,-0.01058,0.228708496487262,-0.010416,0.245067566131586
2005-08-16,-0.011451,-0.009431,0.013,0,-0.022431,-0.960574503355702,-0.024451,-1.16470590951125
2005-08-17,-0.000621,-0.000445,0.013,0,-0.013445,-0.0575090592615777,-0.013621,-0.0751184451097147
2005-08-18,-0.002088,-0.003425,0.013,0,-0.016425,-0.356087029019223,-0.015088,-0.222017446187388
2005-08-19,0.001963,0.002111,0.013,0,-0.010889,0.197878341957595,-0.011037,0.183108428244923
2005-08-22,0.002572,0.003189,0.013,0,-0.009811,0.305393437339114,-0.010428,0.243870651776779
2005-08-23,-0.002846,-0.000551,0.013,0,-0.013551,-0.0681143407016699,-0.015846,-0.298004910910162
2005-08-24,-0.004397,-0.001047,0.013,0,-0.014047,-0.117754003810987,-0.017397,-0.453668678563555
2005-08-25,0.002226,0.002507,0.013,0,-0.010493,0.237387116711799,-0.010774,0.209353458180685
2005-08-26,-0.006717,-0.005619,0.013,0,-0.018619,-0.576483751810449,-0.019717,-0.68696521262941
2005-08-29,0.006143,0.003949,0.013,0,-0.009051,0.38112316158544,-0.006857,0.599421714216724
2005-08-30,-0.002326,-0.001661,0.013,0,-0.014661,-0.17923725406603,-0.015326,-0.2458700890831
2005-08-31,0.011704,0.011576,0.013,0,-0.001424,1.13795191890954,-0.001296,1.1506046412387
2005-09-01,0.002395,0.002765,0.014,0,-0.011235,0.262119421835435,-0.011605,0.225214635763562
2005-09-02,-0.003601,-0.00186,0.014,0,-0.01586,-0.200172214886324,-0.017601,-0.374748940853671
2005-09-06,0.011804,0.008457,0.014,0,-0.005543,0.828144972164217,-0.002196,1.15948860174341
2005-09-07,0.00285,0.003407,0.014,0,-0.010593,0.326121912341265,-0.01115,0.270595624900419
2005-09-08,-0.003348,-0.001986,0.014,0,-0.015986,-0.212796491386768,-0.017348,-0.349360729377
2005-09-09,0.007809,0.005853,0.014,0,-0.008147,0.569594753915177,-0.006191,0.76386773668929
2005-09-12,-0.000641,0.002142,0.014,0,-0.011858,0.199971898778072,-0.014641,-0.0781195729248372
2005-09-13,-0.007076,-0.004601,0.014,0,-0.018601,-0.475160738036023,-0.021076,-0.724114381714078
2005-09-14,-0.003386,-0.004216,0.014,0,-0.018216,-0.436490258748307,-0.017386,-0.353173567202419
2005-09-15,-4.4e-05,-0.001384,0.014,0,-0.015384,-0.152494881349653,-0.014044,-0.0183991168942966
2005-09-16,0.007278,0.005568,0.014,0,-0.008432,0.541256578873031,-0.006722,0.711165296319158
2005-09-19,-0.004308,-0.004028,0.014,0,-0.018028,-0.417612444341491,-0.018308,-0.445729636984897
2005-09-20,-0.007402,-0.004835,0.014,1,-0.018835,-0.498671662686312,-0.021402,-0.756952094207762
2005-09-21,-0.009359,-0.009264,0.014,0,-0.023264,-0.944716792140544,-0.023359,-0.95430608282806
2005-09-22,0.002136,-0.001606,0.014,0,-0.015606,-0.174728120133083,-0.011864,0.199373179438737
2005-09-23,0.001564,0.003739,0.014,0,-0.010261,0.359203711376099,-0.012436,0.142278802482283
2005-09-26,0.002419,0.00358,0.014,0,-0.01042,0.3433616852375,-0.011581,0.227608872835046
2005-09-27,-0.000294,-0.000819,0.014,0,-0.014819,-0.0959325764644877,-0.014294,-0.0434033427387167
2005-09-28,0.00101,-0.000577,0.014,0,-0.014577,-0.0717156729475638,-0.01299,0.0869500092259155
2005-09-29,0.008593,0.006485,0.014,0,-0.007515,0.632407265608458,-0.005407,0.841630012218364
2005-09-30,0.002438,0.004955,0.014,0,-0.009045,0.480277418824116,-0.011562,0.229504269863419
2005-10-03,0.000359,0.002597,0.013,0,-0.010403,0.246364207182961,-0.012641,0.0228944024186346
2005-10-04,-0.009659,-0.005326,0.013,0,-0.018326,-0.547022525034992,-0.022659,-0.983594226715857
2005-10-05,-0.016797,-0.01644,0.013,0,-0.02944,-1.67066279555337,-0.029797,-1.70696610245114
2005-10-06,-0.006278,-0.008808,0.013,0,-0.021808,-0.89770112755277,-0.019278,-0.642778106191037
2005-10-07,0.004763,0.004599,0.013,0,-0.008401,0.445846536151648,-0.008237,0.462170125466482
2005-10-10,-0.007354,-0.006311,0.013,0,-0.019311,-0.646099009617961,-0.020354,-0.751116551559038
2005-10-11,-0.00266,-0.006699,0.013,0,-0.019699,-0.685153056687301,-0.01566,-0.279353563697365
2005-10-12,-0.008149,-0.013183,0.013,0,-0.026183,-1.34006586243552,-0.021149,-0.831237614229168
2005-10-13,-0.002073,-0.00326,0.013,0,-0.01626,-0.339531692770124,-0.015073,-0.220514318931103
2005-10-14,0.009479,0.009457,0.013,0,-0.003543,0.928257096858562,-0.003521,0.930436462623586
2005-10-17,0.003384,0.001986,0.013,0,-0.011014,0.185403895844249,-0.009616,0.324829560581465
2005-10-18,-0.010903,-0.008305,0.013,0,-0.021305,-0.846967020083293,-0.023903,-1.10928648520319
2005-10-19,0.014065,0.007871,0.013,0,-0.005129,0.771019371831703,0.001065,1.38370141278802
2005-10-20,-0.014752,-0.01052,0.013,0,-0.02352,-1.07057179229169,-0.027752,-1.49918844014558
2005-10-21,0.003546,0.004975,0.013,0,-0.008025,0.483267402901285,-0.009454,0.340973621445755
2005-10-24,0.016991,0.012265,0.013,0,-0.000735,1.20604027433059,0.003991,1.67182759190109
2005-10-25,-0.002063,-0.001741,0.013,0,-0.014741,-0.187250885256967,-0.015063,-0.219512246645608
2005-10-26,-0.004559,-0.003427,0.013,0,-0.016427,-0.356287716574788,-0.017559,-0.469941548510928
2005-10-27,-0.012109,-0.013615,0.013,0,-0.026615,-1.38385256110116,-0.025109,-1.23129027577688
2005-10-28,0.015056,0.009761,0.013,0,-0.003239,0.958367763690658,0.002056,1.48137918348699
2005-10-31,0.009498,0.011805,0.013,0,-0.001195,1.1605873000837,-0.003502,0.932318603925895
2005-11-01,-0.002208,-0.001917,0.015,1,-0.016917,-0.206882854726033,-0.017208,-0.236042997727174
2005-11-02,0.01203,0.011853,0.015,0,-0.003147,1.16333146463452,-0.00297,1.1808225943541
2005-11-03,0.004217,0.002822,0.015,0,-0.012178,0.266803688222785,-0.010783,0.405814462267678
2005-11-04,-0.000369,0.000132,0.015,0,-0.014868,-0.00179974623582933,-0.015369,-0.0519056848377313
2005-11-07,0.002347,0.00292,0.015,0,-0.01208,0.276575632977194,-0.012653,0.219426134621567
2005-11-08,-0.003363,-0.003227,0.015,0,-0.018227,-0.338220674429147,-0.018363,-0.351865634593992
2005-11-09,0.001959,0.002089,0.015,0,-0.012911,0.193683232236577,-0.013041,0.180709491070463
2005-11-10,0.006975,0.002293,0.015,0,-0.012707,0.214038633622579,-0.008025,0.680079846064015
2005-11-11,0.003481,0.003131,0.015,0,-0.011869,0.297611987564202,-0.011519,0.332496659194733
2005-11-14,-0.000808,-0.002344,0.015,0,-0.017344,-0.249674021959385,-0.015808,-0.0958315359069538
2005-11-15,-0.004674,-0.007574,0.015,0,-0.022574,-0.775281714554598,-0.019674,-0.483494604538571
2005-11-16,0.001544,-0.001143,0.015,0,-0.016143,-0.129364247380904,-0.013456,0.139282050638849
2005-11-17,0.01069,0.011056,0.015,0,-0.003944,1.08453404554762,-0.00431,1.04832771656284
2005-11-18,0.004056,0.004784,0.015,0,-0.010216,0.462260428701199,-0.010944,0.389780785536983
2005-11-21,0.006446,0.00637,0.015,0,-0.00863,0.61998085476248,-0.008554,0.627532464053754
2005-11-22,0.005483,0.004034,0.015,0,-0.010966,0.38758964868546,-0.009517,0.531803432508259
2005-11-23,0.003323,0.003129,0.015,0,-0.011871,0.297412611610936,-0.011677,0.316750228519244
2005-11-25,0.002472,0.001829,0.015,0,-0.013171,0.167734066506348,-0.012528,0.231896088284415
2005-11-28,-0.009953,-0.008347,0.015,0,-0.023347,-0.853202002921244,-0.024953,-1.01528509840417
2005-11-29,0.000318,0.000601,0.015,0,-0.014399,0.0450830720703126,-0.014682,0.0167960697591715
2005-11-30,-0.004119,0.002684,0.015,0,-0.012316,0.253041575297887,-0.019119,-0.427749519836453
2005-12-01,0.013266,0.011442,0.015,0,-0.003558,1.1227046647212,-0.001734,1.30287884227505
2005-12-02,0.001039,0.001856,0.015,0,-0.013144,0.170429100905631,-0.013961,0.0888471861958133
2005-12-05,-0.002597,-0.00257,0.015,0,-0.01757,-0.272329687025119,-0.017597,-0.275036680543037
2005-12-06,0.001563,0.001998,0.015,0,-0.013002,0.184601790157212,-0.013437,0.141179103567181
2005-12-07,-0.004391,-0.0029,0.015,0,-0.0179,-0.305420189851469,-0.019391,-0.455065750567346
2005-12-08,0.000351,0.002083,0.015,0,-0.012917,0.193084481231173,-0.014649,0.020094966278585
2005-12-09,0.002604,0.004301,0.015,0,-0.010699,0.414178838394651,-0.012396,0.245062671515244
2005-12-12,0.001395,0.001348,0.015,0,-0.013652,0.119710351253595,-0.013605,0.124403914033105
2005-12-13,0.004149,0.000277,0.015,1,-0.014723,0.0126972891458299,-0.010851,0.399042788177798
2005-12-14,0.003031,0.000873,0.015,0,-0.014127,0.0722630406009557,-0.011969,0.287642702921903
2005-12-15,-0.002831,-0.00342,0.015,0,-0.01842,-0.357585031931616,-0.017831,-0.298500361079369
2005-12-16,-0.002413,-0.000976,0.015,0,-0.015976,-0.112646534925663,-0.017413,-0.256590472740318
2005-12-19,-0.007145,-0.007373,0.015,0,-0.022373,-0.755030366032725,-0.022145,-0.732063650544779
2005-12-20,2.3e-05,-0.001446,0.015,0,-0.016446,-0.159703521804063,-0.014977,-0.0126989015620818
2005-12-21,0.003791,0.005357,0.015,0,-0.009643,0.519271356344575,-0.011209,0.363384351790916
2005-12-22,0.004622,0.005428,0.015,0,-0.009572,0.526333274951438,-0.010378,0.446136260628546
2005-12-23,0.000984,0.003363,0.015,0,-0.011637,0.320736901073425,-0.014016,0.0833527438228899
2005-12-27,-0.009809,-0.007568,0.015,0,-0.022568,-0.774677137300203,-0.024809,-1.00074139201597
2005-12-28,0.002854,0.003299,0.015,0,-0.011701,0.314358148695426,-0.012146,0.269994632323699
2005-12-29,-0.002344,7.7e-05,0.015,0,-0.014923,-0.00729917154727046,-0.017344,-0.249674021959385
2005-12-30,-0.004415,5.3e-05,0.015,0,-0.014947,-0.00969901555752497,-0.019415,-0.457476364500611
2006-01-03,0.016406,0.010981,0.017,0,-0.006019,1.0751161036115,-0.000594000000000001,1.61028900825321
2006-01-04,0.005523,0.007697,0.017,0,-0.009303,0.749754367163988,-0.011477,0.533781860926619
2006-01-05,-0.000334,0.00292,0.017,0,-0.01408,0.274575952925935,-0.017334,-0.0504041342060471
2006-01-06,0.009805,0.009032,0.017,0,-0.007968,0.882146988581822,-0.007195,0.958725735432201
2006-01-09,0.004312,0.007009,0.017,0,-0.009991,0.681456558278358,-0.012688,0.413274441506462
2006-01-10,0.000989,0.004278,0.017,0,-0.012722,0.409888982054483,-0.016011,0.0818525710077441
2006-01-11,0.003204,0.003297,0.017,0,-0.013703,0.312159126075957,-0.013796,0.302889257776206
2006-01-12,-0.006278,-0.002945,0.017,0,-0.019945,-0.311933059700675,-0.023278,-0.646777506281557
2006-01-13,0.001439,0.002924,0.017,0,-0.014076,0.274974787531219,-0.015561,0.126798008004764
2006-01-17,-0.003421,-0.002867,0.017,0,-0.019867,-0.30411032683499,-0.020421,-0.359685055206872
2006-01-18,-0.004248,-0.001829,0.017,0,-0.018829,-0.200066021442115,-0.021248,-0.442703393775882
2006-01-19,0.007658,0.010498,0.017,0,-0.006502,1.02732930897337,-0.009342,0.745884081283349
2006-01-20,-0.015943,-0.008843,0.017,0,-0.025843,-0.905231691934102,-0.032943,-1.62414423299468
2006-01-23,0.00315,0.003408,0.017,0,-0.013592,0.323222037676139,-0.01385,0.29750635924354
2006-01-24,0.004175,0.007592,0.017,0,-0.009408,0.739334025456668,-0.012825,0.399632331777848
2006-01-25,-0.002227,-0.000175,0.017,0,-0.017175,-0.0345000865924151,-0.019227,-0.239946900392136
2006-01-26,0.008213,0.009464,0.017,0,-0.007536,0.924951136481635,-0.008787,0.800947129863613
2006-01-27,0.007056,0.00541,0.017,0,-0.01159,0.522543296527016,-0.009944,0.686123736349427
2006-01-30,0.001837,0.002908,0.017,0,-0.014092,0.273379439565852,-0.015163,0.166532922738088
2006-01-31,-0.001529,0.002841,0.017,1,-0.014159,0.266698643511618,-0.018529,-0.170015566502514
2006-02-01,0.001468,0.002352,0.018,0,-0.015648,0.216925457543288,-0.016532,0.128693973942167
2006-02-02,-0.008453,-0.006317,0.018,0,-0.024317,-0.651702047211058,-0.026453,-0.866891302285194
2006-02-03,-0.004871,-0.002056,0.018,0,-0.020056,-0.223810027141547,-0.022871,-0.506288578788888
2006-02-06,0.002139,0.002836,0.018,0,-0.015164,0.265200233713851,-0.015861,0.195673179453568
2006-02-07,-0.01021,-0.009193,0.018,0,-0.027193,-0.941550019585185,-0.02821,-1.04424633684527
2006-02-08,0.006765,0.003501,0.018,0,-0.014499,0.33149019640228,-0.011235,0.65622362653426
2006-02-09,-0.001717,0.000101,0.018,0,-0.017899,-0.00789889021003299,-0.019717,-0.189845953590914
2006-02-10,0.000948,-0.001475,0.018,0,-0.019475,-0.165607268531076,-0.017052,0.0767567129844962
2006-02-13,-0.004783,-0.005837,0.018,0,-0.023837,-0.603408566797682,-0.022783,-0.497445895149225
2006-02-14,0.009486,0.006873,0.018,0,-0.011127,0.666950480129947,-0.008514,0.92613066210366
2006-02-15,0.003464,0.004129,0.018,0,-0.013871,0.394051526974432,-0.014536,0.327803036934707
2006-02-16,0.007797,0.007215,0.018,0,-0.010785,0.70091126072017,-0.010203,0.758677667687894
2006-02-17,-0.000569,0.001237,0.018,0,-0.016763,0.105625174391117,-0.018569,-0.0749145743876624
2006-02-21,-0.002572,-0.001776,0.018,0,-0.019776,-0.195756275970667,-0.020572,-0.275529707632421
2006-02-22,0.006635,0.00483,0.018,0,-0.01317,0.463838917204949,-0.011365,0.643310146830211
2006-02-23,-0.002801,-0.000399,0.018,0,-0.018399,-0.0579063423623809,-0.020801,-0.29849139430428
2006-02-24,0.00234,0.003795,0.018,0,-0.014205,0.360783335242024,-0.01566,0.215728266154272
2006-02-27,0.003461,0.003158,0.018,0,-0.014842,0.297304018946068,-0.014539,0.327504072100445
2006-02-28,-0.009851,-0.006854,0.018,0,-0.024854,-0.70575803422113,-0.027851,-1.0079825929689
2006-03-01,0.009403,0.009078,0.016,0,-0.006922,0.887705544393147,-0.006597,0.919907978085467
2006-03-02,-0.000446,0.000231,0.016,0,-0.015769,0.00709861222429158,-0.016446,-0.0606086688947244
2006-03-03,-0.001259,-0.001027,0.016,0,-0.017027,-0.118751492721241,-0.017259,-0.141978040769958
2006-03-06,-0.007394,-0.005855,0.016,0,-0.021855,-0.603219491417902,-0.023394,-0.758145831742164
2006-03-07,-0.005324,-0.009664,0.016,0,-0.025664,-0.987098669656764,-0.021324,-0.549821019396797
2006-03-08,0.000706,-0.000948,0.016,0,-0.016948,-0.11084368375577,-0.015294,0.0545763697871361
2006-03-09,-0.004218,-0.001987,0.016,0,-0.017987,-0.214896390477232,-0.020218,-0.438690805765047
2006-03-10,0.007391,0.006549,0.016,0,-0.009451,0.636766126821834,-0.008609,0.720383319892072
2006-03-13,0.002781,0.00272,0.016,0,-0.01328,0.255632029286313,-0.013219,0.261715297259633
2006-03-14,0.010218,0.006582,0.016,0,-0.009418,0.64004460199339,-0.005782,1.00061619455179
2006-03-15,0.005302,0.00604,0.016,0,-0.00996,0.586184511712906,-0.010698,0.512800668177704
2006-03-16,0.00169,0.001931,0.016,0,-0.014069,0.176915081474344,-0.01431,0.152858635553459
2006-03-17,0.001371,0.001707,0.016,0,-0.014293,0.154555752999518,-0.014629,0.121007383624847
2006-03-20,-0.001419,0.000329,0.016,0,-0.015671,0.0168958690002332,-0.017419,-0.157999493529428
2006-03-21,-0.006707,-0.007,0.016,0,-0.023,-0.718460213832963,-0.022707,-0.688958020337323
2006-03-22,0.005975,0.006058,0.016,0,-0.009942,0.587973688979668,-0.010025,0.579723327276149
2006-03-23,-0.00128,0.002505,0.016,0,-0.013495,0.234188051595641,-0.01728,-0.144080710108761
2006-03-24,0.002587,0.00604,0.016,0,-0.00996,0.586184511712906,-0.013413,0.242367227418567
2006-03-27,-0.000986,0.000733,0.016,0,-0.015267,0.0572744285340315,-0.016986,-0.114647361913007
2006-03-28,-0.005286,-0.002418,0.016,1,-0.018418,-0.258091528438732,-0.021286,-0.546000752882477
2006-03-29,0.009236,0.010905,0.016,0,-0.005095,1.06859820519225,-0.006764,0.903362176643903
2006-03-30,-0.000607,0.001404,0.016,0,-0.014596,0.124302811219359,-0.016607,-0.0767171500448639
2006-03-31,-0.002623,0.003562,0.016,0,-0.012438,0.339568390120394,-0.018623,-0.278643329325022
2006-04-03,0.00084,-0.003301,0.019,0,-0.022301,-0.349644227244189,-0.01816,0.0649665445157608
2006-04-04,0.005597,0.00182,0.019,0,-0.01718,0.162836385449765,-0.013403,0.539141304360849
2006-04-05,0.004926,0.004061,0.019,0,-0.014939,0.386279444373293,-0.014074,0.472392500699998
2006-04-06,-0.000824,0.000668,0.019,0,-0.018332,0.0477795035023451,-0.019824,-0.101432162689341
2006-04-07,-0.009975,-0.006865,0.019,0,-0.025865,-0.707865446820869,-0.028975,-1.02150655993746
2006-04-10,0.000102,-0.002359,0.019,0,-0.021359,-0.255176877639405,-0.018898,-0.00879871539322986
2006-04-11,-0.008224,-0.009436,0.019,0,-0.028436,-0.967078305180284,-0.027224,-0.844798559927846
2006-04-12,0.001733,0.003323,0.019,0,-0.015677,0.31275090840313,-0.017267,0.154151813586212
2006-04-13,0.001241,0.002793,0.019,0,-0.016207,0.259912487062501,-0.017759,0.105024864370179
2006-04-17,-0.0015,-0.000952,0.019,0,-0.019952,-0.114243539209198,-0.0205,-0.169110807855315
2006-04-18,0.017371,0.013804,0.019,0,-0.005196,1.35196106474331,-0.001629,1.70318670181139
2006-04-19,0.004288,0.007729,0.019,0,-0.011271,0.750930234411501,-0.014712,0.408885077255493
2006-04-20,-0.000819,-0.001576,0.019,0,-0.020576,-0.176722514664057,-0.019819,-0.100931751601631
2006-04-21,0.000195,0.001179,0.019,0,-0.017821,0.0988323573017507,-0.018805,0.000499903768525601
2006-04-24,-0.002943,-0.003093,0.019,0,-0.022093,-0.328777516293808,-0.021943,-0.313732109226985
2006-04-25,-0.004011,-0.001073,0.019,0,-0.020073,-0.126355802890969,-0.023011,-0.420904758751902
2006-04-26,0.002142,0.002286,0.019,0,-0.016714,0.209340912495577,-0.016858,0.194972723640928
2006-04-27,0.001846,-0.001693,0.019,0,-0.020693,-0.188441669636249,-0.017154,0.165431628369639
2006-04-28,0.001336,0.003112,0.019,0,-0.015888,0.291718579842493,-0.017664,0.114512639379206
2006-05-01,-0.003282,-0.002543,0.02,0,-0.022543,-0.274621891937495,-0.023282,-0.348737757779632
2006-05-02,0.006043,0.004141,0.02,0,-0.015859,0.393246965335571,-0.013957,0.582483430016957
2006-05-03,-0.003151,-0.000194,0.02,0,-0.020194,-0.0393998823100416,-0.023151,-0.335595485642448
2006-05-04,0.003973,0.005051,0.02,0,-0.014949,0.483830648948119,-0.016027,0.376514847498442
2006-05-05,0.010548,0.007469,0.02,0,-0.012531,0.724126513188301,-0.009452,1.02927779677357
2006-05-08,-0.000123,0.000493,0.02,0,-0.019507,0.0292898512760023,-0.020123,-0.0322987567786613
2006-05-09,0.000885,-9.8e-05,0.02,0,-0.020098,-0.029798480498002,-0.019115,0.0684628615731857
2006-05-10,-0.001461,-0.003476,0.02,1,-0.023476,-0.368203532694327,-0.021461,-0.166204830381837
2006-05-11,-0.013541,-0.015037,0.02,0,-0.035037,-1.53511819700152,-0.033541,-1.38334954603245
2006-05-12,-0.012832,-0.013372,0.02,0,-0.033372,-1.36621902919125,-0.032832,-1.31150212699135
2006-05-15,-0.0011,-0.008796,0.02,0,-0.028796,-0.90348931655032,-0.0211,-0.130058544669928
2006-05-16,-0.001032,0.000425,0.02,0,-0.019575,0.0224929710414121,-0.021032,-0.123251288131833
2006-05-17,-0.017065,-0.012949,0.02,0,-0.032949,-1.32335491537369,-0.037065,-1.74122651337998
2006-05-18,-0.007167,-0.005546,0.02,0,-0.025546,-0.576141615973972,-0.027167,-0.739278632369341
2006-05-19,0.004179,0.001926,0.02,0,-0.018074,0.172416763738256,-0.015821,0.397031222824869
2006-05-22,-0.006254,-0.010913,0.02,0,-0.030913,-1.11729635869326,-0.026254,-0.647361818159533
2006-05-23,-0.00345,-0.000283,0.02,0,-0.020283,-0.0483020054722933,-0.02345,-0.365594497605668
2006-05-24,-0.00025,-0.004124,0.02,0,-0.024124,-0.433250714269125,-0.02025,-0.0450011257875577
2006-05-25,0.013913,0.012591,0.02,0,-0.007409,1.23124125004462,-0.006087,1.36171226688281
2006-05-26,0.00631,0.006531,0.02,0,-0.013469,0.630978542203032,-0.01369,0.609019529952382
2006-05-30,-0.015231,-0.012834,0.02,0,-0.032834,-1.31170472695671,-0.035231,-1.55481630828034
2006-05-31,0.009342,0.008142,0.02,0,-0.011858,0.790905274071211,-0.010658,0.909865339332196
2006-06-01,0.012582,0.012274,0.018,0,-0.005726,1.20193014050381,-0.005418,1.23235205716114
2006-06-02,0.002586,0.004368,0.018,0,-0.013632,0.417850417500836,-0.015414,0.240267825343438
2006-06-05,-0.018876,-0.016456,0.018,0,-0.034456,-1.67728877757201,-0.036876,-1.9236409575742
2006-06-06,-0.003564,-0.006251,0.018,0,-0.024251,-0.645060310535362,-0.021564,-0.375034998048494
2006-06-07,-0.006568,-0.003705,0.018,0,-0.021705,-0.389186431456748,-0.024568,-0.676964802646442
2006-06-08,-0.00111,-0.006294,0.018,0,-0.024294,-0.649387452534221,-0.01911,-0.129060030820059
2006-06-09,-0.003265,-0.001845,0.018,0,-0.019845,-0.202668791082024,-0.021265,-0.345032554480646
2006-06-12,-0.014844,-0.018162,0.018,0,-0.036162,-1.85089374886732,-0.032844,-1.51352585175709
2006-06-13,-0.013068,-0.016905,0.018,0,-0.034905,-1.72295043767346,-0.031068,-1.33341213673768
2006-06-14,0.005106,0.003099,0.018,0,-0.014901,0.291422419528147,-0.012894,0.491302478406378
2006-06-15,0.023862,0.024527,0.018,0,0.006527,2.40510588667848,0.005862,2.34017681086695
2006-06-16,-0.004456,-0.005197,0.018,0,-0.023197,-0.539053517783432,-0.022456,-0.464594136154456
2006-06-19,-0.01017,-0.010747,0.018,0,-0.028747,-1.09851499226906,-0.02817,-1.04020515722439
2006-06-20,-0.000521,-0.001029,0.018,0,-0.019029,-0.120951358590672,-0.018521,-0.0701119569602419
2006-06-21,0.011787,0.011314,0.018,0,-0.006686,1.10704915959078,-0.006213,1.1538090602204
2006-06-22,-0.00487,-0.00293,0.018,0,-0.02093,-0.311428465499783,-0.02287,-0.506188089355101
2006-06-23,0.000925,0.002364,0.018,0,-0.015636,0.218122634599803,-0.017075,0.0744588649191083
2006-06-26,0.005541,0.00475,0.018,0,-0.01325,0.45587705452297,-0.012459,0.534572133078426
2006-06-27,-0.009672,-0.01009,0.018,0,-0.02809,-1.03212328788361,-0.027672,-0.989906139620798
2006-06-28,0.004933,0.002067,0.018,0,-0.015933,0.188488289274518,-0.013067,0.474088882010768
2006-06-29,0.023617,0.022212,0.018,1,0.004212,2.17889228668312,0.005617,2.31624494136604
2006-06-30,0.001019,0.007866,0.018,0,-0.010134,0.765524050245589,-0.016981,0.0838497369983553
2006-07-03,0.00791,0.006228,0.02,0,-0.013772,0.600870615492593,-0.01209,0.767889994601823
2006-07-05,-0.008495,-0.007898,0.02,0,-0.027898,-0.812933440516458,-0.028495,-0.87312681733209
2006-07-06,0.002203,0.002146,0.02,0,-0.017854,0.194372062837663,-0.017797,0.200059695082882
2006-07-07,-0.00751,-0.008852,0.02,0,-0.028852,-0.909139170866294,-0.02751,-0.773832204096733
2006-07-10,0.000428,-0.002165,0.02,0,-0.022165,-0.236732700328236,-0.019572,0.0227928431459598
2006-07-11,0.004159,0.003274,0.02,0,-0.016726,0.306867212876906,-0.015841,0.395039526207999
2006-07-12,-0.010937,-0.009815,0.02,0,-0.029815,-1.00634646270772,-0.030937,-1.11972286831095
2006-07-13,-0.014147,-0.014859,0.02,0,-0.034859,-1.51704808491766,-0.034147,-1.44480027178677
2006-07-14,-0.005288,-0.006874,0.02,0,-0.026874,-0.709771477173701,-0.025288,-0.550201096032774
2006-07-17,-0.003577,-0.006949,0.02,0,-0.026949,-0.717323674186923,-0.023577,-0.378339276403163
2006-07-18,0.001632,0.000128,0.02,0,-0.019872,-0.00719881939672832,-0.018368,0.143068973246524
2006-07-19,0.019847,0.019069,0.02,0,-0.000931000000000001,1.86894853900232,-0.000153,1.94526360423883
2006-07-20,-0.011006,-0.01345,0.02,0,-0.03345,-1.37412505693336,-0.031006,-1.12669941145687
2006-07-21,-0.008938,-0.010797,0.02,0,-0.030797,-1.10556905884006,-0.028938,-0.917816354419394
2006-07-24,0.01772,0.015031,0.02,0,-0.004969,1.47191738966121,-0.00228,1.73648511768057
2006-07-25,0.00759,0.006168,0.02,0,-0.013832,0.594907574419387,-0.01241,0.736136087115955
2006-07-26,0.000334,0.000631,0.02,0,-0.019369,0.0430821000540651,-0.019666,0.0133964231750524
2006-07-27,-0.005474,-0.005405,0.02,0,-0.025405,-0.561963986339289,-0.025474,-0.56890172416697
2006-07-28,0.013052,0.011775,0.02,0,-0.008225,1.15062341273706,-0.006948,1.27675766216255
2006-07-31,-0.000515,0.002404,0.02,0,-0.017596,0.220113501207835,-0.020515,-0.0715112660714152
2006-08-01,-0.005262,-0.007649,0.018,0,-0.025649,-0.785838743734728,-0.023262,-0.545587688230095
2006-08-02,0.006701,0.00691,0.018,0,-0.01109,0.670625156100909,-0.011299,0.64986642953947
2006-08-03,0.002366,0.003795,0.018,0,-0.014205,0.360783335242024,-0.015634,0.218322162715808
2006-08-04,-0.001168,-0.001962,0.018,0,-0.019962,-0.214391104519049,-0.019168,-0.134866644554733
2006-08-07,-0.003005,-0.004323,0.018,0,-0.022323,-0.451235498394229,-0.021005,-0.318950787995325
2006-08-08,-0.0039,-0.006162,0.018,1,-0.024162,-0.636104727704574,-0.0219,-0.40876086329608
2006-08-09,-0.004163,-0.005274,0.018,0,-0.023274,-0.546794043308664,-0.022163,-0.435167321083475
2006-08-10,0.003938,0.002527,0.018,0,-0.015473,0.234382870229484,-0.014062,0.375028257275164
2006-08-11,-0.004553,-0.006278,0.018,0,-0.024278,-0.647777331312184,-0.022553,-0.474338027520791
2006-08-14,0.000695,0.000248,0.018,0,-0.017752,0.00679854511396476,-0.017305,0.0514774797398758
2006-08-15,0.014923,0.012931,0.018,0,-0.005069,1.26681246333515,-0.003077,1.46327637451691
2006-08-16,0.009374,0.010015,0.018,0,-0.007985,0.978519842609065,-0.008626,0.915035291437551
2006-08-17,0.001454,0.003186,0.018,0,-0.014814,0.300095165429604,-0.016546,0.127296016358174
2006-08-18,0.002967,0.002895,0.018,0,-0.015105,0.271083375572556,-0.015033,0.278262334048356
2006-08-21,-0.003122,-0.003444,0.018,0,-0.021444,-0.362992802179669,-0.021122,-0.330686741101093
2006-08-22,0.001258,0.002707,0.018,0,-0.015293,0.252335887232334,-0.016742,0.10772255790526
2006-08-23,-0.005157,-0.006051,0.018,0,-0.024051,-0.624936529088186,-0.023157,-0.535032702019684
2006-08-24,0.001258,0.000683,0.018,0,-0.017317,0.0502783059705885,-0.016742,0.10772255790526
2006-08-25,-0.000295,0.001537,0.018,0,-0.016463,0.135583622248316,-0.018295,-0.047502732300309
2006-08-28,0.005566,0.005286,0.018,0,-0.012714,0.509209433913661,-0.012434,0.537058326006131
2006-08-29,0.00302,0.006985,0.018,0,-0.011015,0.678073409364825,-0.01498,0.283546515851362
2006-08-30,0.001339,0.005213,0.018,0,-0.012787,0.501947555143059,-0.016661,0.115812053699389
2006-08-31,0.000893,0.003195,0.018,0,-0.014805,0.300992303111835,-0.017107,0.071261771077138
2006-09-01,0.005057,0.003605,0.02,0,-0.016395,0.339853755962102,-0.014943,0.484427631796804
2006-09-05,0.002566,0.004357,0.02,0,-0.015643,0.414755575334955,-0.017434,0.236273344033666
2006-09-06,-0.01147,-0.012591,0.02,0,-0.032591,-1.28709183545076,-0.03147,-1.17362678209967
2006-09-07,-0.00538,-0.005246,0.02,0,-0.025246,-0.545978857501808,-0.02538,-0.559450431997368
2006-09-08,0.002436,0.001331,0.02,0,-0.018669,0.113013500203252,-0.017564,0.223305775903343
2006-09-11,-0.001583,-0.004,0.02,0,-0.024,-0.420800140020509,-0.021583,-0.178423427101222
2006-09-12,0.011412,0.011921,0.02,0,-0.008079,1.16505245744074,-0.008588,1.11473943326357
2006-09-13,0.005111,0.006681,0.02,0,-0.013319,0.645880102523313,-0.014889,0.489800317066193
2006-09-14,-0.002191,-0.001949,0.02,0,-0.021949,-0.215088177460369,-0.022191,-0.239338375488883
2006-09-15,0.002145,0.001521,0.02,0,-0.018479,0.131986444841194,-0.017855,0.194272276928332
2006-09-18,0.001525,0.001509,0.02,0,-0.018491,0.130788260091076,-0.018475,0.132385836567596
2006-09-19,-0.003259,-0.003669,0.02,0,-0.023669,-0.387572729209216,-0.023259,-0.346430210947616
2006-09-20,0.005182,0.004919,0.02,1,-0.015081,0.47069612453335,-0.014818,0.496863964010148
2006-09-21,-0.004422,-0.003877,0.02,0,-0.023877,-0.408451504905478,-0.024422,-0.463178596331605
2006-09-22,-0.003776,-0.005443,0.02,0,-0.025443,-0.565784709944586,-0.023776,-0.398312708793503
2006-09-25,0.007916,0.00461,0.02,0,-0.01539,0.439942649222929,-0.012084,0.768485284076214
2006-09-26,0.007255,0.003902,0.02,0,-0.016098,0.369442694099491,-0.012745,0.702882908525349
2006-09-27,0.002109,0.003662,0.02,0,-0.016338,0.345533119994422,-0.017891,0.19067991787565
2006-09-28,0.001864,0.001185,0.02,0,-0.018815,0.0984318439010113,-0.018136,0.166228490514038
2006-09-29,-0.002992,-0.001988,0.02,0,-0.021988,-0.218995869753144,-0.022992,-0.319646498294103
2006-10-02,-0.00389,-0.005567,0.018,0,-0.023567,-0.57625372975093,-0.02189,-0.407756953065724
2006-10-03,-4e-04,-0.003138,0.018,0,-0.021138,-0.332291764825385,-0.0184,-0.0580063823283473
2006-10-04,0.012364,0.010933,0.018,0,-0.007067,1.06936830215764,-0.005636,1.21082061870873
2006-10-05,0.005071,0.008537,0.018,0,-0.009463,0.832078208791082,-0.012929,0.487820197989923
2006-10-06,-0.003112,-0.001437,0.018,0,-0.019437,-0.161801727663114,-0.021112,-0.329683614355017
2006-10-09,0.00216,0.003741,0.018,0,-0.014259,0.355403606060279,-0.01584,0.197768675185569
2006-10-10,0.002248,0.002752,0.018,0,-0.015248,0.256823637917594,-0.015752,0.206549322644224
2006-10-11,-0.003594,-0.002518,0.018,0,-0.020518,-0.270115929565923,-0.021594,-0.378045773614472
2006-10-12,0.010567,0.012687,0.018,0,-0.005313,1.24272105012889,-0.007433,1.03315756715895
2006-10-13,0.003339,0.005378,0.018,0,-0.012622,0.518360639690877,-0.014661,0.31534541153135
2006-10-16,0.004358,0.007505,0.018,0,-0.010495,0.729699380359904,-0.013642,0.416854761547751
2006-10-17,-0.004577,-0.004044,0.018,0,-0.022044,-0.423218288212932,-0.022577,-0.476749033764409
2006-10-18,0.001014,0.000542,0.018,0,-0.017458,0.036186936910806,-0.016986,0.0833502447322428
2006-10-19,0.002377,0.004943,0.018,0,-0.013057,0.475083968274804,-0.015623,0.219419560237596
2006-10-20,-0.000417,-0.00281,0.018,0,-0.02081,-0.299393926357962,-0.018417,-0.059707077062187
2006-10-23,0.005426,0.001188,0.018,0,-0.016812,0.100731108445099,-0.012574,0.523134849410881
2006-10-24,0.000821,0.000216,0.018,0,-0.017784,0.00359928734149503,-0.017179,0.0640679361905308
2006-10-25,0.004349,0.004215,0.018,1,-0.013785,0.402615796845785,-0.013651,0.415958662714018
2006-10-26,0.006479,0.006899,0.018,0,-0.011101,0.669532698971151,-0.011521,0.627811769658103
2006-10-27,-0.008195,-0.005532,0.018,0,-0.023532,-0.572734198109726,-0.026195,-0.840874740277517
2006-10-30,0.000326,0.001258,0.018,0,-0.016742,0.10772255790526,-0.017674,0.0145963071602098
2006-10-31,5.3e-05,0.000667,0.018,0,-0.017333,0.0486793852420462,-0.017947,-0.0126985206394114
2006-11-01,-0.008974,-0.010012,0.02,0,-0.030012,-1.02624371417514,-0.028974,-0.92144888738503
2006-11-02,-0.000127,-0.00288,0.02,0,-0.02288,-0.308413518252926,-0.020127,-0.0326988067849126
2006-11-03,-0.000318,0.002801,0.02,0,-0.017199,0.259710450665591,-0.020318,-0.0518030575387968
2006-11-06,0.011516,0.009346,0.02,0,-0.010654,0.910261636333021,-0.008484,1.12502155898348
2006-11-07,0.001812,0.001242,0.02,0,-0.018758,0.104124935336094,-0.018188,0.161038030578232
2006-11-08,0.003354,0.003912,0.02,0,-0.016088,0.370438802304741,-0.016646,0.31484078845169
2006-11-09,-0.004636,-0.003967,0.02,0,-0.023967,-0.417486941895476,-0.024636,-0.484675957964856
2006-11-10,0.00215,0.003704,0.02,0,-0.016296,0.349717708156833,-0.01785,0.19477120547927
2006-11-13,0.002259,0.003078,0.02,0,-0.016922,0.287329265335946,-0.017741,0.205647229295511
2006-11-14,0.006922,0.008021,0.02,0,-0.011979,0.778902276283307,-0.013078,0.669817293831705
2006-11-15,0.004006,0.005557,0.02,0,-0.014443,0.534163683600579,-0.015994,0.379801734463193
2006-11-16,0.001141,0.000202,0.02,0,-0.019798,0.000199959808078643,-0.018859,0.0940369551559137
2006-11-17,0.000213,-0.000972,0.02,0,-0.020972,-0.117245270099961,-0.019787,0.00129973160544177
2006-11-20,0.000481,0.00142,0.02,0,-0.01858,0.121901275074775,-0.019519,0.0280904353915237
2006-11-21,0.003124,0.003122,0.02,0,-0.016878,0.291715667489974,-0.016876,0.291915044834527
2006-11-22,0.003,0.003234,0.02,0,-0.016766,0.302880186659687,-0.017,0.279552897713221
2006-11-24,-0.001902,0.001675,0.02,0,-0.018325,0.147361874934244,-0.021902,-0.210379110150395
2006-11-27,-0.014736,-0.01414,0.02,0,-0.03414,-1.44409022930087,-0.034736,-1.50456334191713
2006-11-28,0.00304,0.002722,0.02,0,-0.017278,0.251832206432953,-0.01696,0.283540854085507
2006-11-29,0.009667,0.009698,0.02,0,-0.010302,0.945129623713809,-0.010333,0.942059351623084
2006-11-30,0.001697,0.004416,0.02,0,-0.015584,0.420629808015001,-0.018303,0.149558171977518
2006-12-01,-0.002828,-0.002648,0.02,0,-0.022648,-0.285149215615799,-0.022828,-0.303198634974872
2006-12-04,0.009987,0.009363,0.02,0,-0.010637,0.911945881065709,-0.010013,0.973747948053738
2006-12-05,0.003863,0.003594,0.02,0,-0.016406,0.338757701211167,-0.016137,0.365557777288519
2006-12-06,-0.001078,0.000119,0.02,0,-0.019881,-0.00809870826045972,-0.021078,-0.127856146257969
2006-12-07,-0.003428,-0.001336,0.02,0,-0.021336,-0.153687324633727,-0.023428,-0.363386905697004
2006-12-08,0.001163,0.00045,0.02,0,-0.01955,0.0249918777698485,-0.018837,0.0962344236722713
2006-12-11,0.001968,0.000918,0.02,0,-0.019082,0.0717598893029862,-0.018032,0.176608602229329
2006-12-12,-0.002013,-0.003546,0.02,1,-0.023546,-0.375228196291094,-0.022013,-0.221500881028331
2006-12-13,0.001186,0.00032,0.02,0,-0.01968,0.0119968808253779,-0.018814,0.098531725491386
2006-12-14,0.00768,0.004449,0.02,0,-0.015551,0.423915245314468,-0.01232,0.745067892785651
2006-12-15,1.7e-05,-0.000516,0.02,0,-0.020516,-0.0716113176480029,-0.019983,-0.0182980147164629
2006-12-18,-0.004983,-0.007116,0.02,0,-0.027116,-0.734141948742096,-0.024983,-0.519543654502912
2006-12-19,0.00187,-0.000107,0.02,0,-0.020107,-0.0306985727574647,-0.01813,0.166827372401556
2006-12-20,-0.000628,0.002305,0.02,0,-0.017695,0.210236755996387,-0.020628,-0.0828177277262888
2006-12-21,-0.003812,-0.001303,0.02,0,-0.021303,-0.15038296453027,-0.023812,-0.40192641921122
2006-12-22,-0.004542,-0.000592,0.02,0,-0.020592,-0.0792155303855217,-0.024542,-0.475232622491383
2006-12-26,0.004325,0.00414,0.02,0,-0.01586,0.393147377678266,-0.015675,0.411569406493625
2006-12-27,0.007786,0.008718,0.02,0,-0.011282,0.84802376674399,-0.012214,0.755586552003691
2006-12-28,-0.001043,-0.000479,0.02,0,-0.020479,-0.0679094759813512,-0.021043,-0.12435243056712
2006-12-29,-0.004518,-0.00118,0.02,0,-0.02118,-0.138067675082875,-0.024518,-0.472821701016987
2007-01-03,-0.001341,-0.000143,0.022,0,-0.022143,-0.0362986029023588,-0.023341,-0.156187574868968
2007-01-04,0.000549,0.000588,0.022,0,-0.021412,0.0367851392187206,-0.021451,0.0328873551084935
2007-01-05,-0.00728,-0.009794,0.022,0,-0.031794,-1.00622524947781,-0.02928,-0.752660431932164
2007-01-08,0.002574,0.001731,0.022,0,-0.020269,0.150952774261011,-0.019426,0.235071713215798
2007-01-09,1e-06,0.000276,0.022,0,-0.021724,0.00559861154579938,-0.021999,-0.0218975804048747
2007-01-10,0.002088,0.001356,0.022,0,-0.020644,0.11351056587156,-0.019912,0.186584735408916
2007-01-11,0.007321,0.00775,0.022,0,-0.01425,0.750014721158937,-0.014679,0.70743557566169
2007-01-12,0.006137,0.00683,0.022,0,-0.01517,0.658680540937271,-0.015863,0.589826950453352
2007-01-16,0.000306,0.000576,0.022,0,-0.021424,0.0355858372124738,-0.021694,0.00859773879999329
2007-01-17,-0.000607,-0.000131,0.022,0,-0.022131,-0.0350984384798185,-0.022607,-0.0827160102632217
2007-01-18,-0.004679,-0.007334,0.022,0,-0.029334,-0.758100180173898,-0.026679,-0.490995659017163
2007-01-19,0.004336,0.005296,0.022,0,-0.016704,0.506204970600509,-0.017664,0.410665083394994
2007-01-22,-0.005374,-0.004337,0.022,0,-0.026337,-0.456640786917364,-0.027374,-0.560846768444556
2007-01-23,0.005209,0.00621,0.022,0,-0.01579,0.597082160417838,-0.016791,0.497550428577056
2007-01-24,0.008796,0.006903,0.022,0,-0.015097,0.665930757329611,-0.013204,0.853756475010506
2007-01-25,-0.010737,-0.007872,0.022,0,-0.029872,-0.812312356669427,-0.032737,-1.101503333786
2007-01-26,8.3e-05,0.003021,0.022,0,-0.018979,0.279647014550456,-0.021917,-0.0136979247858164
2007-01-29,0.000142,0.003445,0.022,0,-0.018555,0.321910377728422,-0.021858,-0.00779858845944201
2007-01-30,0.005761,0.005138,0.022,0,-0.016862,0.490486971369965,-0.016239,0.552449309601028
2007-01-31,0.006367,0.003532,0.022,1,-0.018468,0.33058013329159,-0.015633,0.612684047979752
2007-02-01,0.006256,0.006415,0.02,0,-0.013585,0.6194531460793,-0.013744,0.603653246311204
2007-02-02,0.001257,0.002316,0.02,0,-0.017684,0.211334220305113,-0.018743,0.105623063425075
2007-02-05,-0.000607,-0.001054,0.02,0,-0.021054,-0.125453585127688,-0.020607,-0.0807164301749736
2007-02-06,0.001504,0.003201,0.02,0,-0.016799,0.299590770356345,-0.018496,0.130289012208011
2007-02-07,0.002183,0.003714,0.02,0,-0.016286,0.350714012862687,-0.017817,0.198064071485365
2007-02-08,-0.000425,0.001066,0.02,0,-0.018934,0.0865452222796348,-0.020425,-0.0625070340762967
2007-02-09,-0.006908,-0.004898,0.02,0,-0.024898,-0.511001451745018,-0.026908,-0.713195069146317
2007-02-12,-0.003886,-0.002914,0.02,0,-0.022914,-0.311823396671032,-0.023886,-0.409355011867758
2007-02-13,0.008045,0.005325,0.02,0,-0.014675,0.511089231591026,-0.011955,0.781283150719077
2007-02-14,0.007233,0.00464,0.02,0,-0.01536,0.442928838099597,-0.012767,0.700698730709361
2007-02-15,0.001732,0.001452,0.02,0,-0.018548,0.125096686464292,-0.018268,0.15305218149855
2007-02-16,0.000508,0.002637,0.02,0,-0.017363,0.24335492131334,-0.019492,0.0307891009015928
2007-02-20,0.003563,0.005989,0.02,0,-0.014011,0.577115722146211,-0.016437,0.335668755004919
2007-02-21,-0.000295,0.001668,0.02,0,-0.018332,0.146663043031766,-0.020295,-0.0495023523725619
2007-02-22,-0.000387,0.002246,0.02,0,-0.017754,0.204350150964434,-0.020387,-0.0587054906492077
2007-02-23,-0.002572,7.3e-05,0.02,0,-0.019927,-0.0126982667036602,-0.022572,-0.277529327704674
2007-02-26,-0.001261,-0.001079,0.02,0,-0.021079,-0.12795625422441,-0.021261,-0.146177573217989
2007-02-27,-0.034095,-0.031183,0.02,0,-0.051183,-3.18795194184558,-0.054095,-3.48897732936428
2007-02-28,0.004731,0.003799,0.02,0,-0.016201,0.359182202114841,-0.015269,0.451986398904667
2007-03-01,-0.002834,-0.004908,0.019,0,-0.023908,-0.511006573864855,-0.021834,-0.302800533359236
2007-03-02,-0.012461,-0.011413,0.019,0,-0.030413,-1.16686100569871,-0.031461,-1.27292712681145
2007-03-05,-0.011988,-0.017158,0.019,0,-0.036158,-1.74968861577799,-0.030988,-1.22504175113264
2007-03-06,0.016717,0.017657,0.019,0,-0.001343,1.73129442336441,-0.002283,1.63888269701555
2007-03-07,-0.001347,9.2e-05,0.019,0,-0.018908,-0.00979861840264628,-0.020347,-0.153788997227956
2007-03-08,0.007234,0.005591,0.019,0,-0.013409,0.538544642089593,-0.011766,0.701797817592162
2007-03-09,0.001627,0.001693,0.019,0,-0.017307,0.150158653868278,-0.017373,0.143569591709074
2007-03-12,0.003137,0.004004,0.019,0,-0.014996,0.38060233730601,-0.015863,0.294210792922853
2007-03-13,-0.020146,-0.017468,0.019,0,-0.036468,-1.78123477468422,-0.039146,-2.05416799602039
2007-03-14,0.00542,0.002282,0.019,0,-0.016718,0.208941824013669,-0.01358,0.52153827062647
2007-03-15,0.004776,0.006078,0.019,0,-0.012922,0.586962151084738,-0.014224,0.457464914393318
2007-03-16,-0.003604,-0.003131,0.019,0,-0.022131,-0.33258937881042,-0.022604,-0.380049200648294
2007-03-19,0.011052,0.007375,0.019,0,-0.011625,0.715795571025233,-0.007948,1.08013909868951
2007-03-20,0.006796,0.005641,0.019,0,-0.013359,0.543516718907215,-0.012204,0.658302933513466
2007-03-21,0.016759,0.012057,0.019,1,-0.006943,1.17949114375166,-0.002241,1.6430135547199
2007-03-22,-0.00014,0.002385,0.019,0,-0.016615,0.219217844927929,-0.01914,-0.032999175320077
2007-03-23,0.001712,0.002233,0.019,0,-0.016767,0.204052860847042,-0.017288,0.152055424616136
2007-03-26,0.000561,3.8e-05,0.019,0,-0.018962,-0.0151982674267717,-0.018439,0.0370860746042068
2007-03-27,-0.005698,-0.004884,0.019,0,-0.023884,-0.508594765651727,-0.024698,-0.590427748506565
2007-03-28,-0.007002,-0.004417,0.019,0,-0.023417,-0.461676571734235,-0.026002,-0.72166109899696
2007-03-29,0.003519,0.001986,0.019,0,-0.017014,0.179404855688874,-0.015481,0.332284085466715
2007-03-30,-0.00038,0.002424,0.019,0,-0.016576,0.223108489872652,-0.01938,-0.0570054170581889
2007-04-02,0.003036,0.002046,0.022,0,-0.019954,0.182393398900863,-0.018964,0.281142485516662
2007-04-03,0.008906,0.006741,0.022,0,-0.015259,0.649840524860564,-0.013094,0.864659968203155
2007-04-04,0.001482,0.001226,0.022,0,-0.020774,0.100527327214406,-0.020518,0.126092711823078
2007-04-05,0.003632,0.003174,0.022,0,-0.018826,0.294899769172676,-0.018368,0.340544441149118
2007-04-09,0.00058,0.000873,0.022,0,-0.021127,0.0652643353585682,-0.02142,0.0359856061460307
2007-04-10,0.002699,0.002505,0.022,0,-0.019495,0.228189191377283,-0.019301,0.247538843642618
2007-04-11,-0.005869,-0.004272,0.022,0,-0.026272,-0.450112686707703,-0.027869,-0.610626606828219
2007-04-12,0.006385,0.00575,0.022,0,-0.01625,0.55135560442118,-0.015615,0.614472643892262
2007-04-13,0.003734,0.005204,0.022,0,-0.016796,0.497053018343437,-0.018266,0.35070701240795
2007-04-16,0.010488,0.009235,0.022,0,-0.012765,0.897264231524152,-0.011512,1.0213406678225
2007-04-17,0.001034,-0.000898,0.022,0,-0.022898,-0.111837924709503,-0.020966,0.0813489986668149
2007-04-18,0.000315,-0.000911,0.022,0,-0.022911,-0.113139101624041,-0.021685,0.00949745943674165
2007-04-19,-0.002808,-0.004205,0.022,0,-0.026205,-0.443384167878116,-0.024808,-0.303192563135922
2007-04-20,0.009337,0.007843,0.022,0,-0.014157,0.75924277464652,-0.012663,0.907370385784373
2007-04-23,-0.001727,-0.000676,0.022,0,-0.022676,-0.0896204394572908,-0.023727,-0.194846878721822
2007-04-24,-0.000739,-0.001111,0.022,0,-0.023111,-0.133159342154018,-0.022739,-0.095924899865116
2007-04-25,0.009478,0.005063,0.022,0,-0.016937,0.483025030993376,-0.012522,0.921338976292098
2007-04-26,-0.000599,-8.3e-05,0.022,0,-0.022083,-0.0302979248239355,-0.022599,-0.0819155275721548
2007-04-27,-0.000785,-0.001693,0.022,0,-0.023693,-0.191441054762523,-0.022785,-0.100528407738928
2007-04-30,-0.009264,-0.008592,0.022,0,-0.030592,-0.88490998349571,-0.031264,-0.952715352403961
2007-05-01,0.001747,-0.000823,0.018,0,-0.018823,-0.100332265237243,-0.016253,0.15654919685174
2007-05-02,0.008272,0.009138,0.018,0,-0.008862,0.891651729578582,-0.009728,0.805799071646706
2007-05-03,0.003887,0.001979,0.018,0,-0.016021,0.179706055727328,-0.014113,0.369948133259279
2007-05-04,0.002886,0.002638,0.018,0,-0.015362,0.245454278329404,-0.015114,0.270185969524732
2007-05-07,0.002606,0.000879,0.018,0,-0.017121,0.0698630103790937,-0.015394,0.242262646787037
2007-05-08,-0.001398,-0.002052,0.018,0,-0.020052,-0.223409203850507,-0.019398,-0.157896191565199
2007-05-09,0.003688,0.003014,0.018,1,-0.014986,0.282948320606414,-0.014312,0.350123220052872
2007-05-10,-0.013746,-0.013047,0.018,0,-0.031047,-1.33128435320411,-0.031746,-1.4021334865428
2007-05-11,0.010361,0.008288,0.018,0,-0.009712,0.807385932439376,-0.007639,1.01277089324346
2007-05-14,-0.002696,-0.004645,0.018,0,-0.022645,-0.483580533813781,-0.020696,-0.287962455506293
2007-05-15,-0.001857,-0.006076,0.018,0,-0.024076,-0.627451780314126,-0.019857,-0.203871016401104
2007-05-16,0.007348,0.002584,0.018,0,-0.015416,0.240068341010439,-0.010652,0.714115116861003
2007-05-17,-0.000505,-0.002044,0.018,0,-0.020044,-0.222607562088173,-0.018505,-0.0685111357389212
2007-05-18,0.006773,0.005628,0.018,0,-0.012372,0.5432238177508,-0.011227,0.6570182477433
2007-05-21,0.003247,0.006025,0.018,0,-0.011975,0.582693846145757,-0.014753,0.306175607688957
2007-05-22,0.000927,0.004062,0.018,0,-0.013938,0.387378854900425,-0.017073,0.0746586798904449
2007-05-23,-0.000935,-0.000928,0.018,0,-0.018928,-0.11084146605222,-0.018935,-0.111542118710174
2007-05-24,-0.011302,-0.011322,0.018,0,-0.029322,-1.1566565569847,-0.029302,-1.15463367413383
2007-05-25,0.006385,0.006411,0.018,0,-0.011589,0.621055315005751,-0.011615,0.618471844052763
2007-05-29,0.003041,0.004882,0.018,0,-0.013118,0.469013788033367,-0.014959,0.285640171029422
2007-05-30,0.008239,0.004313,0.018,0,-0.013687,0.412374187077613,-0.009761,0.802526091732097
2007-05-31,0.001602,0.004499,0.018,0,-0.013501,0.43089259502535,-0.016398,0.14207343648715
2007-06-01,0.005134,0.005386,0.019,0,-0.013614,0.518156542105345,-0.013866,0.493088400398756
2007-06-04,0.002104,0.002543,0.019,0,-0.016457,0.234979009451252,-0.016896,0.191180773949667
2007-06-05,-0.005315,-0.003579,0.019,0,-0.022579,-0.377540189534748,-0.024315,-0.551915681335305
2007-06-06,-0.009351,-0.007268,0.019,0,-0.026268,-0.74845225404735,-0.028351,-0.958497703291224
2007-06-07,-0.018094,-0.014181,0.019,0,-0.033181,-1.44724931625347,-0.037094,-1.84496801759539
2007-06-08,0.010774,0.006323,0.019,0,-0.012677,0.611311175082485,-0.008226,1.05263920485572
2007-06-11,0.001122,0.000207,0.019,0,-0.018793,0.00169966261701145,-0.017878,0.0931389076140767
2007-06-12,-0.010815,-0.010306,0.019,0,-0.029306,-1.05494564933189,-0.029815,-1.1063889170835
2007-06-13,0.014155,0.008831,0.019,0,-0.010169,0.860225282384153,-0.004845,1.38657714953644
2007-06-14,0.005361,0.004912,0.019,0,-0.014088,0.470999353590607,-0.013639,0.515669904054781
2007-06-15,0.007409,0.007935,0.019,0,-0.011065,0.771370149071604,-0.011591,0.71917062264399
2007-06-18,-0.000892,0.00023,0.019,0,-0.01877,0.00399916017689596,-0.019892,-0.108238002102182
2007-06-19,0.001782,0.002918,0.019,0,-0.016082,0.272376894961928,-0.017218,0.159043216945785
2007-06-20,-0.012701,-0.008285,0.019,0,-0.027285,-0.850949331473493,-0.031701,-1.29723291808968
2007-06-21,0.005397,0.002315,0.019,0,-0.016685,0.212234256358223,-0.013603,0.519250643258986
2007-06-22,-0.010743,-0.005914,0.019,0,-0.024914,-0.612153890572363,-0.029743,-1.09911046261966
2007-06-25,-0.004819,-0.006453,0.019,0,-0.025453,-0.666389256277413,-0.023819,-0.502063077162712
2007-06-26,-0.004005,-0.003059,0.019,0,-0.022059,-0.325367025624179,-0.023005,-0.420302344274676
2007-06-27,0.009329,0.008018,0.019,0,-0.010982,0.779604468031113,-0.009671,0.909577168271078
2007-06-28,0.000736,0.002352,0.019,1,-0.016648,0.215925642509061,-0.018264,0.0545747332536762
2007-06-29,-0.000734,8.2e-05,0.019,0,-0.018918,-0.010798531410223,-0.019734,-0.0924251462174249
2007-07-02,0.011414,0.008571,0.019,0,-0.010429,0.834449556828264,-0.007586,1.11593698145894
2007-07-03,0.003442,0.002174,0.019,0,-0.016826,0.198165832911394,-0.015558,0.324610792359596
2007-07-05,0.001211,0.001626,0.019,0,-0.017374,0.143469754094953,-0.017789,0.102028537866249
2007-07-06,0.004463,0.00387,0.019,0,-0.01513,0.367254886201117,-0.014537,0.426308839627507
2007-07-09,0.00155,0.002166,0.019,0,-0.016834,0.197367565152427,-0.01745,0.135881803756444
2007-07-10,-0.01358,-0.010437,0.019,0,-0.029437,-1.06818293991025,-0.03258,-1.3863033539636
2007-07-11,0.005066,0.002476,0.019,0,-0.016524,0.22829578101053,-0.013934,0.486322904425625
2007-07-12,0.017516,0.010665,0.019,0,-0.008335,1.04185480818526,-0.001484,1.71743810744182
2007-07-13,0.003168,0.001041,0.019,0,-0.017959,0.0850476582957953,-0.015832,0.297301050884874
2007-07-16,-0.003057,-0.004487,0.019,0,-0.023487,-0.468707875099702,-0.022057,-0.325166412148169
2007-07-17,-6e-05,6.9e-05,0.019,0,-0.018931,-0.012098433267651,-0.01906,-0.0249983752358011
2007-07-18,-0.001555,-0.00352,0.019,0,-0.02252,-0.371619172884424,-0.020555,-0.17461922195925
2007-07-19,0.004848,0.005579,0.019,0,-0.013421,0.537351306866798,-0.014152,0.464630433916453
2007-07-20,-0.011679,-0.009229,0.019,0,-0.028229,-0.946183302492386,-0.030679,-1.19377171693113
2007-07-23,0.003044,-0.000486,0.019,0,-0.019486,-0.0676100088563712,-0.015956,0.284939446013813
2007-07-24,-0.020135,-0.019051,0.019,0,-0.038051,-1.94247904880549,-0.039135,-2.05304538609518
2007-07-25,0.002693,-0.002446,0.019,0,-0.021446,-0.263897829732322,-0.016307,0.249939842019566
2007-07-26,-0.023846,-0.021853,0.019,0,-0.040853,-2.2285295446067,-0.042846,-2.43249000831259
2007-07-27,-0.014738,-0.010627,0.019,0,-0.029627,-1.08738517793956,-0.033738,-1.50376652836463
2007-07-30,0.009289,0.00437,0.019,0,-0.01463,0.417049732467635,-0.009711,0.905614060837652
2007-07-31,-0.01015,-0.003859,0.019,0,-0.022859,-0.405644710432268,-0.02915,-1.03918444368827
2007-08-01,0.004112,-0.005712,0.018,0,-0.023712,-0.59083596629964,-0.013888,0.392358503079351
2007-08-02,0.005963,0.004066,0.018,0,-0.013934,0.387777235880124,-0.012037,0.576530787517214
2007-08-03,-0.025935,-0.022589,0.018,0,-0.040589,-2.30280236630851,-0.043935,-2.64572262552979
2007-08-06,0.018038,0.000315,0.018,0,-0.017685,0.0134966595972427,3.79999999999998e-05,1.76972617240138
2007-08-07,0.006566,0.005399,0.018,1,-0.012601,0.520449384489605,-0.011434,0.636455391639148
2007-08-08,0.015589,0.017661,0.018,0,-0.000338999999999999,1.73268729737025,-0.002411,1.52887559519456
2007-08-09,-0.026888,-0.01552,0.018,0,-0.03352,-1.58216797919006,-0.044888,-2.74360793088142
2007-08-10,-0.000468,-0.000931,0.018,0,-0.018931,-0.111141745161653,-0.018468,-0.0648093348123479
2007-08-13,-0.000552,-0.001625,0.018,0,-0.019625,-0.180630554652777,-0.018552,-0.0732136210032495
2007-08-14,-0.019069,-0.017422,0.018,0,-0.035422,-1.77555328788521,-0.037069,-1.9433142083875
2007-08-15,-0.015662,-0.016672,0.018,0,-0.034672,-1.6992525861847,-0.033662,-1.59659287780905
2007-08-16,0.001836,-0.004001,0.018,0,-0.022001,-0.418900921605084,-0.016164,0.165433281020805
2007-08-17,0.024422,0.021076,0.018,0,0.003076,2.06769894369422,0.006422,2.39485672966267
2007-08-20,0.001602,0.00392,0.018,0,-0.01408,0.373235301797189,-0.016398,0.14207343648715
2007-08-21,0.002142,0.00317,0.018,0,-0.01483,0.298500234121268,-0.015858,0.195972538675155
2007-08-22,0.013025,0.013369,0.018,0,-0.004631,1.31004396970851,-0.004975,1.27609203308567
2007-08-23,-0.001601,-0.002699,0.018,0,-0.020699,-0.28826326694515,-0.019601,-0.178226677198328
2007-08-24,0.012342,0.009707,0.018,0,-0.008293,0.948020595446582,-0.005658,1.20864746369256
2007-08-27,-0.008301,-0.004698,0.018,0,-0.022698,-0.488905408969323,-0.026301,-0.851562896197637
2007-08-28,-0.023436,-0.018302,0.018,0,-0.036302,-1.86515373699458,-0.041436,-2.38949744204394
2007-08-29,0.02181,0.016652,0.018,0,-0.001348,1.63348918156996,0.00381,2.13955807157359
2007-08-30,-0.003806,-0.002,0.018,0,-0.02,-0.218198647261682,-0.021806,-0.399324505000592
2007-08-31,0.012311,0.011992,0.018,0,-0.006008,1.17406818937444,-0.005689,1.20558521055561
2007-09-04,0.011098,0.007997,0.017,0,-0.009003,0.779520790263436,-0.005902,1.08668835179078
2007-09-05,-0.010086,-0.007544,0.017,0,-0.024544,-0.774258544884585,-0.027086,-1.03071938653105
2007-09-06,0.004427,0.003919,0.017,0,-0.013081,0.374135517247566,-0.012573,0.424724410877857
2007-09-07,-0.016254,-0.012449,0.017,0,-0.029449,-1.26971235224638,-0.033254,-1.65575308841256
2007-09-10,-0.002888,-0.005694,0.017,0,-0.022694,-0.588025816989598,-0.019888,-0.30621638702326
2007-09-11,0.01352,0.009613,0.017,0,-0.007387,0.939710355696204,-0.00348,1.32594347600233
2007-09-12,0.000224,-0.001829,0.017,0,-0.018829,-0.200066021442115,-0.016776,0.00539893641083875
2007-09-13,0.007405,0.001725,0.017,0,-0.015275,0.155352834463638,-0.009595,0.72077320372474
2007-09-14,0.001263,0.002017,0.017,0,-0.014983,0.184498303497777,-0.015737,0.109221753479319
2007-09-17,-0.005818,-0.007233,0.017,0,-0.024233,-0.742927051894211,-0.022818,-0.600497604615244
2007-09-18,0.0293,0.023097,0.017,1,0.006097,2.26643160821349,0.0123,2.87089739987392
2007-09-19,0.005783,0.008323,0.017,0,-0.008677,0.811856927666291,-0.011217,0.559635709266777
2007-09-20,-0.0052,-0.004106,0.017,0,-0.021106,-0.428443831560447,-0.0222,-0.538355260452491
2007-09-21,0.004915,0.004305,0.017,0,-0.012695,0.412577444517984,-0.012085,0.473297526812793
2007-09-24,-0.004481,-0.004033,0.017,0,-0.021033,-0.421114002819116,-0.021481,-0.466105532516754
2007-09-25,-0.000427,-0.002151,0.017,0,-0.019151,-0.232330227491482,-0.017427,-0.0597076742097266
2007-09-26,0.005498,0.005437,0.017,0,-0.011563,0.525228732067524,-0.011502,0.531295561678497
2007-09-27,0.005353,0.006304,0.017,0,-0.010696,0.611422735537897,-0.011647,0.516873806884003
2007-09-28,-0.002677,-0.001747,0.017,0,-0.018747,-0.191851333575598,-0.019677,-0.285057512375833
2007-10-01,0.013738,0.012528,0.014,0,-0.001472,1.23101837362566,-0.000262,1.35044989385326
2007-10-02,0.000502,0.004636,0.014,0,-0.009364,0.448529664910072,-0.013498,0.0361883839238228
2007-10-03,-0.005159,-0.003673,0.014,0,-0.017673,-0.381975222844405,-0.019159,-0.531234378865348
2007-10-04,0.002717,0.003148,0.014,0,-0.010852,0.300306522138815,-0.011283,0.25733254267031
2007-10-05,0.011826,0.012567,0.014,0,-0.001433,1.2348700447823,-0.002174,1.16166291226469
2007-10-08,-0.003017,-0.002322,0.014,0,-0.016322,-0.246469022335908,-0.017017,-0.316155052004624
2007-10-09,0.008045,0.00593,0.014,0,-0.00807,0.577249655068791,-0.005955,0.787282130894247
2007-10-10,-0.000231,0.001137,0.014,0,-0.012863,0.0996363904127447,-0.014231,-0.037101688552408
2007-10-11,-0.005185,-0.007123,0.014,0,-0.021123,-0.728847987952445,-0.019185,-0.533847895975992
2007-10-12,0.005336,0.005084,0.014,0,-0.008916,0.493112990688852,-0.008664,0.518182379306135
2007-10-15,-0.008599,-0.008159,0.014,0,-0.022159,-0.833245700281721,-0.022599,-0.877617492248525
2007-10-16,-0.007017,-0.006437,0.014,0,-0.020437,-0.659779702248276,-0.021017,-0.718172512329725
2007-10-17,0.002869,0.001258,0.014,0,-0.012742,0.111721918008177,-0.011131,0.272490207341985
2007-10-18,0.00042,0.000244,0.014,0,-0.013756,0.0103980035926805,-0.01358,0.0279921623773653
2007-10-19,-0.024612,-0.020964,0.014,0,-0.034964,-2.13268551120751,-0.038612,-2.50599286278462
2007-10-22,0.003268,0.003986,0.014,0,-0.010014,0.383808674829373,-0.010732,0.312268149253339
2007-10-23,0.010255,0.007395,0.014,0,-0.006605,0.722780084439268,-0.003745,1.00627840332665
2007-10-24,-0.003247,-0.004904,0.014,0,-0.018904,-0.505605426652711,-0.017247,-0.339227314432578
2007-10-25,-0.001016,-0.00218,0.014,0,-0.01618,-0.232236985998143,-0.015016,-0.115650667877187
2007-10-26,0.013829,0.010342,0.014,0,-0.003658,1.01488971969046,-0.000171000000000001,1.35942616936584
2007-10-29,0.005389,0.002891,0.014,0,-0.011109,0.27468388953735,-0.008611,0.523454109653375
2007-10-30,-0.006906,-0.005815,0.014,0,-0.019815,-0.597196314384074,-0.020906,-0.706994697963457
2007-10-31,0.013209,0.009577,0.014,1,-0.004423,0.939144104487478,-0.000791,1.29825316527471
2007-11-01,-0.025911,-0.024208,0.016,0,-0.040208,-2.46658172366842,-0.041911,-2.6412590945458
2007-11-02,0.002055,-0.000543,0.016,0,-0.016543,-0.0703134679254582,-0.013945,0.189290417445579
2007-11-05,-0.006623,-0.009924,0.016,0,-0.025924,-1.01335583245862,-0.022623,-0.680501658681884
2007-11-06,0.012843,0.006423,0.016,0,-0.009577,0.624247323762024,-0.003157,1.26012408612376
2007-11-07,-0.026918,-0.022819,0.016,0,-0.038819,-2.32433702963493,-0.042918,-2.74469121116789
2007-11-08,-0.000583,-0.001304,0.016,0,-0.017304,-0.146483814920293,-0.016583,-0.0743157211945826
2007-11-09,-0.01507,-0.010198,0.016,0,-0.026198,-1.04103430575337,-0.03107,-1.53446935265682
2007-11-12,-0.01404,-0.011156,0.016,0,-0.027156,-1.13786820882225,-0.03004,-1.42994803550869
2007-11-13,0.027929,0.01838,0.016,0,0.00238,1.80531422179928,0.011929,2.73861112985721
2007-11-14,-0.005817,-0.004806,0.016,0,-0.020806,-0.49775731556681,-0.021817,-0.599397184433881
2007-11-15,-0.014115,-0.011769,0.016,0,-0.027769,-1.19987900959038,-0.030115,-1.43755512430483
2007-11-16,0.004613,-0.001541,0.016,0,-0.017541,-0.170217576307116,-0.011387,0.444240552253533
2007-11-19,-0.018721,-0.020161,0.016,0,-0.036161,-2.05269937295465,-0.034721,-1.90584433834716
2007-11-20,0.003985,-0.003563,0.016,0,-0.019563,-0.372934980366243,-0.012015,0.381709371752198
2007-11-21,-0.01529,-0.011355,0.016,0,-0.027355,-1.15799474309594,-0.03129,-1.55680846040391
2007-11-23,0.016355,0.015314,0.016,0,-0.000686000000000001,1.50379370564806,0.000355000000000001,1.60627103744781
2007-11-26,-0.020474,-0.017004,0.016,0,-0.033004,-1.73102152206066,-0.036474,-2.08464849960154
2007-11-27,0.012209,0.00392,0.016,0,-0.01208,0.375234961855046,-0.003791,1.19750840803604
2007-11-28,0.029438,0.024231,0.016,0,0.008231,2.37820999127692,0.013438,2.88530350614175
2007-11-29,-0.000341,-0.000116,0.016,0,-0.016116,-0.0275993929885513,-0.016341,-0.0501045355085824
2007-11-30,0.007119,0.007073,0.016,0,-0.008927,0.688811645973705,-0.008881,0.693379234367264
2007-12-03,-0.005535,-0.006762,0.014,0,-0.020762,-0.692495611179146,-0.019535,-0.569036507293809
2007-12-04,-0.007236,-0.007397,0.014,0,-0.021397,-0.75644836687738,-0.021236,-0.740229702987739
2007-12-05,0.014462,0.01081,0.014,0,-0.00319,1.06119994359881,0.000461999999999999,1.42184325059835
2007-12-06,0.015755,0.017065,0.014,0,0.003065,1.67810382941226,0.001755,1.54921881437497
2007-12-07,-0.000141,0.002161,0.014,0,-0.011839,0.201867819704256,-0.014141,-0.0281000142349076
2007-12-10,0.00779,0.005098,0.014,0,-0.008902,0.494505899390673,-0.00621,0.761982441052553
2007-12-11,-0.025459,-0.020291,0.014,1,-0.034291,-2.06396803889917,-0.039459,-2.59286782625981
2007-12-12,0.005626,0.002065,0.014,0,-0.011935,0.192288061725523,-0.008374,0.547024296956525
2007-12-13,-0.000812,-0.005607,0.014,0,-0.019607,-0.576276843208334,-0.014812,-0.0952320051485768
2007-12-14,-0.013346,-0.01294,0.014,0,-0.02694,-1.31644413236676,-0.027346,-1.35758484532988
2007-12-17,-0.015939,-0.017784,0.014,0,-0.031784,-1.8084025749276,-0.029939,-1.62073821822961
2007-12-18,0.006321,0.007539,0.014,0,-0.006461,0.737073356600555,-0.007679,0.616111606676309
2007-12-19,-0.000333,0.000404,0.014,0,-0.013596,0.0263928213058526,-0.014333,-0.0473045657726325
2007-12-20,0.006291,0.005823,0.014,0,-0.008177,0.566612166261676,-0.007709,0.613130406126753
2007-12-21,0.017148,0.015047,0.014,0,0.001047,1.47949266394925,0.003148,1.68626423346494
2007-12-24,0.009142,0.009033,0.014,0,-0.004967,0.885245628489683,-0.004858,0.896047466794685
2007-12-26,0.001502,0.003297,0.014,0,-0.010703,0.315158661148246,-0.012498,0.136088292532057
2007-12-27,-0.013572,-0.014284,0.014,0,-0.028284,-1.45269885240917,-0.027572,-1.38049316855095
2007-12-28,0.002034,-0.000411,0.014,0,-0.014411,-0.0551074684563884,-0.011966,0.189194402180513
2007-12-31,-0.006521,0.001264,0.014,0,-0.012736,0.11232116236105,-0.020521,-0.668234480763278
2008-01-02,-0.011928,-0.006625,0.01,0,-0.016625,-0.674703772212689,-0.021928,-1.20997043958924
2008-01-03,-0.000972,-0.004621,0.01,0,-0.014621,-0.473170482697587,-0.010972,-0.107246769866665
2008-01-04,-0.025749,-0.022412,0.01,0,-0.032412,-2.27669605995609,-0.035749,-2.61863033335909
2008-01-07,0.00016,-0.001908,0.01,0,-0.011908,-0.200981755098672,-0.00984,0.00599922010318612
2008-01-08,-0.01718,-0.014204,0.01,0,-0.024204,-1.44058373376032,-0.02718,-1.74292835221551
2008-01-09,0.009941,-0.000595,0.01,0,-0.010595,-0.0695172083079615,-5.9e-05,0.979191830497889
2008-01-10,0.008475,0.009753,0.01,0,-0.000247000000000001,0.960575148907215,-0.001525,0.833929381351027
2008-01-11,-0.013892,-0.011222,0.01,0,-0.021222,-1.13854367174995,-0.023892,-1.40893919096275
2008-01-14,0.010457,0.007754,0.01,0,-0.002246,0.762409724532978,0.000456999999999999,1.03027087643032
2008-01-15,-0.02471,-0.018198,0.01,0,-0.028198,-1.84656152858324,-0.03471,-2.51204113124746
2008-01-16,-0.006518,0.000295,0.01,0,-0.009705,0.0194961495722257,-0.016518,-0.663932992020311
2008-01-17,-0.027878,-0.021619,0.01,0,-0.031619,-2.19561092584113,-0.037878,-2.83739629950128
2008-01-18,-0.005722,-0.00754,0.01,0,-0.01754,-0.766856450028559,-0.015722,-0.583842836010624
2008-01-22,-0.009305,-0.01017,0.01,0,-0.02017,-1.03220627706335,-0.019305,-0.944855695273117
2008-01-23,0.019942,0.018525,0.01,0,0.008525,1.8255507283979,0.009942,1.96457679340012
2008-01-24,0.012527,0.010842,0.01,0,0.000841999999999999,1.06836519148771,0.002527,1.23491913093413
2008-01-25,-0.013059,-0.001415,0.01,0,-0.011415,-0.151599705821946,-0.023059,-1.32450134380413
2008-01-28,0.017216,0.013479,0.01,0,0.003479,1.32889714186461,0.007216,1.69694888951891
2008-01-29,0.006451,0.007751,0.01,0,-0.002249,0.762112032391306,-0.003549,0.633028635541272
2008-01-30,-0.005331,-0.00242,0.01,1,-0.01242,-0.252292793308696,-0.015331,-0.544525548517605
2008-01-31,0.014999,0.015313,0.01,0,0.005313,1.5096944340046,0.004999,1.47876322712571
2008-02-01,0.016028,0.015707,0.007,0,0.008707,1.55149241882152,0.009028,1.58309102815502
2008-02-04,-0.00905,-0.002963,0.007,0,-0.009963,-0.303739592501956,-0.01605,-0.916119756189467
2008-02-05,-0.030807,-0.02122,0.007,0,-0.02822,-2.15183783559851,-0.037807,-3.13615100674691
2008-02-06,-0.008027,-0.007274,0.007,0,-0.014274,-0.737058208382977,-0.015027,-0.812938735972353
2008-02-07,0.007751,0.005353,0.007,0,-0.001647,0.526872607036316,0.000751,0.765111777413204
2008-02-08,-0.002049,-0.002709,0.007,0,-0.009709,-0.278267353093658,-0.009049,-0.212109962253609
2008-02-11,0.005794,0.002819,0.007,0,-0.004181,0.274503652093986,-0.001206,0.570728178714385
2008-02-12,0.006212,0.003876,0.007,0,-0.003124,0.379851011583641,-0.000788,0.61227875122896
2008-02-13,0.014452,0.013222,0.007,0,0.006222,1.30653547428766,0.007452,1.42785676665204
2008-02-14,-0.013291,-0.013866,0.007,0,-0.020866,-1.40330285266259,-0.020291,-1.34501133972602
2008-02-15,-5e-04,-0.004163,0.007,0,-0.011163,-0.424168695900534,-0.0075,-0.0570122591796625
2008-02-19,0.000511,0.002458,0.007,0,-0.004542,0.238498650899649,-0.006489,0.0440871933846244
2008-02-20,0.008955,0.005166,0.007,0,-0.001834,0.508270445053341,0.001955,0.884514421432228
2008-02-21,-0.0119,-0.009749,0.007,0,-0.016749,-0.986683018473676,-0.0189,-1.20413693313343
2008-02-22,0.006765,0.000251,0.007,0,-0.006749,0.0180970954655764,-0.000235,0.667222251717201
2008-02-25,0.015137,0.013199,0.007,0,0.006199,1.30426546228117,0.008137,1.49535812047389
2008-02-26,0.008213,0.009594,0.007,0,0.002594,0.947827228933589,0.001213,0.810945930015926
2008-02-27,-0.000825,-6.7e-05,0.007,0,-0.007067,-0.0136999794714587,-0.007825,-0.0895338049902091
2008-02-28,-0.00774,-0.008812,0.007,0,-0.015812,-0.892105282813367,-0.01474,-0.784010681454419
2008-02-29,-0.026226,-0.020096,0.007,0,-0.027096,-2.03706688496214,-0.033226,-2.66460326677133
2008-03-03,-0.000487,-0.005265,0.009,0,-0.014265,-0.536890490465328,-0.009487,-0.0577114573257486
2008-03-04,-0.004685,-0.006716,0.009,0,-0.015716,-0.682864976388841,-0.013685,-0.478600496101133
2008-03-05,0.006881,0.003179,0.009,0,-0.005821,0.308396171282354,-0.002119,0.676743801276119
2008-03-06,-0.022068,-0.021539,0.009,0,-0.030539,-2.18643458144205,-0.031068,-2.24051369672128
2008-03-07,-0.008769,-0.00756,0.009,0,-0.01656,-0.76787175989188,-0.017769,-0.889766988455371
2008-03-10,-0.018334,-0.020982,0.009,0,-0.029982,-2.12952464626183,-0.027334,-1.8594146632181
2008-03-11,0.035832,0.0269,0.009,0,0.0179,2.64545592718693,0.026832,3.51149725751811
2008-03-12,-0.007036,-0.004254,0.009,0,-0.013254,-0.435306995125326,-0.016036,-0.715086532082652
2008-03-13,0.00737,0.007628,0.009,0,-0.001372,0.750905796505478,-0.00163,0.725297830501551
2008-03-14,-0.020003,-0.018169,0.009,0,-0.027169,-1.8426079148107,-0.029003,-2.02957644969378
2008-03-17,-0.015,-0.02121,0.009,0,-0.03021,-2.15281600077982,-0.024,-1.52036337602912
2008-03-18,0.039786,0.028518,0.009,1,0.019518,2.80289352228495,0.030786,3.89249267988763
2008-03-19,-0.026004,-0.016874,0.009,0,-0.025874,-1.71079839557015,-0.035004,-2.64380780744585
2008-03-20,0.021382,0.014679,0.009,0,0.005679,1.44823103663473,0.012382,2.10666162553091
2008-03-24,0.017601,0.021765,0.009,0,0.012765,2.14415280991325,0.008601,1.73579003573973
2008-03-25,0.005643,0.010876,0.009,0,0.001876,1.07272857251102,-0.003357,0.553714197042232
2008-03-26,-0.006465,-0.002663,0.009,0,-0.011663,-0.275654804229183,-0.015465,-0.657598457260998
2008-03-27,-0.010248,-0.004771,0.009,0,-0.013771,-0.487241350064021,-0.019248,-1.03908682358806
2008-03-28,-0.008021,-0.0073,0.009,0,-0.0163,-0.741677133670387,-0.017021,-0.814333722641991
2008-03-31,0.005375,0.005383,0.009,0,-0.003617,0.527856749008378,-0.003625,0.527061029185302
2008-04-01,0.032292,0.020795,0.008,0,0.012795,2.05017386770996,0.024292,3.17015759740387
2008-04-02,0.000312,0.003293,0.008,0,-0.004707,0.32075931489409,-0.007688,0.0231954537950751
2008-04-03,0.002648,0.001609,0.008,0,-0.006391,0.15277101461591,-0.005352,0.256450342473756
2008-04-04,0.001953,0.002816,0.008,0,-0.005184,0.273204569963552,-0.006047,0.187109857474803
2008-04-07,0.001668,0.001783,0.008,0,-0.006217,0.170141554224485,-0.006332,0.158661363281327
2008-04-08,-0.003153,-0.002597,0.008,0,-0.010597,-0.268037485447615,-0.011153,-0.323797797786191
2008-04-09,-0.009038,-0.011526,0.008,0,-0.019526,-1.16729359960551,-0.017038,-0.915908729346567
2008-04-10,0.00563,0.005079,0.008,0,-0.002921,0.498614858667696,-0.00237,0.553421398429765
2008-04-11,-0.019662,-0.015665,0.008,0,-0.023665,-1.58689895145655,-0.027662,-1.99378656221354
2008-04-14,-0.002561,-0.004505,0.008,0,-0.012505,-0.459517489237772,-0.010561,-0.264428177040844
2008-04-15,0.005081,0.002081,0.008,0,-0.005919,0.199884091861451,-0.002919,0.498813847802889
2008-04-16,0.024173,0.017676,0.008,0,0.009676,1.74415995493155,0.016173,2.38054608599932
2008-04-17,-0.001138,-0.001884,0.008,0,-0.009884,-0.196577376038344,-0.009138,-0.121864481384368
2008-04-18,0.016711,0.012488,0.008,0,0.004488,1.23306712763009,0.008711,1.64929107576787
2008-04-21,-0.000599,-0.001641,0.008,0,-0.009641,-0.172234471549185,-0.008599,-0.0679176272343456
2008-04-22,-0.009266,-0.013012,0.008,0,-0.021012,-1.31773944774471,-0.017266,-0.938919322394747
2008-04-23,0.001061,0.002022,0.008,0,-0.005978,0.193996170929538,-0.006939,0.0980440737142794
2008-04-24,0.005218,0.008061,0.008,0,6.10000000000003e-05,0.794868689101052,-0.002782,0.512443661100522
2008-04-25,0.006955,0.005733,0.008,0,-0.002267,0.563663209588669,-0.001045,0.685092874808009
2008-04-28,0.000249,0.003724,0.008,0,-0.004276,0.363708627891971,-0.007751,0.0168972204474466
2008-04-29,-0.005595,-0.004781,0.008,0,-0.012781,-0.487246233976436,-0.013595,-0.569070744076447
2008-04-30,-0.001667,0.001688,0.008,1,-0.006312,0.160658012903328,-0.009667,-0.174838779073978
2008-05-01,0.014671,0.011086,0.008,0,0.003086,1.09450039131813,0.006671,1.44844252184917
2008-05-02,0.003265,0.000286,0.008,0,-0.007714,0.0205962309625557,-0.004735,0.317968466087146
2008-05-05,-0.002679,-0.001201,0.008,0,-0.009201,-0.128171857863249,-0.010679,-0.276259174267341
2008-05-06,0.008464,0.006321,0.008,0,-0.001679,0.622110946750701,0.000463999999999999,0.834838439574287
2008-05-07,-0.015863,-0.011447,0.008,0,-0.019447,-1.159301801816,-0.023863,-1.60701607790465
2008-05-08,0.004569,0.001916,0.008,0,-0.006084,0.183417001304644,-0.003431,0.447859700456072
2008-05-09,-0.004566,-0.000503,0.008,0,-0.008503,-0.0583123347107842,-0.012566,-0.465645281843042
2008-05-12,0.011032,0.010825,0.008,0,0.002825,1.06868323107224,0.003032,1.08915945671265
2008-05-13,0.000796,0.002728,0.008,0,-0.005272,0.264428896125783,-0.007204,0.0715686559848485
2008-05-14,0.003068,0.001948,0.008,0,-0.006052,0.18661083082628,-0.004932,0.298330649171101
2008-05-15,0.011114,0.008016,0.008,0,1.60000000000004e-05,0.790404573890425,0.003114,1.09726965251898
2008-05-16,0.002361,0.00098,0.008,0,-0.00702,0.0899523313329599,-0.005639,0.227822041856635
2008-05-19,-0.000217,-0.000478,0.008,0,-0.008478,-0.055811107858883,-0.008217,-0.0297020348077315
2008-05-20,-0.00597,-0.0033,0.008,0,-0.0113,-0.338545380889717,-0.01397,-0.606788849465438
2008-05-21,-0.015429,-0.009024,0.008,0,-0.017024,-0.914495970723418,-0.023429,-1.56292624771851
2008-05-22,0.002919,0.003333,0.008,0,-0.004667,0.32474610665352,-0.005081,0.283475119172749
2008-05-23,-0.011576,-0.007273,0.008,0,-0.015273,-0.737957400709468,-0.019576,-1.17235202953065
2008-05-27,0.004965,0.006292,0.008,0,-0.001708,0.619229120984693,-0.003035,0.487271823378694
2008-05-28,0.005767,0.003529,0.008,0,-0.004471,0.344279089053225,-0.002233,0.567043771358814
2008-05-29,0.004473,0.005327,0.008,0,-0.002673,0.523286492283787,-0.003527,0.438302906713277
2008-05-30,0.003238,0.004945,0.008,0,-0.003055,0.485281684516689,-0.004762,0.315277216684416
2008-06-02,-0.009021,-0.008355,0.008,0,-0.016355,-0.847009544887025,-0.017021,-0.914193239329415
2008-06-03,-0.00481,-0.00174,0.008,0,-0.00974,-0.182151235847344,-0.01281,-0.490160207938778
2008-06-04,-0.000829,0.001567,0.008,0,-0.006433,0.148577673640763,-0.008829,-0.0909340610696406
2008-06-05,0.02031,0.014637,0.008,0,0.006637,1.44509162587841,0.01231,2.0026505889832
2008-06-06,-0.02678,-0.019765,0.008,0,-0.027765,-2.00429369457686,-0.03478,-2.7225114323726
2008-06-09,-0.000556,-0.007805,0.008,0,-0.015805,-0.791561523464795,-0.008556,-0.0636151425487764
2008-06-10,-0.004885,-0.005141,0.008,0,-0.013141,-0.523425720803271,-0.012885,-0.497696741287737
2008-06-11,-0.015271,-0.015295,0.008,0,-0.023295,-1.54931718528066,-0.023271,-1.5468799368122
2008-06-12,0.001507,0.001276,0.008,0,-0.006724,0.119518980368481,-0.006493,0.142586881486509
2008-06-13,0.0148,0.012333,0.008,0,0.004333,1.2177571322969,0.0068,1.46115519428191
2008-06-16,0.003243,0.005457,0.008,0,-0.002543,0.536216772232416,-0.004757,0.315775601667878
2008-06-17,-0.004028,-0.004502,0.008,0,-0.012502,-0.459216132075793,-0.012028,-0.411613104267099
2008-06-18,-0.008326,-0.008331,0.008,0,-0.016331,-0.844589353227896,-0.016326,-0.844085154004664
2008-06-19,0.002436,0.002841,0.008,0,-0.005159,0.275697518658299,-0.005564,0.235304096152904
2008-06-20,-0.017501,-0.013768,0.008,0,-0.021768,-1.39436547393447,-0.025501,-1.77359498511142
2008-06-23,-0.000853,-0.009223,0.008,0,-0.017223,-0.93457920013383,-0.008853,-0.0933360811686593
2008-06-24,-0.006266,-0.010129,0.008,0,-0.018129,-1.02606441741525,-0.014266,-0.636571057231339
2008-06-25,0.006217,0.007405,0.008,1,-0.000595,0.72977207887142,-0.001783,0.611775738164073
2008-06-26,-0.02629,-0.019168,0.008,0,-0.027168,-1.94340847051849,-0.03429,-2.67217577466063
2008-06-27,-0.002558,-0.005895,0.008,0,-0.013895,-0.599244090177405,-0.010558,-0.264127407220488
2008-06-30,-0.001058,-0.005961,0.008,0,-0.013961,-0.605883448294749,-0.009058,-0.113855687724654
2008-07-01,0.001902,-0.006287,0.007,0,-0.013287,-0.637684396126658,-0.005098,0.183019593817981
2008-07-02,-0.021051,-0.018249,0.007,0,-0.025249,-1.84875644853973,-0.028051,-2.13457293321214
2008-07-03,-0.002415,-0.006116,0.007,0,-0.013116,-0.620477688688289,-0.009415,-0.248791836607563
2008-07-07,-0.008619,-0.011868,0.007,0,-0.018868,-1.2008984469635,-0.015619,-0.872635594685522
2008-07-08,0.017116,0.018612,0.007,0,0.011612,1.83709187245707,0.010116,1.69011739754699
2008-07-09,-0.019457,-0.014284,0.007,0,-0.021284,-1.44569958732914,-0.026457,-1.97187766815299
2008-07-10,0.007589,0.002149,0.007,0,-0.004851,0.207669665223419,0.000589,0.749035085604485
2008-07-11,-0.008334,-0.003009,0.007,0,-0.010009,-0.308353369240112,-0.015334,-0.843891948976447
2008-07-14,-0.008309,-0.012589,0.007,0,-0.019589,-1.27389104008974,-0.015309,-0.841370970655215
2008-07-15,-0.011503,-0.009135,0.007,0,-0.016135,-0.924697751618114,-0.018503,-1.16396688275508
2008-07-16,0.024191,0.02676,0.007,0,0.01976,2.63382157261872,0.017191,2.38330351113682
2008-07-17,0.009713,0.01664,0.007,0,0.00964,1.64330745489,0.002713,0.959613450655967
2008-07-18,0.000329,0.000862,0.007,0,-0.006138,0.0791631141249048,-0.006671,0.0258948341253174
2008-07-21,0.003942,0.00693,0.007,0,-6.99999999999997e-05,0.683610036398522,-0.003058,0.386425312643176
2008-07-22,0.011246,0.015484,0.007,0,0.008484,1.52953485787369,0.004246,1.1113236332009
2008-07-23,0.001858,0.006664,0.007,0,-0.000336,0.657189615842311,-0.005142,0.178627850295097
2008-07-24,-0.024439,-0.018581,0.007,0,-0.025581,-1.88257929660332,-0.031439,-2.48125863892777
2008-07-25,0.005608,0.006514,0.007,0,-0.000486,0.642287803853746,-0.001392,0.552233616162476
2008-07-28,-0.016602,-0.013835,0.007,0,-0.020835,-1.40015931306717,-0.023602,-1.68113553169035
2008-07-29,0.021381,0.017043,0.007,0,0.010043,1.68293998417554,0.014381,2.10856355893395
2008-07-30,0.016603,0.006673,0.007,0,-0.000327,0.658083653949201,0.009603,1.63966794893777
2008-07-31,-0.01176,-0.002587,0.007,0,-0.009587,-0.266034961706051,-0.01876,-1.18996933036931
2008-08-01,-0.005152,-0.00045,0.006,0,-0.00645,-0.0510099480457252,-0.011152,-0.522531551229244
2008-08-04,-0.013357,-0.012174,0.006,0,-0.018174,-1.2308708304444,-0.019357,-1.35070053063795
2008-08-05,0.024693,0.013451,0.006,1,0.007451,1.33013402297793,0.018693,2.43330573324419
2008-08-06,0.005708,0.006656,0.006,0,0.000656,0.657394843596823,-0.000292,0.56317728950344
2008-08-07,-0.016846,-0.01241,0.006,0,-0.01841,-1.2547645319354,-0.022846,-1.70495060297653
2008-08-08,0.019376,0.016153,0.006,0,0.010153,1.59639301697804,0.013376,1.91306771858438
2008-08-11,0.006778,0.01099,0.006,0,0.00499,1.08700505925093,0.000778,0.669513442979699
2008-08-12,-0.009663,-0.00546,0.006,0,-0.01146,-0.55349584803418,-0.015663,-0.976998793748002
2008-08-13,-8.1e-05,0.002866,0.006,0,-0.003134,0.280190265216528,-0.006081,-0.0141001480749155
2008-08-14,0.005169,0.006706,0.006,0,0.000706,0.662361660295487,-0.000831,0.509568837777308
2008-08-15,0.001455,-0.000752,0.006,0,-0.006752,-0.0812281093904996,-0.004545,0.139394431306598
2008-08-18,-0.013482,-0.009879,0.006,0,-0.015879,-0.998811929987848,-0.019482,-1.36337055606084
2008-08-19,-0.008916,-0.011795,0.006,0,-0.017795,-1.19251110788464,-0.014916,-0.901598357859765
2008-08-20,0.006839,0.002621,0.006,0,-0.003379,0.255757296943105,0.000839,0.675572191988936
2008-08-21,0.0032,-0.002453,0.006,0,-0.008453,-0.251601173371272,-0.0028,0.31348926964472
2008-08-22,0.009622,0.009743,0.006,0,0.003743,0.963584482827181,0.003622,0.951600517556434
2008-08-25,-0.018625,-0.015131,0.006,0,-0.021131,-1.53066397785871,-0.024625,-1.88606276637894
2008-08-26,0.003569,0.002991,0.006,0,-0.003009,0.292653765871043,-0.002431,0.35026480326705
2008-08-27,0.009592,0.008214,0.006,0,0.002214,0.812045050361359,0.003592,0.948629064307575
2008-08-28,0.014383,0.013451,0.006,0,0.007451,1.33013402297793,0.008383,1.42205476852454
2008-08-29,-0.011747,-0.003391,0.006,0,-0.009391,-0.345676067128648,-0.017747,-1.18765393409097
2008-09-02,-0.006929,-0.003298,0.007,0,-0.010298,-0.337344793900199,-0.013929,-0.702311453959328
2008-09-03,-0.002954,-0.00028,0.007,0,-0.00728,-0.0350036757433198,-0.009954,-0.302836921951125
2008-09-04,-0.028943,-0.02132,0.007,0,-0.02832,-2.16205515805588,-0.035943,-2.9440107595151
2008-09-05,0.003888,-0.00022,0.007,0,-0.00722,-0.0290021753664246,-0.003112,0.381046371197634
2008-09-08,0.014845,0.007518,0.007,0,0.000518,0.741988313395428,0.007845,1.4665893922769
2008-09-09,-0.035051,-0.028945,0.007,0,-0.035945,-2.94421672086028,-0.042051,-3.57500263307949
2008-09-10,0.008601,0.003545,0.007,0,-0.003455,0.346873374804933,0.001601,0.84942245832114
2008-09-11,0.011118,-0.002915,0.007,0,-0.009915,-0.298925443717752,0.004118,1.09866518000742
2008-09-12,0.005236,0.004743,0.007,0,-0.002257,0.466178986559926,-0.001764,0.515234226429234
2008-09-15,-0.045845,-0.039403,0.007,0,-0.046403,-4.0270310354499,-0.052845,-4.69991444868531
2008-09-16,0.015397,0.003389,0.007,1,-0.003611,0.331327273108097,0.008397,1.52096714759886
2008-09-17,-0.045709,-0.041094,0.007,0,-0.048094,-4.20322252225183,-0.052709,-4.68566201500574
2008-09-18,0.044268,0.041764,0.007,0,0.034764,4.08454326048959,0.037268,4.32461639480896
2008-09-19,0.046003,0.04957,0.007,0,0.04257,4.83105589320178,0.039003,4.49062361573376
2008-09-22,-0.036985,-0.026902,0.007,0,-0.033902,-2.73404799936466,-0.043985,-3.7756288531448
2008-09-23,-0.015608,-0.012723,0.007,0,-0.019723,-1.2874628043589,-0.022608,-1.58010848261056
2008-09-24,-0.003315,-0.009435,0.007,0,-0.016435,-0.954978912425447,-0.010315,-0.339050433597901
2008-09-25,0.016556,0.008601,0.007,0,0.001601,0.84942245832114,0.009556,1.6350446017221
2008-09-26,-0.001893,-0.008458,0.007,0,-0.015458,-0.856396940904837,-0.008893,-0.196479153898579
2008-09-29,-0.082873,-0.060909,0.007,0,-0.067909,-6.29128904115213,-0.089873,-8.65793187726529
2008-09-30,0.046871,0.027596,0.007,0,0.020596,2.71520961307006,0.039871,4.57357175783579
2008-10-01,-0.005746,-0.00471,0.004,0,-0.00871,-0.476112620255732,-0.009746,-0.580257096943632
2008-10-02,-0.045695,-0.039001,0.004,0,-0.043001,-3.98219097951336,-0.049695,-4.68119513301528
2008-10-03,-0.014349,-0.017085,0.004,0,-0.021085,-1.7272631763564,-0.018349,-1.4492941611766
2008-10-06,-0.042487,-0.05969,0.004,0,-0.06369,-6.15856700519232,-0.046487,-4.34559801960256
2008-10-07,-0.058259,-0.047187,0.004,0,-0.051187,-4.8376616237505,-0.062259,-6.00649883320736
2008-10-08,-0.011607,-0.027347,0.004,0,-0.031347,-2.77678885859204,-0.015607,-1.17148862457564
2008-10-09,-0.073284,-0.063965,0.004,0,-0.067965,-6.614240924128,-0.077284,-7.6148124172574
2008-10-10,-0.011958,-0.005864,0.004,0,-0.009864,-0.592125995916019,-0.015958,-1.20700712163627
2008-10-13,0.115211,0.107396,0.004,0,0.103396,10.197131413589,0.111211,10.9003625477033
2008-10-14,-0.008919,-0.00149,0.004,0,-0.00549,-0.153111035390468,-0.012919,-0.899901157175896
2008-10-15,-0.090009,-0.07038,0.004,0,-0.07438,-7.30193776859996,-0.094009,-9.43605688300602
2008-10-16,0.039806,0.029639,0.004,0,0.025639,2.91682561702541,0.035806,3.89941580912588
2008-10-17,-0.002274,0.001968,0.004,0,-0.002032,0.192606682493823,-0.006274,-0.231658866439413
2008-10-20,0.04657,0.035402,0.004,0,0.031402,3.47497579044067,0.04257,4.54781510989914
2008-10-21,-0.031452,-0.020321,0.004,0,-0.024321,-2.05703111945016,-0.035452,-3.19972353861444
2008-10-22,-0.059227,-0.048278,0.004,0,-0.052278,-4.95223028427257,-0.063227,-6.10934004292113
2008-10-23,0.00086,-0.021079,0.004,0,-0.025079,-2.13443334939439,-0.00314,0.0819631211860676
2008-10-24,-0.033297,-0.031161,0.004,0,-0.035161,-3.16968307667386,-0.037297,-3.39039653751499
2008-10-27,-0.037059,-0.035287,0.004,0,-0.039287,-3.59646304045219,-0.041059,-3.78031351352754
2008-10-28,0.095507,0.049279,0.004,0,0.045279,4.80632624392092,0.091507,9.11772706093061
2008-10-29,0.001489,0.021531,0.004,1,0.017531,2.12624831431863,-0.002511,0.144789333868228
2008-10-30,0.031836,0.035884,0.004,0,0.031884,3.52151692562919,0.027836,3.12997405023841
2008-10-31,0.01829,0.034933,0.004,0,0.030933,3.4296691122439,0.01429,1.80847506585255
2008-11-03,-0.000663,0.008858,0.001,0,0.007858,0.880899811819215,-0.001663,-0.0673219831693413
2008-11-04,0.038929,0.02566,0.001,0,0.02466,2.53263078631667,0.037929,3.8180374894712
2008-11-05,-0.050746,-0.037174,0.001,0,-0.038174,-3.78925688178332,-0.051746,-5.20888659760621
2008-11-06,-0.04929,-0.037519,0.001,0,-0.038519,-3.82509532247798,-0.05029,-5.05562050572046
2008-11-07,0.02631,0.013672,0.001,0,0.012672,1.35693814904384,0.02531,2.59598454117087
2008-11-10,-0.013459,-0.020002,0.001,0,-0.021002,-2.02147480859288,-0.014459,-1.3560393258599
2008-11-11,-0.024361,-0.028597,0.001,0,-0.029597,-2.90238606991346,-0.025361,-2.46726379896132
2008-11-12,-0.053964,-0.055624,0.001,0,-0.056624,-5.72408870043042,-0.054964,-5.54846556360435
2008-11-13,0.068314,0.049397,0.001,0,0.048397,4.8205713539944,0.067314,6.60717048669067
2008-11-14,-0.043747,-0.041479,0.001,0,-0.042479,-4.23738074532651,-0.044747,-4.4742756541411
2008-11-17,-0.024267,-0.022585,0.001,0,-0.023585,-2.28539473752932,-0.025267,-2.45762955187027
2008-11-18,0.005908,-0.010735,0.001,0,-0.011735,-1.08030357792864,0.004908,0.588061625337622
2008-11-19,-0.064464,-0.066786,0.001,0,-0.067786,-6.91307367542302,-0.065464,-6.66456518632736
2008-11-20,-0.07089,-0.068853,0.001,0,-0.069853,-7.13481193822902,-0.07189,-7.35381402387132
2008-11-21,0.061559,0.033657,0.001,0,0.032657,3.30929996344804,0.060559,5.97285823905421
2008-11-24,0.066907,0.064298,0.001,0,0.063298,6.23054269436885,0.065907,6.47538083085216
2008-11-25,0.009627,0.016036,0.001,0,0.015036,1.58987816494195,0.008627,0.957095576187587
2008-11-26,0.038718,0.054979,0.001,0,0.053979,5.3510861566648,0.037718,3.7977260505477
2008-11-28,0.010342,0.021576,0.001,0,0.020576,2.13365329495485,0.009342,1.02788874478188
2008-12-01,-0.089972,-0.080322,0,0,-0.080322,-8.37316702033465,-0.089972,-9.42799107138352
2008-12-02,0.037888,0.036792,0,0,0.036792,3.61313305367216,0.037888,3.71878791147721
2008-12-03,0.024325,0.014956,0,0,0.014956,1.48452618004283,0.024325,2.40338590745455
2008-12-04,-0.030367,-0.022338,0,0,-0.022338,-2.25912719538775,-0.030367,-3.08376295927874
2008-12-05,0.036541,0.026943,0,0,0.026943,2.65864279455934,0.036541,3.58892083101172
2008-12-08,0.040647,0.038076,0,0,0.038076,3.73689997898069,0.040647,3.9842635104342
2008-12-09,-0.022662,-0.015288,0,0,-0.015288,-1.54060663499082,-0.022662,-2.29227297574237
2008-12-10,0.015,0.02264,0,0,0.02264,2.23875188776292,0.015,1.48886124937507
2008-12-11,-0.030256,-0.027792,0,0,-0.027792,-2.81855056451235,-0.030256,-3.07231598428407
2008-12-12,0.010515,0.019312,0,0,0.019312,1.91278899081761,0.010515,1.04601018879316
2008-12-15,-0.014099,-0.021025,0,0,-0.021025,-2.12491730391739,-0.014099,-1.41993351000025
2008-12-16,0.053118,0.04772,0,1,0.04772,4.66163746285795,0.053118,5.17552876522259
2008-12-17,-0.004916,0.011633,0,0,0.011633,1.15658568711616,-0.004916,-0.492812327633735
2008-12-18,-0.020603,-0.011397,0,0,-0.011397,-1.14624435195066,-0.020603,-2.08182028184684
2008-12-19,0.004144,0.003765,0,0,0.003765,0.375793012732396,0.004144,0.413543727979052
2008-12-22,-0.019362,-0.012092,0,0,-0.012092,-1.21657029788712,-0.019362,-1.95518987312135
2008-12-23,-0.007592,-0.008336,0,0,-0.008336,-0.837093874976243,-0.007592,-0.762096593136424
2008-12-24,0.004468,0.005251,0,0,0.005251,0.523726157217011,0.004468,0.445804812032129
2008-12-26,0.00718,0.011642,0,0,0.011642,1.15747533385228,0.00718,0.715434652145854
2008-12-29,-0.004437,-0.016504,0,0,-0.016504,-1.6641708268564,-0.004437,-0.444687269876655
2008-12-30,0.024984,0.021697,0,0,0.021697,2.14649703282639,0.024984,2.46770027124404
2008-12-31,0.017533,0.036732,0,0,0.036732,3.60734580452368,0.017533,1.73810702411255
2009-01-02,0.030921,0.040595,0,0,0.040595,3.97926649422841,0.030921,3.045257746273
2009-01-05,-0.000582,0.018529,0,0,0.018529,1.83594295243364,-0.000582,-0.0582169427741153
2009-01-06,0.011341,0.036268,0,0,0.036268,3.56257976421989,0.011341,1.12771729809803
2009-01-07,-0.030617,-0.022493,0,0,-0.022493,-2.27498260229373,-0.030617,-3.10954923452198
2009-01-08,0.006323,0.013011,0,0,0.013011,1.29270840427327,0.006323,0.630309370311085
2009-01-09,-0.022513,-0.019232,0,0,-0.019232,-1.94193407598498,-0.022513,-2.27702864437884
2009-01-12,-0.025611,-0.026985,0,0,-0.026985,-2.73557806765232,-0.025611,-2.59446710885837
2009-01-13,0.003632,0.004151,0,0,0.004151,0.41424083672055,0.003632,0.362542021503993
2009-01-14,-0.035437,-0.036144,0,0,-0.036144,-3.68133731228963,-0.035437,-3.6080129951494
2009-01-15,0.00464,0.005937,0,0,0.005937,0.591944546209381,0.00464,0.462926838366224
2009-01-16,0.008421,0.008833,0,0,0.008833,0.879421726677019,0.008421,0.838574118420586
2009-01-20,-0.055697,-0.052712,0,0,-0.052712,-5.41521137624303,-0.055697,-5.73081897616844
2009-01-21,0.04365,0.037588,0,0,0.037588,3.68987888028733,0.04365,4.27241842097783
2009-01-22,-0.018307,-0.023243,0,0,-0.023243,-2.3517378448629,-0.018307,-1.84766467970125
2009-01-23,0.006809,0.003415,0,0,0.003415,0.340918212909021,0.006809,0.678592345241845
2009-01-26,0.006098,0.010161,0,0,0.010161,1.01097240899852,0.006098,0.607948243992334
2009-01-27,0.011381,0.010256,0,0,0.010256,1.02037640827887,0.011381,1.13167236458815
2009-01-28,0.034108,0.031306,0,1,0.031306,3.08259602227005,0.034108,3.35392193745939
2009-01-29,-0.033092,-0.029649,0,0,-0.029649,-3.0097417268579,-0.033092,-3.36519276619343
2009-01-30,-0.021112,-0.012631,0,0,-0.012631,-1.27114492345892,-0.021112,-2.13380454475674
2009-02-02,-0.000907,0.002191,0.001,0,0.001191,0.217860330969988,-0.001907,-0.0917411523383858
2009-02-03,0.014467,0.008743,0.001,0,0.007743,0.869500134665552,0.013467,1.43533514655909
2009-02-04,-0.004527,-0.004332,0.001,0,-0.005332,-0.435141024877681,-0.005527,-0.454727784491733
2009-02-05,0.015693,0.012216,0.001,0,0.011216,1.21319868756451,0.014693,1.556113819081
2009-02-06,0.028132,0.027268,0.001,0,0.026268,2.68928511894243,0.027132,2.77335635090598
2009-02-09,0.001316,0.000564,0.001,0,-0.000436,0.055384106177643,0.000316,0.130513488095812
2009-02-10,-0.046436,-0.035445,0.001,0,-0.036445,-3.6098423847225,-0.047436,-4.75587350115169
2009-02-11,0.007304,0.004808,0.001,0,0.003808,0.47864785335415,0.006304,0.726745502022881
2009-02-12,0.00268,-0.000748,0.001,0,-0.001748,-0.0758279841581639,0.00168,0.266641525340787
2009-02-13,-0.008882,-0.002174,0.001,0,-0.003174,-0.218636651856916,-0.009882,-0.893168004581178
2009-02-17,-0.045699,-0.042583,0.001,0,-0.043583,-4.35262457077248,-0.046699,-4.67861436209736
2009-02-18,-0.003816,-0.012288,0.001,0,-0.013288,-1.23741216537711,-0.004816,-0.383329945385543
2009-02-19,-0.011306,-0.016227,0.001,0,-0.017227,-1.63700995500694,-0.012306,-1.13803986223603
2009-02-20,-0.011933,-0.021243,0.001,0,-0.022243,-2.1481879673134,-0.012933,-1.20147697183368
2009-02-23,-0.036618,-0.031615,0.001,0,-0.032615,-3.21355434553593,-0.037618,-3.73152687386706
2009-02-24,0.040886,0.039176,0.001,0,0.038176,3.84180914693443,0.039886,4.00622735997089
2009-02-25,-0.010706,-0.016678,0.001,0,-0.017678,-1.68286437565286,-0.011706,-1.07737215157218
2009-02-26,-0.012264,-0.006909,0.001,0,-0.007909,-0.694297759535662,-0.013264,-1.2349823368014
2009-02-27,-0.019372,-0.010431,0.001,0,-0.011431,-1.04957841327192,-0.020372,-1.95720961760974
2009-03-02,-0.050246,-0.057481,0.001,0,-0.058481,-5.92092006619709,-0.051246,-5.15622752386306
2009-03-03,-0.006456,-0.015642,0.001,0,-0.016642,-1.57756269085348,-0.007456,-0.64869300497821
2009-03-04,0.026056,0.030539,0.001,0,0.029539,3.00719663882137,0.025056,2.57123262057807
2009-03-05,-0.042472,-0.051229,0.001,0,-0.052229,-5.25978160799079,-0.043472,-4.34103154850559
2009-03-06,0.001599,-0.002121,0.001,0,-0.003121,-0.213325245610756,0.000599,0.158772301064238
2009-03-09,-0.011338,-0.017277,0.001,0,-0.018277,-1.74379889327927,-0.012338,-1.14127650753438
2009-03-10,0.064414,0.064895,0.001,0,0.063895,6.2866202801626,0.063414,6.24144130349162
2009-03-11,0.004082,0.005457,0.001,0,0.004457,0.543216457249449,0.003082,0.40636912912271
2009-03-12,0.04241,0.05423,0.001,0,0.05323,5.28006426822381,0.04141,4.15253400788376
2009-03-13,0.006048,0.009978,0.001,0,0.008978,0.991854848771484,0.005048,0.601978430697775
2009-03-16,-0.004954,0.001339,0.001,0,0.000339,0.132810438893729,-0.005954,-0.497631168639267
2009-03-17,0.031437,0.032063,0.001,0,0.031063,3.15497117577361,0.030437,3.0942975611185
2009-03-18,0.022331,0.035185,0.001,1,0.034185,3.45701547558862,0.021331,2.20753141507869
2009-03-19,-0.008158,0.008641,0.001,0,0.007641,0.859388029078622,-0.009158,-0.820145852629434
2009-03-20,-0.02043,-0.014095,0.001,0,-0.015095,-1.42052778557352,-0.02143,-2.06515790678656
2009-03-23,0.069725,0.067233,0.001,0,0.066233,6.5059317790126,0.068725,6.73916061454582
2009-03-24,-0.01999,-0.016555,0.001,0,-0.017555,-1.67035653917194,-0.02099,-2.02025032379484
2009-03-25,0.009021,0.019446,0.001,0,0.018446,1.92493425388087,0.008021,0.897055389071818
2009-03-26,0.025597,0.037787,0.001,0,0.036787,3.70805614246827,0.024597,2.52648821129854
2009-03-27,-0.021706,-0.022187,0.001,0,-0.023187,-2.24468337235891,-0.022706,-2.19550405755715
2009-03-30,-0.036524,-0.032372,0.001,0,-0.033372,-3.29175630374374,-0.037524,-3.72177005732173
2009-03-31,0.014394,0.020797,0.001,0,0.019797,2.05736947825962,0.013394,1.4281389906833
2009-04-01,0.01731,0.016317,0.001,0,0.015317,1.6175308415971,0.01631,1.7151888761255
2009-04-02,0.032049,0.040225,0.001,0,0.039225,3.94270359576728,0.031049,3.15361466023567
2009-04-03,0.011811,0.013319,0.001,0,0.012319,1.32210819631405,0.010811,1.17317945803791
2009-04-06,-0.009728,-0.007202,0.001,0,-0.008202,-0.723805954820096,-0.010728,-0.978562606492995
2009-04-07,-0.024993,-0.020487,0.001,0,-0.021487,-2.07097695580246,-0.025993,-2.53206284728831
2009-04-08,0.013313,0.018581,0.001,0,0.017581,1.84004822911862,0.012313,1.3215160809226
2009-04-09,0.039872,0.047815,0.001,0,0.046815,4.6697043648618,0.038872,3.9087628705618
2009-04-13,0.003885,0.007566,0.001,0,0.006566,0.752752142796399,0.002885,0.386747292645112
2009-04-14,-0.019717,-0.013091,0.001,0,-0.014091,-1.31874423307666,-0.020717,-1.9923973444938
2009-04-15,0.012528,0.014496,0.001,0,0.013496,1.43819374969793,0.011528,1.24401739871708
2009-04-16,0.016387,0.021179,0.001,0,0.020179,2.09478421814454,0.015387,1.62441821920129
2009-04-17,0.006191,0.014927,0.001,0,0.013927,1.48066887750321,0.005191,0.616191454124985
2009-04-20,-0.045207,-0.043058,0.001,0,-0.044058,-4.40224953764107,-0.046207,-4.62707158726362
2009-04-21,0.023034,0.0306,0.001,0,0.0296,3.01311569619865,0.022034,2.27627220488221
2009-04-22,-0.005752,0.005949,0.001,0,0.004949,0.592137461742066,-0.006752,-0.5778606412868
2009-04-23,0.009137,0.001315,0.001,0,0.000315,0.130413619472986,0.008137,0.908551020249134
2009-04-24,0.019144,0.022309,0.001,0,0.021309,2.20537944700599,0.018144,1.89530593212816
2009-04-27,-0.011377,-0.011908,0.001,0,-0.012908,-1.19894681105195,-0.012377,-1.14522131063611
2009-04-28,-0.002774,0.005333,0.001,0,0.004333,0.530882996255791,-0.003774,-0.278785461821708
2009-04-29,0.024647,0.029784,0.001,1,0.028784,2.9339071561728,0.023647,2.43381630805297
2009-04-30,-0.00044,0.004488,0.001,0,0.003488,0.44679590095834,-0.00144,-0.0450096778404374
2009-05-01,0.00598,0.008286,0,0,0.008286,0.825185956411762,0.00598,0.596219076421765
2009-05-04,0.03601,0.038858,0,0,0.038858,3.81220329020323,0.03601,3.53767963003587
2009-05-05,-0.003366,0.003352,0,0,0.003352,0.334639457077308,-0.003366,-0.337167772238927
2009-05-06,0.016041,0.015562,0,0,0.015562,1.54421538427468,0.016041,1.59137026727847
2009-05-07,-0.015562,-0.011267,0,0,-0.011267,-1.1330953474125,-0.015562,-1.56843590160518
2009-05-08,0.027453,0.035415,0,0,0.035415,3.48023125354489,0.027453,2.70829242495938
2009-05-11,-0.020963,-0.006044,0,0,-0.006044,-0.606233889887468,-0.020963,-2.11858434987822
2009-05-12,-0.002816,-0.006272,0,0,-0.006272,-0.629175162343248,-0.002816,-0.281997238724765
2009-05-13,-0.031487,-0.038465,0,0,-0.038465,-3.92243131597613,-0.031487,-3.19933734063798
2009-05-14,0.012612,0.01409,0,0,0.01409,1.39916586267365,0.012612,1.25331311648672
2009-05-15,-0.010828,-0.008403,0,0,-0.008403,-0.843850423915136,-0.010828,-1.08870494370669
2009-05-18,0.033355,0.035636,0,0,0.035636,3.50157307475923,0.033355,3.28107903451063
2009-05-19,0.000354,0.004774,0,0,0.004774,0.476264060083464,0.000354,0.0353937356783363
2009-05-20,-0.001843,0.000289,0,0,0.000289,0.0288958247544113,-0.001843,-0.184470041406327
2009-05-21,-0.016864,-0.014184,0,0,-0.014184,-1.42855543698598,-0.016864,-1.70078164210003
2009-05-22,-0.000152,0.000472,0,0,0.000472,0.0471888643038946,-0.000152,-0.0152011553170736
2009-05-26,0.028606,0.028754,0,0,0.028754,2.83483612154352,0.028606,2.82044875129667
2009-05-27,-0.017525,-0.010338,0,0,-0.010338,-1.03918082899924,-0.017525,-1.76803808550786
2009-05-28,0.015178,0.008426,0,0,0.008426,0.839069941851913,0.015178,1.50639665764529
2009-05-29,0.014676,0.015406,0,0,0.015406,1.52885325150776,0.014676,1.45693497121519
2009-06-01,0.027315,0.03005,0,0,0.03005,2.9607344752658,0.027315,2.6948602515746
2009-06-02,0.003213,0.006858,0,0,0.006858,0.683459088353757,0.003213,0.320784934525351
2009-06-03,-0.017229,-0.010243,0,0,-0.010243,-1.02958205278532,-0.017229,-1.73791462999762
2009-06-04,0.013762,0.021027,0,0,0.021027,2.08089834949706,0.013762,1.36681636154039
2009-06-05,-0.003052,0.001798,0,0,0.001798,0.179638553291819,-0.003052,-0.305666684990289
2009-06-08,-0.002544,-0.003427,0,0,-0.003427,-0.343288561501562,-0.002544,-0.254724146669457
2009-06-09,0.005528,0.009085,0,0,0.009085,0.904397964691646,0.005528,0.551277668522055
2009-06-10,-0.002991,-0.002485,0,0,-0.002485,-0.248809273719705,-0.002991,-0.299548197979884
2009-06-11,0.007206,0.01113,0,0,0.01113,1.10685173307726,0.007206,0.718016083907338
2009-06-12,-0.001266,-0.002524,0,0,-0.002524,-0.252719065794453,-0.001266,-0.126680205500589
2009-06-15,-0.025608,-0.023911,0,0,-0.023911,-2.42015082018752,-0.025608,-2.59415922408322
2009-06-16,-0.013272,-0.011811,0,0,-0.011811,-1.18813039823705,-0.013272,-1.33608601019657
2009-06-17,-0.003124,-0.002013,0,0,-0.002013,-0.201502880761704,-0.003124,-0.312888987463456
2009-06-18,0.006861,0.003373,0,0,0.003373,0.336732419491268,0.006861,0.683757044523411
2009-06-19,0.004111,0.006206,0,0,0.006206,0.618682208652117,0.004111,0.410257292740203
2009-06-22,-0.033517,-0.034345,0,0,-0.034345,-3.49486514174608,-0.033517,-3.4091569727968
2009-06-23,0.002249,-0.003315,0,0,-0.003315,-0.332050678586468,0.002249,0.224647478493039
2009-06-24,0.009017,0.008863,0,1,0.008863,0.882395415478722,0.009017,0.897658959425734
2009-06-25,0.021752,0.022918,0,0,0.022918,2.26593273540563,0.021752,2.15188008863187
2009-06-26,0.000944,0.010536,0,0,0.010536,1.04808831547089,0.000944,0.0943554712212414
2009-06-29,0.007793,0.002413,0,0,0.002413,0.241009339032708,0.007793,0.776279141765448
2009-06-30,-0.00779,-0.00135,0,0,-0.00135,-0.135091207095627,-0.00779,-0.782050055279459
2009-07-01,0.006011,0.012295,0.001,0,0.011295,1.22100304131118,0.005011,0.598300606140525
2009-07-02,-0.028468,-0.025297,0.001,0,-0.026297,-2.56324697235958,-0.029468,-2.88910719026081
2009-07-06,-0.00168,-0.009208,0.001,0,-0.010208,-0.926065563293744,-0.00268,-0.16914127325385
2009-07-07,-0.019731,-0.016489,0.001,0,-0.017489,-1.66364566205778,-0.020731,-1.99382551370331
2009-07-08,-0.003656,-0.011507,0.001,0,-0.012507,-1.15837177830593,-0.004656,-0.367269945190424
2009-07-09,0.004884,0.004806,0.001,0,0.003806,0.47844881015481,0.003884,0.486211201373273
2009-07-10,-0.003394,0.000376,0.001,0,-0.000624,0.0365929379713797,-0.004394,-0.340977263335952
2009-07-13,0.024443,0.016658,0.001,0,0.015658,1.65107773747118,0.023443,2.41390503029807
2009-07-14,0.007317,0.008562,0.001,0,0.007562,0.851555401421377,0.006317,0.728036067345111
2009-07-15,0.03141,0.030463,0.001,0,0.029463,2.99982158532462,0.03041,3.09167981971533
2009-07-16,0.009596,0.008446,0.001,0,0.007446,0.840053215993467,0.008596,0.954025088182801
2009-07-17,-0.000144,-0.002099,0.001,0,-0.003099,-0.211120593795337,-0.001144,-0.0154010318995769
2009-07-20,0.013485,0.015717,0.001,0,0.014717,1.5584767098811,0.012485,1.33848866530574
2009-07-21,0.002535,-0.002115,0.001,0,-0.003115,-0.212723972113487,0.001535,0.252179235735659
2009-07-22,0.00062,0.006838,0.001,0,0.005838,0.680472696201357,-0.00038,0.0609807929405411
2009-07-23,0.024572,0.023512,0.001,0,0.022512,2.3229850575317,0.023572,2.42649644619014
2009-07-24,0.00437,0.006948,0.001,0,0.005948,0.691397392282212,0.00337,0.435047932696202
2009-07-27,0.003423,0.007756,0.001,0,0.006756,0.771607690501721,0.002423,0.340715492028777
2009-07-28,-0.003756,0.001723,0.001,0,0.000723,0.171151738833938,-0.004756,-0.377307143054102
2009-07-29,-0.006418,-0.004966,0.001,0,-0.005966,-0.49883715030836,-0.007418,-0.644868385904771
2009-07-30,0.013417,0.015319,0.001,0,0.014319,1.51928488806264,0.012417,1.33177891811268
2009-07-31,0.002562,0.004992,0.001,0,0.003992,0.496958133035121,0.001562,0.254872372277346
2009-08-03,0.018004,0.019697,0.001,0,0.018697,1.94955243919378,0.017004,1.78338474436956
2009-08-04,0.002567,0.007483,0.001,0,0.006483,0.74451412972109,0.001567,0.255371093307266
2009-08-05,-0.002057,0.000893,0.001,0,-0.000107,0.0882601562714785,-0.003057,-0.206911848020998
2009-08-06,-0.00758,-0.007557,0.001,0,-0.008557,-0.759569875047804,-0.00858,-0.761887415351697
2009-08-07,0.013575,0.01895,0.001,0,0.01795,1.87626853732832,0.012575,1.34736852086592
2009-08-10,-0.004414,0.002899,0.001,0,0.001899,0.288480605314244,-0.005414,-0.443377040980735
2009-08-11,-0.013903,-0.012205,0.001,0,-0.013205,-1.2290092591815,-0.014903,-1.40105518862822
2009-08-12,0.012454,0.012923,0.001,1,0.011923,1.28302105814973,0.011454,1.23670869177223
2009-08-13,0.008373,0.007249,0.001,0,0.006249,0.721285233664227,0.007373,0.832814093391798
2009-08-14,-0.010064,-0.012505,0.001,0,-0.013505,-1.25938454608182,-0.011064,-1.0124984357821
2009-08-17,-0.026114,-0.026676,0.001,0,-0.027676,-2.70482614249907,-0.027114,-2.64710252608328
2009-08-18,0.012096,0.015752,0.001,0,0.014752,1.56192249221925,0.011096,1.20134280762698
2009-08-19,0.006962,0.006863,0.001,0,0.005863,0.682955686476605,0.005962,0.692787722535324
2009-08-20,0.01082,0.010606,0.001,0,0.009606,1.05401509751354,0.00982,1.07518826940303
2009-08-21,0.018374,0.016848,0.001,0,0.015848,1.66976467525773,0.017374,1.81972377416379
2009-08-24,-0.000878,0.001192,0.001,0,0.000192,0.118129018205206,-0.001878,-0.0888385617761054
2009-08-25,0.002791,0.005633,0.001,0,0.004633,0.560719403457656,0.001791,0.277711244136357
2009-08-26,-0.000797,0.004072,0.001,0,0.003072,0.405373189568265,-0.001797,-0.0807317723355128
2009-08-27,0.003098,0.003098,0.001,0,0.002098,0.308321113615382,0.002098,0.308321113615382
2009-08-28,-0.001478,-0.002014,0.001,0,-0.003014,-0.202603077517973,-0.002478,-0.148909326941719
2009-08-31,-0.009192,-0.009199,0.001,0,-0.010199,-0.92515720320163,-0.010192,-0.92445070661224
2009-09-01,-0.022203,-0.020199,0,0,-0.020199,-2.04057891617311,-0.022203,-2.24531969543869
2009-09-02,-0.002779,-0.000586,0,0,-0.000586,-0.0586171765106179,-0.002779,-0.278286858936884
2009-09-03,0.010796,0.011096,0,0,0.011096,1.10348910199615,0.010796,1.07381392624971
2009-09-04,0.014133,0.013641,0,0,0.013641,1.35487990883279,0.014133,1.40340602758711
2009-09-08,0.01038,0.011808,0,0,0.011808,1.17388295453699,0.01038,1.03264977173034
2009-09-09,0.007898,0.012305,0,0,0.012305,1.22299088576296,0.007898,0.786697405288476
2009-09-10,0.011178,0.013476,0,0,0.013476,1.3386006313797,0.011178,1.11159878446696
2009-09-11,6.9e-05,0.00222,0,0,0.00222,0.221753944095448,6.9e-05,0.00689976196094973
2009-09-14,0.00657,0.008783,0,0,0.008783,0.874465382158514,0.00657,0.654851161776378
2009-09-15,0.006166,0.009623,0,0,0.009623,0.957699384484636,0.006166,0.614706800526257
2009-09-16,0.016258,0.017335,0,0,0.017335,1.71864630227458,0.016258,1.61272539276194
2009-09-17,-0.003716,0.000478,0,0,0.000478,0.0477885794392071,-0.003716,-0.37229214801338
2009-09-18,0.001931,0.002613,0,0,0.002613,0.26095920508565,0.001931,0.192913801610861
2009-09-21,-0.004228,-0.001361,0,0,-0.001361,-0.1361927001695,-0.004228,-0.423696326537899
2009-09-22,0.008538,0.009771,0,0,0.009771,0.972357247216226,0.008538,0.850175742462645
2009-09-23,-0.01044,-0.005177,0,1,-0.005177,-0.519044709498485,-0.01044,-1.04948790926516
2009-09-24,-0.012704,-0.016338,0,0,-0.016338,-1.64729368730848,-0.012704,-1.27853858263992
2009-09-25,-0.006542,-0.002389,0,0,-0.002389,-0.239185821358893,-0.006542,-0.656349266997918
2009-09-28,0.01822,0.016367,0,0,0.016367,1.62345044043227,0.01822,1.80560047995709
2009-09-29,-0.00105,0.000189,0,0,0.000189,0.0188982141750104,-0.00105,-0.105055163617913
2009-09-30,-0.003002,-0.00482,0,0,-0.00482,-0.483165366218118,-0.003002,-0.300651504036494
2009-10-01,-0.027353,-0.024945,0,0,-0.024945,-2.52613993188783,-0.027353,-2.77340581002362
2009-10-02,-0.005348,-0.006685,0,0,-0.006685,-0.670744469695654,-0.005348,-0.536235174361939
2009-10-05,0.016074,0.016228,0,0,0.016228,1.60977334290751,0.016074,1.59461811496454
2009-10-06,0.014618,0.01372,0,0,0.01372,1.36267329146568,0.014618,1.45121869747509
2009-10-07,0.003093,0.002524,0,0,0.002524,0.252082006165233,0.003093,0.308822651589139
2009-10-08,0.009686,0.00934,0,0,0.00934,0.929665190509466,0.009686,0.963939142740598
2009-10-09,0.005383,0.007185,0,0,0.007185,0.715931086506063,0.005383,0.536856344032677
2009-10-12,0.003843,0.000171,0,0,0.000171,0.0170985381166523,0.003843,0.383563453977823
2009-10-13,-0.00198,-0.00041,0,0,-0.00041,-0.0410084072980733,-0.00198,-0.198196279131248
2009-10-14,0.017953,0.014282,0,0,0.014282,1.41809730134204,0.017953,1.77937481037692
2009-10-15,0.002479,2.8e-05,0,0,2.8e-05,0.00279996080073172,0.002479,0.247593234825982
2009-10-16,-0.008193,-0.006042,0,0,-0.006042,-0.606032673939495,-0.008193,-0.822674707743875
2009-10-19,0.009984,0.007782,0,0,0.007782,0.775187641821253,0.009984,0.993448914353045
2009-10-20,-0.008002,-0.009557,0,0,-0.009557,-0.960296119299503,-0.008002,-0.803418782832891
2009-10-21,-0.008545,-0.007357,0,0,-0.007357,-0.738419619487098,-0.008545,-0.858171783137456
2009-10-22,0.010264,0.007229,0,0,0.007229,0.720299602611193,0.010264,1.02116828363769
2009-10-23,-0.012871,-0.013715,0,0,-0.013715,-1.38099194922935,-0.012871,-1.29545490008913
2009-10-26,-0.013315,-0.013455,0,0,-0.013455,-1.35463387463546,-0.013315,-1.34044394236858
2009-10-27,-0.006319,-0.010748,0,0,-0.010748,-1.08061769850105,-0.006319,-0.633904938650869
2009-10-28,-0.023924,-0.031687,0,0,-0.031687,-3.21998968635317,-0.023924,-2.42148267482073
2009-10-29,0.023914,0.020682,0,0,0.020682,2.04710313154155,0.023914,2.3632538715431
2009-10-30,-0.028185,-0.024459,0,0,-0.024459,-2.4763090073851,-0.028185,-2.85898218547092
2009-11-02,0.005024,-0.001498,0,0,-0.001498,-0.14991231237664,0.005024,0.501142182291708
2009-11-03,0.005801,0.010161,0,0,0.010161,1.01097240899852,0.005801,0.57842389886791
2009-11-04,0.000744,-0.003359,0,1,-0.003359,-0.336465410547737,0.000744,0.0743723369200373
2009-11-05,0.019634,0.021499,0,0,0.021499,2.12711563225397,0.019634,1.94437393742011
2009-11-06,0.001613,-0.000687,0,0,-0.000687,-0.068723609263662,0.001613,0.161170051269435
2009-11-09,0.023413,0.015505,0,0,0.015505,1.53860257090959,0.023413,2.31431200636959
2009-11-10,-0.000619,-0.006924,0,0,-0.006924,-0.69480821154238,-0.000619,-0.0619191659595608
2009-11-11,0.005504,0.006047,0,0,0.006047,0.602879026812566,0.005504,0.548890834299513
2009-11-12,-0.011703,-0.014646,0,0,-0.014646,-1.47543115125312,-0.011703,-1.17720191201378
2009-11-13,0.006773,0.008193,0,0,0.008193,0.81596195754384,0.006773,0.675016627937674
2009-11-16,0.015599,0.017213,0,0,0.017213,1.70665346650504,0.015599,1.54785862082797
2009-11-17,0.001322,-0.00186,0,0,-0.00186,-0.186173194794867,0.001322,0.132112692738329
2009-11-18,-0.000906,-0.001335,0,0,-0.001335,-0.133589190638506,-0.000906,-0.0906410666061037
2009-11-19,-0.014122,-0.015031,0,0,-0.015031,-1.51451103865228,-0.014122,-1.42226642864895
2009-11-20,-0.004001,-0.001323,0,0,-0.001323,-0.132387593716181,-0.004001,-0.40090254141071
2009-11-23,0.013041,0.010982,0,0,0.010982,1.09221357255359,0.013041,1.29566982875815
2009-11-24,-0.001304,-0.002369,0,0,-0.002369,-0.237181052012551,-0.001304,-0.130485094783776
2009-11-25,0.005756,0.003379,0,0,0.003379,0.337330400706687,0.005756,0.573949752720671
2009-11-27,-0.018563,-0.016982,0,0,-0.016982,-1.71278477106568,-0.018563,-1.8737454793886
2009-11-30,0.003921,0.002514,0,0,0.002514,0.251084518835807,0.003921,0.391333291472592
2009-12-01,0.013976,0.012498,0,0,0.012498,1.24205446879643,0.013976,1.38792362498315
2009-12-02,0.002319,0.0063,0,0,0.0063,0.628023795715048,0.002319,0.231631526929256
2009-12-03,-0.008945,-0.007173,0,0,-0.007173,-0.719884965170815,-0.008945,-0.898524669672995
2009-12-04,0.00561,0.012304,0,0,0.012304,1.22289210125692,0.00561,0.559432255630989
2009-12-07,-0.001536,0.002321,0,0,0.002321,0.231831064003245,-0.001536,-0.153718085735283
2009-12-08,-0.010585,-0.007848,0,0,-0.007848,-0.787895762868751,-0.010585,-1.06414195999945
2009-12-09,0.003648,0.002441,0,0,0.002441,0.24380255988588,0.003648,0.364136218626501
2009-12-10,0.005402,-0.001702,0,0,-0.001702,-0.17034500475542,0.005402,0.538746153236601
2009-12-11,0.003224,0.00563,0,0,0.00563,0.56142107844683,0.003224,0.321881405533423
2009-12-14,0.008535,0.010324,0,0,0.010324,1.02710714895983,0.008535,0.849878281736136
2009-12-15,-0.004615,-0.004342,0,0,-0.004342,-0.435145385769157,-0.004615,-0.462568199009336
2009-12-16,0.003272,0.005143,0,1,0.005143,0.51298199461964,0.003272,0.326665865608016
2009-12-17,-0.012456,-0.01042,0,0,-0.01042,-1.04746682940212,-0.012456,-1.25342262374667
2009-12-18,0.006155,0.005442,0,0,0.005442,0.542724582195314,0.006155,0.613613535584917
2009-12-21,0.010082,0.010047,0,0,0.010047,0.999686442393003,0.010082,1.0031515676403
2009-12-22,0.004652,0.006152,0,0,0.006152,0.613315370344722,0.004652,0.464121288948832
2009-12-23,0.004693,0.009,0,0,0.009,0.89597413714719,0.004693,0.468202220795348
2009-12-24,0.005227,0.005475,0,0,0.005475,0.546006666936053,0.005227,0.521338665287118
2009-12-28,0.000952,-0.000196,0,0,-0.000196,-0.0196019210510214,0.000952,0.0951547135395279
2009-12-29,-0.000888,0.001901,0,0,0.001901,0.18991953861853,-0.000888,-0.0888394505564585
2009-12-30,-0.000661,0.000748,0,0,0.000748,0.0747720387424783,-0.000661,-0.0661218556816011
2009-12-31,-0.008833,-0.002495,0,0,-0.002495,-0.24981176993529,-0.008833,-0.887224219963609
2010-01-04,0.017063,0.019765,0,0,0.019765,1.95722085949668,0.017063,1.69190620504476
2010-01-05,0.003403,0.002395,0,0,0.002395,0.239213655855019,0.003403,0.339722289810849
2010-01-06,0.001946,0.003275,0,0,0.003275,0.326964886762268,0.001946,0.194410899486657
2010-01-07,0.003009,0.00771,0,0,0.00771,0.768042984335078,0.003009,0.300448202029836
2010-01-08,0.004171,0.007758,0,0,0.007758,0.772806146043334,0.004171,0.416232549204968
2010-01-11,0.001117,0.003797,0,0,0.003797,0.378980959107423,0.001117,0.111637661966737
2010-01-12,-0.011025,-0.010419,0,0,-0.010419,-1.04736577648121,-0.011025,-1.10862257375655
2010-01-13,0.008743,0.009307,0,0,0.009307,0.926395673847768,0.008743,0.870500129665585
2010-01-14,0.002349,0.004797,0,0,0.004797,0.478553105855025,0.002349,0.234624541234093
2010-01-15,-0.011404,-0.008776,0,0,-0.008776,-0.88147358852756,-0.011404,-1.14695242432982
2010-01-19,0.012138,0.01175,0,0,0.01175,1.16815047738379,0.012138,1.20649252049619
2010-01-20,-0.010941,-0.00883,0,0,-0.00883,-0.886921546906505,-0.010941,-1.10012929203839
2010-01-21,-0.017803,-0.014335,0,0,-0.014335,-1.44387387021413,-0.017803,-1.79633797494033
2010-01-22,-0.021261,-0.014545,0,0,-0.014545,-1.46518155323642,-0.021261,-2.14902705653122
2010-01-25,0.003864,0.000528,0,0,0.000528,0.0527860657046562,0.003864,0.385655392692064
2010-01-26,-0.004847,-0.006138,0,0,-0.006138,-0.615691496174369,-0.004847,-0.485878480054009
2010-01-27,0.004393,0.002325,0,1,0.002325,0.232230136956774,0.004393,0.438337894208064
2010-01-28,-0.011483,-0.009168,0,0,-0.009168,-0.921028475484436,-0.011483,-1.15494387449398
2010-01-29,-0.010375,-0.008334,0,0,-0.008334,-0.836892193965014,-0.010375,-1.04291954905392
2010-02-01,0.015099,0.011443,0,0,0.011443,1.13780240852865,0.015099,1.49861446831448
2010-02-02,0.01236,0.008568,0,0,0.008568,0.853150301063155,0.01236,1.22842388332192
2010-02-03,-0.004973,-0.003745,0,0,-0.003745,-0.375203006972933,-0.004973,-0.498540651331818
2010-02-04,-0.032113,-0.028693,0,0,-0.028693,-2.91126917636224,-0.032113,-3.26399340568732
2010-02-05,0.002802,0.001036,0,0,0.001036,0.103546372235713,0.002802,0.279808171564865
2010-02-08,-0.00827,-0.005569,0,0,-0.005569,-0.558456469391799,-0.00827,-0.830438616361529
2010-02-09,0.01385,0.011932,0,0,0.011932,1.18613749317883,0.01385,1.37549652323358
2010-02-10,-0.001455,0.000268,0,0,0.000268,0.0267964094414988,-0.001455,-0.145605954037888
2010-02-11,0.012102,0.013371,0,0,0.013371,1.32823971118258,0.012102,1.20293563000852
2010-02-12,-0.000581,0.00379,0,0,0.00379,0.37828360452204,-0.000581,-0.0581168845902814
2010-02-16,0.018071,0.01458,0,0,0.01458,1.44747337543116,0.018071,1.79096602935392
2010-02-17,0.004757,0.005393,0,0,0.005393,0.53785098490765,0.004757,0.47457212300955
2010-02-18,0.006248,0.004447,0,0,0.004447,0.443714131241676,0.006248,0.622856217102109
2010-02-19,0.002623,0.002174,0,0,0.002174,0.217164028139995,0.002623,0.261956593921686
2010-02-22,-0.001149,0.002308,0,0,0.002308,0.230534065905324,-0.001149,-0.114966060657312
2010-02-23,-0.013151,-0.008341,0,0,-0.008341,-0.837598079283863,-0.013151,-1.32382401077606
2010-02-24,0.008657,0.00546,0,0,0.00546,0.544514823589523,0.008657,0.861974304340702
2010-02-25,-0.000673,-0.000883,0,0,-0.000883,-0.0883390074140548,-0.000673,-0.0673226566158386
2010-02-26,0.001756,0.001265,0,0,0.001265,0.126420056162201,0.001756,0.175446003452269
2010-03-01,0.012125,0.013686,0,0,0.013686,1.35931925186995,0.012125,1.20520810241414
2010-03-02,0.004362,0.008305,0,0,0.008305,0.82707032463522,0.004362,0.435251405312956
2010-03-03,0.001537,0.002821,0,0,0.002821,0.281702844691426,0.001537,0.15358200244269
2010-03-04,0.003286,0.005342,0,0,0.005342,0.532778213009719,0.003286,0.32806129001142
2010-03-05,0.014578,0.015809,0,0,0.015809,1.56853393575713,0.014578,1.44727624933255
2010-03-08,0.000753,0.004181,0,0,0.004181,0.41722839057143,0.000753,0.0752716637738933
2010-03-09,0.001677,0.002825,0,0,0.002825,0.282101718670185,0.001677,0.167559540561726
2010-03-10,0.005144,0.006634,0,0,0.006634,0.661209186101937,0.005144,0.513081482901662
2010-03-11,0.004048,0.003481,0,0,0.003481,0.34749553430722,0.004048,0.403982889167511
2010-03-12,0.000792,0.000498,0,0,0.000498,0.0497876039153294,0.000792,0.0791686533499393
2010-03-15,-0.000618,-0.003284,0,0,-0.003284,-0.328940416275724,-0.000618,-0.0618191040712828
2010-03-16,0.008728,0.007227,0,1,0.007227,0.720101037837378,0.008728,0.869013119443354
2010-03-17,0.005656,0.004772,0,0,0.004772,0.476065010148803,0.005656,0.564006488975363
2010-03-18,-0.001991,-0.00264,0,0,-0.00264,-0.264349094541754,-0.001991,-0.199298467526318
2010-03-19,-0.006874,-0.008215,0,0,-0.008215,-0.824892905841155,-0.006874,-0.689773476907075
2010-03-22,0.005957,0.006713,0,0,0.006713,0.669056814954841,0.005957,0.593932722524898
2010-03-23,0.007749,0.008993,0,0,0.008993,0.895280378546439,0.007749,0.771913070504518
2010-03-24,-0.006522,-0.004913,0,0,-0.004913,-0.492510846002256,-0.006522,-0.654336117102735
2010-03-25,-0.002422,-0.003628,0,0,-0.003628,-0.36345971531479,-0.002422,-0.242493778650459
2010-03-26,0.000576,0.000812,0,0,0.000812,0.081167050635383,0.000576,0.0575834175673486
2010-03-29,0.00676,0.005658,0,0,0.005658,0.56420536393969,0.00676,0.67372536526652
2010-03-30,0.000444,0.001697,0,0,0.001697,0.169556172244144,0.000444,0.0443901461166416
2010-03-31,-0.002837,-0.003259,0,0,-0.003259,-0.32643221068099,-0.002837,-0.284103191199513
2010-04-01,0.008551,0.006969,0.001,0,0.005969,0.693482880413129,0.007551,0.850464733719557
2010-04-05,0.009664,0.014053,0.001,0,0.013053,1.39451720976299,0.008664,0.960760228781407
2010-04-06,0.002129,0.005701,0.001,0,0.004701,0.567481085010885,0.001129,0.211673694103642
2010-04-07,-0.005444,-0.000559,0.001,0,-0.001559,-0.0569156248750382,-0.006444,-0.54688725200738
2010-04-08,0.002902,0.002937,0.001,0,0.001937,0.292269549176508,0.001902,0.288779737680815
2010-04-09,0.006719,0.005948,0.001,0,0.004948,0.592038053074525,0.005719,0.668652817237062
2010-04-12,0.001873,0.004236,0.001,0,0.003236,0.421705345827618,0.000873,0.18612481726694
2010-04-13,0.000749,0.001765,0.001,0,0.000765,0.175344426786764,-0.000251,0.0738719689484283
2010-04-14,0.012451,0.015914,0.001,0,0.014914,1.57786999543516,0.011451,1.23641238157496
2010-04-15,0.000116,0.003163,0.001,0,0.002163,0.314800828869055,-0.000884,0.010599332251992
2010-04-16,-0.016164,-0.010915,0.001,0,-0.011915,-1.09850056031262,-0.017164,-1.63060624369829
2010-04-19,0.002413,-0.002986,0.001,0,-0.003986,-0.300046694250965,0.001413,0.240009344032675
2010-04-20,0.009899,0.012567,0.001,0,0.011567,1.24786906987372,0.008899,0.984032590283439
2010-04-21,-0.00056,0.003365,0.001,0,0.002365,0.33493511064159,-0.00156,-0.0570156808563597
2010-04-22,0.003645,0.008436,0.001,0,0.007436,0.839061586339369,0.002645,0.362837313601872
2010-04-23,0.007492,0.010729,0.001,0,0.009729,1.06618527219035,0.006492,0.745407441052502
2010-04-26,-0.003303,0.003176,0.001,0,0.002176,0.316096721537261,-0.004303,-0.331846689603487
2010-04-27,-0.024035,-0.01909,0.001,0,-0.02009,-1.92845666946977,-0.025035,-2.43385538177913
2010-04-28,0.005294,0.00151,0.001,1,0.00051,0.149886114635185,0.004294,0.52700360937748
2010-04-29,0.013773,0.013699,0.001,0,0.012699,1.35960169705766,0.012773,1.36690142795731
2010-04-30,-0.017115,-0.015902,0.001,0,-0.016902,-1.6039793343052,-0.018115,-1.72731544384614
2010-05-03,0.013068,0.012047,0.001,0,0.011047,1.19650125245923,0.012068,1.29733504081278
2010-05-04,-0.025459,-0.02447,0.001,0,-0.02547,-2.47843658820852,-0.026459,-2.57986880116839
2010-05-05,-0.009213,-0.014306,0.001,0,-0.015306,-1.441931732401,-0.010213,-0.926570211354711
2010-05-06,-0.032889,-0.034993,0.001,0,-0.035993,-3.56299237334504,-0.033889,-3.34520020623454
2010-05-07,-0.016244,-0.018315,0.001,0,-0.019315,-1.84947959673871,-0.017244,-1.63873801085775
2010-05-10,0.045282,0.044109,0.001,0,0.043109,4.31538901907742,0.044282,4.4276705521399
2010-05-11,-0.000905,0.004957,0.001,0,0.003957,0.493475457603701,-0.001905,-0.0915409709740697
2010-05-12,0.016484,0.020449,0.001,0,0.019449,2.02327265667403,0.015484,1.63396137270917
2010-05-13,-0.010955,-0.004676,0.001,0,-0.005676,-0.469696663817773,-0.011955,-1.10254478389807
2010-05-14,-0.01962,-0.019083,0.001,0,-0.020083,-1.92774304895175,-0.02062,-1.98250273230607
2010-05-17,-0.000505,-0.003342,0.001,0,-0.004342,-0.335759690549628,-0.001505,-0.0515127505445808
2010-05-18,-0.013747,-0.013428,0.001,0,-0.014428,-1.35289708311937,-0.014747,-1.38523649515847
2010-05-19,-0.007106,-0.014277,0.001,0,-0.015277,-1.43898968614675,-0.008106,-0.714136781547021
2010-05-20,-0.040858,-0.041042,0.001,0,-0.042042,-4.19180006281933,-0.041858,-4.17261441029189
2010-05-21,0.0154,0.011865,0.001,0,0.010865,1.17851628073214,0.0144,1.52726235811566
2010-05-24,-0.012259,-0.006752,0.001,0,-0.007752,-0.678489783120061,-0.013259,-1.23447612994604
2010-05-25,-9.1e-05,-0.006707,0.001,0,-0.007707,-0.673959295200839,-0.001091,-0.0101004090751541
2010-05-26,-0.002908,0.005114,0.001,0,0.004114,0.509096796384199,-0.003908,-0.292223639705241
2010-05-27,0.035346,0.034707,0.001,0,0.033707,3.41082949018484,0.034346,3.4725670418607
2010-05-28,-0.011903,-0.006769,0.001,0,-0.007769,-0.680201354196364,-0.012903,-1.19844078657757
2010-06-01,-0.018777,-0.021917,0.001,0,-0.022917,-2.2170745422662,-0.019777,-1.8965526137656
2010-06-02,0.026928,0.021135,0.001,0,0.020135,2.09047538022767,0.025928,2.65618214307209
2010-06-03,0.004987,0.005875,0.001,0,0.004875,0.584780953415952,0.003987,0.496460615399364
2010-06-04,-0.036355,-0.033443,0.001,0,-0.034443,-3.40250063372862,-0.037355,-3.70423094063593
2010-06-07,-0.014342,-0.019506,0.001,0,-0.020506,-1.97087526413336,-0.015342,-1.44558404817251
2010-06-08,0.009298,-0.001966,0.001,0,-0.002966,-0.197793506470664,0.008298,0.9245039739327
2010-06-09,-0.003911,-0.00042,0.001,0,-0.00142,-0.0430088174704115,-0.004911,-0.392866790995758
2010-06-10,0.029922,0.025626,0.001,0,0.024626,2.52931579269772,0.028922,2.94730712686827
2010-06-11,0.006258,0.010234,0.001,0,0.009234,1.0171987237084,0.005258,0.62285000795912
2010-06-14,-3.7e-05,0.00425,0.001,0,0.00325,0.423099430725419,-0.001037,-0.00470006345172181
2010-06-15,0.024096,0.019995,0.001,0,0.018995,1.97877253733804,0.023096,2.38002722730591
2010-06-16,-0.001216,-0.002178,0.001,0,-0.003178,-0.219037524155037,-0.002216,-0.122673987789604
2010-06-17,0.000862,-3.5e-05,0.001,0,-0.001035,-0.00450005625146254,-0.000138,0.0851628741363043
2010-06-18,0.001705,0.003161,0.001,0,0.002161,0.314601459275709,0.000705,0.169354818754905
2010-06-21,-0.004455,-0.007129,0.001,0,-0.008129,-0.716453269147621,-0.005455,-0.447495303416084
2010-06-22,-0.01639,-0.014467,0.001,0,-0.015467,-1.45826673596558,-0.01739,-1.65358019073359
2010-06-23,-0.00302,-0.001973,0.001,1,-0.002973,-0.198494887841276,-0.00402,-0.303456935204879
2010-06-24,-0.016529,-0.012749,0.001,0,-0.013749,-1.28409658512296,-0.017529,-1.6677128065467
2010-06-25,0.005974,0.01097,0.001,0,0.00997,1.09002660575599,0.004974,0.594622646314367
2010-06-28,-0.003049,-0.004999,0.001,0,-0.005999,-0.502153674892402,-0.004049,-0.306365762040115
2010-06-29,-0.033313,-0.032356,0.001,0,-0.033356,-3.29010278940567,-0.034313,-3.38905173641447
2010-06-30,-0.00912,-0.005665,0.001,0,-0.006665,-0.569110692196869,-0.01012,-0.917184174238659
2010-07-01,-0.003946,-0.008445,0.001,0,-0.009445,-0.849086100295747,-0.004946,-0.396380594975051
2010-07-02,-0.004916,-0.004847,0.001,0,-0.005847,-0.486878475054043,-0.005916,-0.493812322633768
2010-07-06,0.003296,-0.007814,0.001,0,-0.008814,-0.785468922319264,0.002296,0.328058014806549
2010-07-07,0.031387,0.022368,0.001,0,0.021368,2.21115052967737,0.030387,3.08944983780233
2010-07-08,0.009745,0.010624,0.001,0,0.009624,1.05579619120406,0.008745,0.96878237784021
2010-07-09,0.009022,0.012557,0.001,0,0.011557,1.24688147602761,0.008022,0.897154494987797
2010-07-12,-0.001248,-0.005958,0.001,0,-0.006958,-0.598581964709147,-0.002248,-0.125877935052906
2010-07-13,0.017446,0.022867,0.001,0,0.021867,2.25994687923146,0.016446,1.72855657232126
2010-07-14,-0.000657,-0.001178,0.001,0,-0.002178,-0.118869433737945,-0.001657,-0.0667215869078069
2010-07-15,0.000445,-0.004209,0.001,0,-0.005209,-0.422788272432724,-0.000555,0.0434901066863575
2010-07-16,-0.028901,-0.025179,0.001,0,-0.026179,-2.55114145325399,-0.029901,-2.93368590924251
2010-07-19,0.00505,0.003053,0.001,0,0.002053,0.303834910930984,0.00405,0.502729156726775
2010-07-20,0.01274,0.012148,0.001,0,0.011148,1.20648052817958,0.01174,1.2649528996754
2010-07-21,-0.013009,-0.010271,0.001,0,-0.011271,-1.03341106501527,-0.014009,-1.31043580812634
2010-07-22,0.023792,0.024244,0.001,0,0.023244,2.39447795328476,0.022792,2.35033810346388
2010-07-23,0.009788,0.014614,0.001,0,0.013614,1.44982446465503,0.008788,0.97304078807728
2010-07-26,0.011834,0.014723,0.001,0,0.013723,1.46056688940802,0.010834,1.17545258400625
2010-07-27,-0.002521,-0.002301,0.001,0,-0.003301,-0.231365131848043,-0.003521,-0.253418302130757
2010-07-28,-0.007621,-0.008297,0.001,0,-0.009297,-0.83416116362339,-0.008621,-0.76601881606339
2010-07-29,-0.002718,0.000434,0.001,0,-0.000566,0.0423905899239635,-0.003718,-0.273170041877069
2010-07-30,0.001477,0.003695,0.001,0,0.002695,0.367819030701152,0.000477,0.146591035835075
2010-08-02,0.020744,0.013387,0.001,0,0.012387,1.32881859239769,0.019744,2.05217732194124
2010-08-03,-0.005274,-0.004887,0.001,0,-0.005887,-0.490898038268747,-0.006274,-0.529795658114323
2010-08-04,0.007615,0.00779,0.001,0,0.00679,0.774981466143976,0.006615,0.757615229537457
2010-08-05,-0.002534,-0.004484,0.001,0,-0.005484,-0.450408323158025,-0.003534,-0.254721596206552
2010-08-06,-0.003667,-0.002827,0.001,0,-0.003827,-0.284100346156536,-0.004667,-0.368373987641871
2010-08-09,0.005972,0.00718,0.001,0,0.00618,0.71443465714582,0.004972,0.594423833821387
2010-08-10,-0.008081,-0.012348,0.001,1,-0.013348,-1.24348699513187,-0.009081,-0.812382820687716
2010-08-11,-0.029554,-0.029533,0.001,0,-0.030533,-2.99878799923808,-0.030554,-3.00095192930612
2010-08-12,-0.004823,-0.003171,0.001,0,-0.004171,-0.318603822423133,-0.005823,-0.484466814675999
2010-08-13,-0.004024,-0.004698,0.001,0,-0.005698,-0.471907023774982,-0.005024,-0.404211802340388
2010-08-16,0.001351,0.00386,0.001,0,0.00286,0.384256936548965,0.000351,0.134008827061658
2010-08-17,0.014132,0.012702,0.001,0,0.011702,1.26120063226864,0.013132,1.40230742614266
2010-08-18,0.0024,0.002061,0.001,0,0.001061,0.204887910318063,0.0014,0.238712464972116
2010-08-19,-0.017018,-0.017525,0.001,0,-0.018525,-1.76903808050789,-0.018018,-1.7174470244588
2010-08-20,-0.003316,-0.001349,0.001,0,-0.002349,-0.1359910669633,-0.004316,-0.333151006239412
2010-08-23,-0.004899,-0.009643,0.001,0,-0.010643,-0.969979474563474,-0.005899,-0.492103938739767
2010-08-24,-0.014754,-0.012359,0.001,0,-0.013359,-1.24460075395146,-0.015754,-1.4873922748544
2010-08-25,0.004686,0.006355,0.001,0,0.005355,0.632489218286699,0.003686,0.466505493123178
2010-08-26,-0.006783,-0.005483,0.001,0,-0.006483,-0.550808676711752,-0.007783,-0.681610905314766
2010-08-27,0.01874,0.019734,0.001,0,0.018734,1.95318090223117,0.01774,1.85565696238381
2010-08-30,-0.014457,-0.014663,0.001,0,-0.015663,-1.47815642941529,-0.015457,-1.45725206174703
2010-08-31,3.2e-05,0.000402,0.001,0,-0.000598,0.0391919269648076,-0.000968,0.00219995380105891
2010-09-01,0.029536,0.025662,0.001,0,0.024662,2.53282578251911,0.028536,2.90982153556027
2010-09-02,0.009749,0.008747,0.001,0,0.007747,0.869896666990372,0.008749,0.969178516674988
2010-09-03,0.013255,0.012374,0.001,0,0.011374,1.228806786026,0.012255,1.31579211804389
2010-09-07,-0.012077,-0.013276,0.001,0,-0.014276,-1.33749138622436,-0.013077,-1.21605194440489
2010-09-08,0.006417,0.006387,0.001,0,0.005387,0.635668960151548,0.005417,0.638649876326419
2010-09-09,0.00386,0.002388,0.001,0,0.001388,0.237515330911044,0.00286,0.384256936548965
2010-09-10,0.004544,0.004383,0.001,0,0.003383,0.436342268037598,0.003544,0.452370725054174
2010-09-13,0.012934,0.016493,0.001,0,0.015493,1.63484677377372,0.011934,1.28410701831376
2010-09-14,-0.000235,-0.001258,0.001,0,-0.002258,-0.126879189624893,-0.001235,-0.0245027566827054
2010-09-15,0.003033,0.001572,0.001,0,0.000572,0.156076575137531,0.002033,0.301840978467404
2010-09-16,-0.000716,-0.002828,0.001,0,-0.003828,-0.284200629708278,-0.001716,-0.0726256400419974
2010-09-17,0.001209,0.00359,0.001,0,0.00259,0.357357138135246,0.000209,0.11982697980235
2010-09-20,0.015357,0.018283,0.001,0,0.017283,1.81078756153098,0.014357,1.52302748412468
2010-09-21,-0.003235,-0.00341,0.001,1,-0.00441,-0.342582725116966,-0.004235,-0.325024387495258
2010-09-22,-0.005162,-0.005728,0.001,0,-0.006728,-0.575446785755936,-0.006162,-0.518536909954595
2010-09-23,-0.008247,-0.006325,0.001,0,-0.007325,-0.635508750984085,-0.009247,-0.829119458638698
2010-09-24,0.021526,0.021069,0.001,0,0.020069,2.08401177521828,0.020526,2.12875877671641
2010-09-27,-0.004582,-0.001575,0.001,0,-0.002575,-0.158624156636877,-0.005582,-0.460252948854221
2010-09-28,0.005814,0.007896,0.001,0,0.006896,0.785498977313644,0.004814,0.578716397709907
2010-09-29,-0.001149,0.002241,0.001,0,0.001241,0.222849275470013,-0.002149,-0.115966055657345
2010-09-30,-0.00204,0.001456,0.001,0,0.000456,0.144494110975305,-0.00304,-0.205208358422514
2010-10-01,0.004882,0.00448,0.001,0,0.00348,0.445999472145135,0.003882,0.486012173227708
2010-10-04,-0.008446,-0.009476,0.001,0,-0.010476,-0.953118290030364,-0.009446,-0.849186952039146
2010-10-05,0.02077,0.019162,0.001,0,0.018162,1.89707210462635,0.01977,2.05472445117978
2010-10-06,-0.000427,-0.00062,0.001,0,-0.00162,-0.0630192229479959,-0.001427,-0.0437091140460142
2010-10-07,-0.002027,-0.001621,0.001,0,-0.002621,-0.163231519203072,-0.003027,-0.203905709485883
2010-10-08,0.007629,0.010545,0.001,0,0.009545,1.04797893296982,0.006629,0.759004639455087
2010-10-11,0.000559,0.002087,0.001,0,0.001087,0.207482529078899,-0.000441,0.0548843867700893
2010-10-12,0.003823,0.004177,0.001,0,0.003177,0.415830060214851,0.002823,0.380571095706143
2010-10-13,0.008735,0.011644,0.001,0,0.010644,1.1566730370521,0.007735,0.868707065298744
2010-10-14,-0.003831,-0.001765,0.001,0,-0.002765,-0.177655939772063,-0.004831,-0.384835702648466
2010-10-15,0.000825,-0.000541,0.001,0,-0.001541,-0.0551146343301899,-0.000175,0.0814659924555805
2010-10-18,0.006446,0.006168,0.001,0,0.005168,0.61390557968598,0.005446,0.641531344166208
2010-10-19,-0.017204,-0.017107,0.001,0,-0.018107,-1.72650151673941,-0.018204,-1.73637082974658
2010-10-20,0.011311,0.010323,0.001,0,0.009323,1.02600817576123,0.010311,1.12375090057277
2010-10-21,0.000411,-0.003158,0.001,0,-0.004158,-0.317299695513509,-0.000589,0.0400915612634712
2010-10-22,0.002682,0.005456,0.001,0,0.004456,0.543116999938267,0.001682,0.266840990574496
2010-10-25,0.003654,0.005248,0.001,0,0.004248,0.522427728842975,0.002654,0.363734040995256
2010-10-26,-0.000397,0.000908,0.001,0,-9.20000000000001e-05,0.0897588067367625,-0.001397,-0.040707877536347
2010-10-27,-0.003159,-0.00403,0.001,0,-0.00503,-0.404814228309769,-0.004159,-0.317400012364282
2010-10-28,0.001037,-0.001312,0.001,0,-0.002312,-0.132286137554298,3.69999999999999e-05,0.102646273693002
2010-10-29,0.001615,0.003781,0.001,0,0.002781,0.376387003623628,0.000615,0.160369733989561
2010-11-01,0.000108,-0.003958,0.001,0,-0.004958,-0.397585356191393,-0.000892,0.00979942184195367
2010-11-02,0.009082,0.01221,0.001,0,0.01121,1.2126059269499,0.008082,0.903100670211441
2010-11-03,0.003467,0.002375,0.001,1,0.001375,0.236218419505538,0.002467,0.345100386069512
2010-11-04,0.019952,0.0176,0.001,0,0.0166,1.74369136537203,0.018952,1.97455674153488
2010-11-05,0.004151,0.005055,0.001,0,0.004055,0.503226643176489,0.003151,0.413240841720516
2010-11-08,-0.000938,0.002599,0.001,0,0.001599,0.258562849002576,-0.001938,-0.0948440147291901
2010-11-09,-0.0084,-0.009479,0.001,0,-0.010479,-0.953421160485099,-0.0094,-0.844547877110195
2010-11-10,0.00541,0.00632,0.001,0,0.00532,0.629011259847952,0.00441,0.538541856690729
2010-11-11,-0.003612,-0.004522,0.001,0,-0.005522,-0.45422551195966,-0.004612,-0.362853897271572
2010-11-12,-0.013316,-0.012836,0.001,0,-0.013836,-1.29290932206594,-0.014316,-1.34154528688814
2010-11-15,-0.001268,-0.001249,0.001,0,-0.002249,-0.125978060058976,-0.002268,-0.127880454222087
2010-11-16,-0.016905,-0.016991,0.001,0,-0.017991,-1.71470031809018,-0.017905,-1.70595205247912
2010-11-17,0.001603,0.002944,0.001,0,0.001944,0.292967496861344,0.000603,0.15917166168788
2010-11-18,0.015591,0.012539,0.001,0,0.011539,1.24510378252563,0.014591,1.54607091025233
2010-11-19,0.003851,0.004191,0.001,0,0.003191,0.417224227020957,0.002851,0.383360393171949
2010-11-22,-0.000301,0.001207,0.001,0,0.000207,0.119627221110849,-0.001301,-0.0311045259592686
2010-11-23,-0.014146,-0.010004,0.001,0,-0.011004,-1.00643762157046,-0.015146,-1.42570083157066
2010-11-24,0.015871,0.0149,0.001,0,0.0139,1.47800855226351,0.014871,1.573637264117
2010-11-26,-0.006734,-0.002025,0.001,0,-0.003025,-0.203705303463281,-0.007734,-0.676677563321913
2010-11-29,-0.001013,-0.000454,0.001,0,-0.001454,-0.0464103039203179,-0.002013,-0.102351338126687
2010-11-30,-0.005914,-0.005572,0.001,0,-0.006572,-0.55975814490312,-0.006914,-0.594155690343796
2010-12-01,0.021028,0.01307,0.001,0,0.01207,1.29753246073186,0.020028,2.079996295052
2010-12-02,0.012331,0.00887,0.001,0,0.00787,0.882089268475428,0.011331,1.2245592536688
2010-12-03,0.003883,0.005298,0.001,0,0.004298,0.527401502137424,0.002883,0.386548066439693
2010-12-06,-1.8e-05,0.003363,0.001,0,0.002363,0.334735781185879,-0.001018,-0.00280001120022774
2010-12-07,0.000378,0.000459,0.001,0,-0.000541,0.0448894741722767,-0.000622,0.0367928625997948
2010-12-08,0.001734,-0.000957,0.001,0,-0.001957,-0.096745816686602,0.000734,0.172249840764762
2010-12-09,0.003689,0.003886,0.001,0,0.002886,0.386846905598979,0.002689,0.367221237752715
2010-12-10,0.006555,0.007341,0.001,0,0.006341,0.730418605721465,0.005555,0.652360946347879
2010-12-13,2e-05,-0.00222,0.001,0,-0.00322,-0.223246780309942,-0.00098,0.00099998500023333
2010-12-14,0.000302,-0.001476,0.001,1,-0.002476,-0.148709031104768,-0.000698,0.029195445717879
2010-12-15,-0.005147,-0.003949,0.001,0,-0.004949,-0.396681783918405,-0.006147,-0.517029138144773
2010-12-16,0.005971,0.008655,0.001,0,0.007655,0.860776025684001,0.004971,0.594324427426673
2010-12-17,0.001568,0.004045,0.001,0,0.003045,0.402684103225026,0.000568,0.155677202153116
2010-12-20,0.00184,0.000617,0.001,0,-0.000383,0.0606809783758491,0.00084,0.182830932363964
2010-12-21,0.007238,0.009134,0.001,0,0.008134,0.908253736088582,0.006238,0.720193144214147
2010-12-22,0.003189,0.003617,0.001,0,0.002617,0.360047443619596,0.002189,0.317392597412307
2010-12-23,-0.001199,0.000626,0.001,0,-0.000374,0.0615804193732753,-0.002199,-0.12097193255787
2010-12-27,0.000688,0.003991,0.001,0,0.002991,0.397305713593265,-0.000312,0.0677763486497241
2010-12-28,0.000725,-0.000329,0.001,0,-0.001329,-0.0339054082373693,-0.000275,0.0714737364456678
2010-12-29,0.002618,0.004039,0.001,0,0.003039,0.402086518661829,0.001618,0.260457905747115
2010-12-30,-0.000824,0.001563,0.001,0,0.000563,0.155177983679635,-0.001824,-0.0834339624607736
2010-12-31,-0.00039,0.000764,0.001,0,-0.000236,0.0753708350562458,-0.00139,-0.0400076019779119
2011-01-03,0.011419,0.013409,0,0,0.013409,1.33198950149079,0.011419,1.13542953287018
2011-01-04,-0.003867,-0.007236,0,0,-0.007236,-0.726230682896282,-0.003867,-0.387449617588183
2011-01-05,0.005611,0.008911,0,0,0.008911,0.887153133638343,0.005611,0.559531697711198
2011-01-06,-0.002408,-0.000786,0,0,-0.000786,-0.078630905995803,-0.002408,-0.241090389465554
2011-01-07,-0.001894,-0.002949,0,0,-0.002949,-0.295335686821122,-0.001894,-0.189579588596361
2011-01-10,-0.000696,0.00266,0,0,0.00266,0.265646846120921,-0.000696,-0.069624232044321
2011-01-11,0.005027,0.006204,0,0,0.006204,0.618483441999198,0.005027,0.501440682180517
2011-01-12,0.008974,0.008343,0,0,0.008343,0.830838954560175,0.008974,0.893397295225398
2011-01-13,-0.001821,-0.000474,0,0,-0.000474,-0.0474112373511433,-0.001821,-0.182266003608993
2011-01-14,0.006824,0.005078,0,0,0.005078,0.506515043968677,0.006824,0.680082189717008
2011-01-18,0.002152,0.002558,0,0,0.002558,0.255473388662633,0.002152,0.21496877646927
2011-01-19,-0.012487,-0.017538,0,0,-0.017538,-1.76936128314729,-0.012487,-1.25656177365501
2011-01-20,-0.003691,-0.007972,0,0,-0.007972,-0.800394628915323,-0.003691,-0.369782854846003
2011-01-21,0.001367,-0.000261,0,0,-0.000261,-0.0261034066427687,0.001367,0.136606650612724
2011-01-24,0.006409,0.006461,0,0,0.006461,0.644021720987187,0.006409,0.638854969034844
2011-01-25,-0.000385,-0.001052,0,0,-0.001052,-0.105255374039066,-0.000385,-0.0385074131527703
2011-01-26,0.007368,0.012584,0,1,0.012584,1.25054795202838,0.007368,0.734098888544863
2011-01-27,0.002309,0.001825,0,0,0.001825,0.182333671086099,0.002309,0.230633835587014
2011-01-28,-0.017419,-0.018767,0,0,-0.018767,-1.894533487636,-0.017419,-1.75724958888457
2011-01-31,0.007679,0.005225,0,0,0.005225,0.5211397050533,0.007679,0.76496665514975
2011-02-01,0.017196,0.015231,0.001,0,0.014231,1.51061728568347,0.016196,1.7039822244745
2011-02-02,-0.002223,-0.000473,0.001,0,-0.001473,-0.0483111849787457,-0.003223,-0.223547448243757
2011-02-03,0.002971,0.002119,0.001,0,0.001119,0.21067581360182,0.001971,0.295659535158244
2011-02-04,0.002278,0.001478,0.001,0,0.000478,0.146690888303053,0.001278,0.226540934167606
2011-02-07,0.006277,0.007322,0.001,0,0.006322,0.728532434188006,0.005277,0.624738173879271
2011-02-08,0.004591,0.004206,0.001,0,0.003206,0.418717955601539,0.003591,0.457049355410877
2011-02-09,-0.003353,-0.003644,0.001,0,-0.004644,-0.366065549144843,-0.004353,-0.336863385167372
2011-02-10,0.001485,0.000833,0.001,0,-0.000167,0.0822653298049222,0.000485,0.147389852787173
2011-02-11,0.006184,0.007,0.001,0,0.006,0.696561378642491,0.005184,0.615495758740175
2011-02-14,0.003436,0.003287,0.001,0,0.002287,0.327160967437957,0.002436,0.342011048916449
2011-02-15,-0.003265,-0.003176,0.001,0,-0.004176,-0.319105414224716,-0.004265,-0.328034169286305
2011-02-16,0.007615,0.006515,0.001,0,0.005515,0.648386916631548,0.006615,0.757615229537457
2011-02-17,0.003924,0.005964,0.001,0,0.004964,0.593628579896805,0.002924,0.390632124320326
2011-02-18,0.001148,0.001138,0.001,0,0.000138,0.112735301883412,0.000148,0.113734160188378
2011-02-22,-0.021275,-0.02156,0.001,0,-0.02256,-2.18058123204577,-0.022275,-2.15145747375105
2011-02-23,-0.006791,-0.009394,0.001,0,-0.010394,-0.944840186115242,-0.007791,-0.68241637201728
2011-02-24,-5.4e-05,0.003199,0.001,0,0.002199,0.318389413581471,-0.001054,-0.00640014080528234
2011-02-25,0.01301,0.015909,0.001,0,0.014909,1.5773778265799,0.01201,1.29160969361333
2011-02-28,0.005331,0.002657,0.001,0,0.001657,0.264347646556223,0.004331,0.530684056999903
2011-03-01,-0.015206,-0.011753,0,0,-0.011753,-1.18226124790619,-0.015206,-1.53227967380894
2011-03-02,0.002817,0.00305,0,0,0.00305,0.304535818596019,0.002817,0.281303969121657
2011-03-03,0.016373,0.01397,0,0,0.01397,1.38733189325065,0.016373,1.62404077662873
2011-03-04,-0.006097,-0.003432,0,0,-0.003432,-0.343790282152535,-0.006097,-0.611566260041746
2011-03-07,-0.00954,-0.010374,0,0,-0.010374,-1.04281850072807,-0.00954,-0.958579730359669
2011-03-08,0.008188,0.009637,0,0,0.009637,0.959086031077965,0.008188,0.815466019524189
2011-03-09,-0.002516,-0.003457,0,0,-0.003457,-0.34629892316664,-0.002516,-0.251917044701294
2011-03-10,-0.019908,-0.020499,0,0,-0.020499,-2.07120206690173,-0.019908,-2.01088341727206
2011-03-11,0.007061,0.002933,0,0,0.002933,0.292870714740935,0.007061,0.703618786999781
2011-03-14,-0.005605,-0.007026,0,0,-0.007026,-0.705079856273346,-0.005605,-0.562076695595995
2011-03-15,-0.011101,-0.011002,0,1,-0.011002,-1.10629696061613,-0.011101,-1.11630759312962
2011-03-16,-0.016819,-0.010082,0,0,-0.010082,-1.01331675667814,-0.016819,-1.69620455712259
2011-03-17,0.01227,0.006948,0,0,0.006948,0.692397387282245,0.01227,1.2195333699877
2011-03-18,0.004793,0.008392,0,0,0.008392,0.835698294038058,0.004793,0.478155014702103
2011-03-21,0.016583,0.016409,0,0,0.016409,1.62758272062507,0.016583,1.64470034828173
2011-03-22,-0.003333,-0.001258,0,0,-0.001258,-0.12587919462486,-0.003333,-0.333856681741003
2011-03-23,0.002814,0.003002,0,0,0.003002,0.299750299575659,0.002814,0.281004811400221
2011-03-24,0.00868,0.005828,0,0,0.005828,0.581108290473084,0.00868,0.864254538134164
2011-03-25,0.003216,0.004452,0,0,0.004452,0.444211916346852,0.003216,0.321083973265322
2011-03-28,-0.003351,-0.00172,0,0,-0.00172,-0.172148089834038,-0.003351,-0.3356627175126
2011-03-29,0.007263,0.005859,0,0,0.005859,0.584190280862488,0.007263,0.723675143442651
2011-03-30,0.008237,0.008015,0,0,0.008015,0.798305049083755,0.008237,0.820326106064442
